ESBMC version 8.2.0 64-bit x86_64 linux
Target: 64-bit little-endian x86_64-unknown-linux with esbmclibc
Warning: SPDX license identifier not provided in source file. Before publishing, consider adding a comment containing "SPDX-License-Identifier: <SPDX-License>" to each source file. Use "SPDX-License-Identifier: UNLICENSED" for non-open-source code. Please see https://spdx.org for more information.
--> contract.sol

Warning: Unnamed return variable can remain unassigned. Add an explicit return with value to all non-reverting code paths or name the variable.
   --> contract.sol:790:36:
    |
790 |     function burn() public returns(bool){
    |                                    ^^^^

Warning: Unnamed return variable can remain unassigned. Add an explicit return with value to all non-reverting code paths or name the variable.
   --> contract.sol:811:71:
    |
811 |     function transfer(address to, uint value) public override returns(bool){
    |                                                                       ^^^^

Warning: Unnamed return variable can remain unassigned. Add an explicit return with value to all non-reverting code paths or name the variable.
   --> contract.sol:829:92:
    |
829 |     function transferFrom(address _from, address _to, uint _value) public override returns(bool){
    |                                                                                            ^^^^

TOD harness written to ./tod_balance_claimReward_TOD10_setReward_TOD10_harness.sol
Parsing ./tod_balance_claimReward_TOD10_setReward_TOD10_harness.sol
Compiling Solidity AST using: /usr/local/bin/solc (v0.8.30)
Converting
Generating GOTO Program
GOTO program creation time: 5.138s
GOTO program processing time: 0.040s
Starting Bounded Model Checking
Unwinding loop 37 iteration 1   file /home/samson/workspace/esbmc/src/c2goto/library/solidity/solidity_string.c line 206 column 5 function _str_assign
Unwinding loop 37 iteration 2   file /home/samson/workspace/esbmc/src/c2goto/library/solidity/solidity_string.c line 206 column 5 function _str_assign
Not unwinding loop 37 iteration 3   file /home/samson/workspace/esbmc/src/c2goto/library/solidity/solidity_string.c line 206 column 5 function _str_assign
Unwinding loop 37 iteration 1   file /home/samson/workspace/esbmc/src/c2goto/library/solidity/solidity_string.c line 206 column 5 function _str_assign
Unwinding loop 37 iteration 2   file /home/samson/workspace/esbmc/src/c2goto/library/solidity/solidity_string.c line 206 column 5 function _str_assign
Not unwinding loop 37 iteration 3   file /home/samson/workspace/esbmc/src/c2goto/library/solidity/solidity_string.c line 206 column 5 function _str_assign
Unwinding loop 47 iteration 1   file /home/samson/workspace/esbmc/src/c2goto/library/solidity/solidity_mapping.c line 27 column 3 function map_get_raw
Unwinding loop 47 iteration 2   file /home/samson/workspace/esbmc/src/c2goto/library/solidity/solidity_mapping.c line 27 column 3 function map_get_raw
Not unwinding loop 47 iteration 3   file /home/samson/workspace/esbmc/src/c2goto/library/solidity/solidity_mapping.c line 27 column 3 function map_get_raw
Unwinding loop 37 iteration 1   file /home/samson/workspace/esbmc/src/c2goto/library/solidity/solidity_string.c line 206 column 5 function _str_assign
Unwinding loop 37 iteration 2   file /home/samson/workspace/esbmc/src/c2goto/library/solidity/solidity_string.c line 206 column 5 function _str_assign
Not unwinding loop 37 iteration 3   file /home/samson/workspace/esbmc/src/c2goto/library/solidity/solidity_string.c line 206 column 5 function _str_assign
Unwinding loop 37 iteration 1   file /home/samson/workspace/esbmc/src/c2goto/library/solidity/solidity_string.c line 206 column 5 function _str_assign
Unwinding loop 37 iteration 2   file /home/samson/workspace/esbmc/src/c2goto/library/solidity/solidity_string.c line 206 column 5 function _str_assign
Not unwinding loop 37 iteration 3   file /home/samson/workspace/esbmc/src/c2goto/library/solidity/solidity_string.c line 206 column 5 function _str_assign
Unwinding loop 47 iteration 1   file /home/samson/workspace/esbmc/src/c2goto/library/solidity/solidity_mapping.c line 27 column 3 function map_get_raw
Unwinding loop 47 iteration 2   file /home/samson/workspace/esbmc/src/c2goto/library/solidity/solidity_mapping.c line 27 column 3 function map_get_raw
Not unwinding loop 47 iteration 3   file /home/samson/workspace/esbmc/src/c2goto/library/solidity/solidity_mapping.c line 27 column 3 function map_get_raw
Unwinding loop 37 iteration 1   file /home/samson/workspace/esbmc/src/c2goto/library/solidity/solidity_string.c line 206 column 5 function _str_assign
Unwinding loop 37 iteration 2   file /home/samson/workspace/esbmc/src/c2goto/library/solidity/solidity_string.c line 206 column 5 function _str_assign
Not unwinding loop 37 iteration 3   file /home/samson/workspace/esbmc/src/c2goto/library/solidity/solidity_string.c line 206 column 5 function _str_assign
Unwinding loop 38 iteration 1   file /home/samson/workspace/esbmc/src/c2goto/library/solidity/solidity_string.c line 209 column 5 function _str_assign
Unwinding loop 38 iteration 2   file /home/samson/workspace/esbmc/src/c2goto/library/solidity/solidity_string.c line 209 column 5 function _str_assign
Not unwinding loop 38 iteration 3   file /home/samson/workspace/esbmc/src/c2goto/library/solidity/solidity_string.c line 209 column 5 function _str_assign
Unwinding loop 37 iteration 1   file /home/samson/workspace/esbmc/src/c2goto/library/solidity/solidity_string.c line 206 column 5 function _str_assign
Unwinding loop 37 iteration 2   file /home/samson/workspace/esbmc/src/c2goto/library/solidity/solidity_string.c line 206 column 5 function _str_assign
Not unwinding loop 37 iteration 3   file /home/samson/workspace/esbmc/src/c2goto/library/solidity/solidity_string.c line 206 column 5 function _str_assign
Unwinding loop 38 iteration 1   file /home/samson/workspace/esbmc/src/c2goto/library/solidity/solidity_string.c line 209 column 5 function _str_assign
Unwinding loop 38 iteration 2   file /home/samson/workspace/esbmc/src/c2goto/library/solidity/solidity_string.c line 209 column 5 function _str_assign
Not unwinding loop 38 iteration 3   file /home/samson/workspace/esbmc/src/c2goto/library/solidity/solidity_string.c line 209 column 5 function _str_assign
Unwinding loop 37 iteration 1   file /home/samson/workspace/esbmc/src/c2goto/library/solidity/solidity_string.c line 206 column 5 function _str_assign
Unwinding loop 37 iteration 2   file /home/samson/workspace/esbmc/src/c2goto/library/solidity/solidity_string.c line 206 column 5 function _str_assign
Not unwinding loop 37 iteration 3   file /home/samson/workspace/esbmc/src/c2goto/library/solidity/solidity_string.c line 206 column 5 function _str_assign
Unwinding loop 37 iteration 1   file /home/samson/workspace/esbmc/src/c2goto/library/solidity/solidity_string.c line 206 column 5 function _str_assign
Unwinding loop 37 iteration 2   file /home/samson/workspace/esbmc/src/c2goto/library/solidity/solidity_string.c line 206 column 5 function _str_assign
Not unwinding loop 37 iteration 3   file /home/samson/workspace/esbmc/src/c2goto/library/solidity/solidity_string.c line 206 column 5 function _str_assign
Unwinding loop 47 iteration 1   file /home/samson/workspace/esbmc/src/c2goto/library/solidity/solidity_mapping.c line 27 column 3 function map_get_raw
Unwinding loop 47 iteration 2   file /home/samson/workspace/esbmc/src/c2goto/library/solidity/solidity_mapping.c line 27 column 3 function map_get_raw
Not unwinding loop 47 iteration 3   file /home/samson/workspace/esbmc/src/c2goto/library/solidity/solidity_mapping.c line 27 column 3 function map_get_raw
Unwinding loop 37 iteration 1   file /home/samson/workspace/esbmc/src/c2goto/library/solidity/solidity_string.c line 206 column 5 function _str_assign
Unwinding loop 37 iteration 2   file /home/samson/workspace/esbmc/src/c2goto/library/solidity/solidity_string.c line 206 column 5 function _str_assign
Not unwinding loop 37 iteration 3   file /home/samson/workspace/esbmc/src/c2goto/library/solidity/solidity_string.c line 206 column 5 function _str_assign
Unwinding loop 38 iteration 1   file /home/samson/workspace/esbmc/src/c2goto/library/solidity/solidity_string.c line 209 column 5 function _str_assign
Unwinding loop 38 iteration 2   file /home/samson/workspace/esbmc/src/c2goto/library/solidity/solidity_string.c line 209 column 5 function _str_assign
Not unwinding loop 38 iteration 3   file /home/samson/workspace/esbmc/src/c2goto/library/solidity/solidity_string.c line 209 column 5 function _str_assign
Unwinding loop 37 iteration 1   file /home/samson/workspace/esbmc/src/c2goto/library/solidity/solidity_string.c line 206 column 5 function _str_assign
Unwinding loop 37 iteration 2   file /home/samson/workspace/esbmc/src/c2goto/library/solidity/solidity_string.c line 206 column 5 function _str_assign
Not unwinding loop 37 iteration 3   file /home/samson/workspace/esbmc/src/c2goto/library/solidity/solidity_string.c line 206 column 5 function _str_assign
Unwinding loop 38 iteration 1   file /home/samson/workspace/esbmc/src/c2goto/library/solidity/solidity_string.c line 209 column 5 function _str_assign
Unwinding loop 38 iteration 2   file /home/samson/workspace/esbmc/src/c2goto/library/solidity/solidity_string.c line 209 column 5 function _str_assign
Not unwinding loop 38 iteration 3   file /home/samson/workspace/esbmc/src/c2goto/library/solidity/solidity_string.c line 209 column 5 function _str_assign
Unwinding loop 37 iteration 1   file /home/samson/workspace/esbmc/src/c2goto/library/solidity/solidity_string.c line 206 column 5 function _str_assign
Unwinding loop 37 iteration 2   file /home/samson/workspace/esbmc/src/c2goto/library/solidity/solidity_string.c line 206 column 5 function _str_assign
Not unwinding loop 37 iteration 3   file /home/samson/workspace/esbmc/src/c2goto/library/solidity/solidity_string.c line 206 column 5 function _str_assign
Unwinding loop 37 iteration 1   file /home/samson/workspace/esbmc/src/c2goto/library/solidity/solidity_string.c line 206 column 5 function _str_assign
Unwinding loop 37 iteration 2   file /home/samson/workspace/esbmc/src/c2goto/library/solidity/solidity_string.c line 206 column 5 function _str_assign
Not unwinding loop 37 iteration 3   file /home/samson/workspace/esbmc/src/c2goto/library/solidity/solidity_string.c line 206 column 5 function _str_assign
Unwinding loop 47 iteration 1   file /home/samson/workspace/esbmc/src/c2goto/library/solidity/solidity_mapping.c line 27 column 3 function map_get_raw
Unwinding loop 47 iteration 2   file /home/samson/workspace/esbmc/src/c2goto/library/solidity/solidity_mapping.c line 27 column 3 function map_get_raw
Not unwinding loop 47 iteration 3   file /home/samson/workspace/esbmc/src/c2goto/library/solidity/solidity_mapping.c line 27 column 3 function map_get_raw
Unwinding loop 37 iteration 1   file /home/samson/workspace/esbmc/src/c2goto/library/solidity/solidity_string.c line 206 column 5 function _str_assign
Unwinding loop 37 iteration 2   file /home/samson/workspace/esbmc/src/c2goto/library/solidity/solidity_string.c line 206 column 5 function _str_assign
Not unwinding loop 37 iteration 3   file /home/samson/workspace/esbmc/src/c2goto/library/solidity/solidity_string.c line 206 column 5 function _str_assign
Unwinding loop 38 iteration 1   file /home/samson/workspace/esbmc/src/c2goto/library/solidity/solidity_string.c line 209 column 5 function _str_assign
Unwinding loop 38 iteration 2   file /home/samson/workspace/esbmc/src/c2goto/library/solidity/solidity_string.c line 209 column 5 function _str_assign
Not unwinding loop 38 iteration 3   file /home/samson/workspace/esbmc/src/c2goto/library/solidity/solidity_string.c line 209 column 5 function _str_assign
Unwinding loop 37 iteration 1   file /home/samson/workspace/esbmc/src/c2goto/library/solidity/solidity_string.c line 206 column 5 function _str_assign
Unwinding loop 37 iteration 2   file /home/samson/workspace/esbmc/src/c2goto/library/solidity/solidity_string.c line 206 column 5 function _str_assign
Not unwinding loop 37 iteration 3   file /home/samson/workspace/esbmc/src/c2goto/library/solidity/solidity_string.c line 206 column 5 function _str_assign
Unwinding loop 38 iteration 1   file /home/samson/workspace/esbmc/src/c2goto/library/solidity/solidity_string.c line 209 column 5 function _str_assign
Unwinding loop 38 iteration 2   file /home/samson/workspace/esbmc/src/c2goto/library/solidity/solidity_string.c line 209 column 5 function _str_assign
Not unwinding loop 38 iteration 3   file /home/samson/workspace/esbmc/src/c2goto/library/solidity/solidity_string.c line 209 column 5 function _str_assign
Unwinding loop 37 iteration 1   file /home/samson/workspace/esbmc/src/c2goto/library/solidity/solidity_string.c line 206 column 5 function _str_assign
Unwinding loop 37 iteration 2   file /home/samson/workspace/esbmc/src/c2goto/library/solidity/solidity_string.c line 206 column 5 function _str_assign
Not unwinding loop 37 iteration 3   file /home/samson/workspace/esbmc/src/c2goto/library/solidity/solidity_string.c line 206 column 5 function _str_assign
Unwinding loop 37 iteration 1   file /home/samson/workspace/esbmc/src/c2goto/library/solidity/solidity_string.c line 206 column 5 function _str_assign
Unwinding loop 37 iteration 2   file /home/samson/workspace/esbmc/src/c2goto/library/solidity/solidity_string.c line 206 column 5 function _str_assign
Not unwinding loop 37 iteration 3   file /home/samson/workspace/esbmc/src/c2goto/library/solidity/solidity_string.c line 206 column 5 function _str_assign
Unwinding loop 47 iteration 1   file /home/samson/workspace/esbmc/src/c2goto/library/solidity/solidity_mapping.c line 27 column 3 function map_get_raw
Unwinding loop 47 iteration 2   file /home/samson/workspace/esbmc/src/c2goto/library/solidity/solidity_mapping.c line 27 column 3 function map_get_raw
Not unwinding loop 47 iteration 3   file /home/samson/workspace/esbmc/src/c2goto/library/solidity/solidity_mapping.c line 27 column 3 function map_get_raw
Unwinding loop 37 iteration 1   file /home/samson/workspace/esbmc/src/c2goto/library/solidity/solidity_string.c line 206 column 5 function _str_assign
Unwinding loop 37 iteration 2   file /home/samson/workspace/esbmc/src/c2goto/library/solidity/solidity_string.c line 206 column 5 function _str_assign
Not unwinding loop 37 iteration 3   file /home/samson/workspace/esbmc/src/c2goto/library/solidity/solidity_string.c line 206 column 5 function _str_assign
Unwinding loop 38 iteration 1   file /home/samson/workspace/esbmc/src/c2goto/library/solidity/solidity_string.c line 209 column 5 function _str_assign
Unwinding loop 38 iteration 2   file /home/samson/workspace/esbmc/src/c2goto/library/solidity/solidity_string.c line 209 column 5 function _str_assign
Not unwinding loop 38 iteration 3   file /home/samson/workspace/esbmc/src/c2goto/library/solidity/solidity_string.c line 209 column 5 function _str_assign
Unwinding loop 37 iteration 1   file /home/samson/workspace/esbmc/src/c2goto/library/solidity/solidity_string.c line 206 column 5 function _str_assign
Unwinding loop 37 iteration 2   file /home/samson/workspace/esbmc/src/c2goto/library/solidity/solidity_string.c line 206 column 5 function _str_assign
Not unwinding loop 37 iteration 3   file /home/samson/workspace/esbmc/src/c2goto/library/solidity/solidity_string.c line 206 column 5 function _str_assign
Unwinding loop 38 iteration 1   file /home/samson/workspace/esbmc/src/c2goto/library/solidity/solidity_string.c line 209 column 5 function _str_assign
Unwinding loop 38 iteration 2   file /home/samson/workspace/esbmc/src/c2goto/library/solidity/solidity_string.c line 209 column 5 function _str_assign
Not unwinding loop 38 iteration 3   file /home/samson/workspace/esbmc/src/c2goto/library/solidity/solidity_string.c line 209 column 5 function _str_assign
Unwinding loop 47 iteration 1   file /home/samson/workspace/esbmc/src/c2goto/library/solidity/solidity_mapping.c line 27 column 3 function map_get_raw
Unwinding loop 47 iteration 2   file /home/samson/workspace/esbmc/src/c2goto/library/solidity/solidity_mapping.c line 27 column 3 function map_get_raw
Not unwinding loop 47 iteration 3   file /home/samson/workspace/esbmc/src/c2goto/library/solidity/solidity_mapping.c line 27 column 3 function map_get_raw
Unwinding loop 47 iteration 1   file /home/samson/workspace/esbmc/src/c2goto/library/solidity/solidity_mapping.c line 27 column 3 function map_get_raw
Unwinding loop 47 iteration 2   file /home/samson/workspace/esbmc/src/c2goto/library/solidity/solidity_mapping.c line 27 column 3 function map_get_raw
Not unwinding loop 47 iteration 3   file /home/samson/workspace/esbmc/src/c2goto/library/solidity/solidity_mapping.c line 27 column 3 function map_get_raw
Unwinding recursion receive iteration 1 (3 max)
Unwinding recursion invest iteration 1 (3 max)
Unwinding loop 47 iteration 1   file /home/samson/workspace/esbmc/src/c2goto/library/solidity/solidity_mapping.c line 27 column 3 function map_get_raw
Unwinding loop 47 iteration 2   file /home/samson/workspace/esbmc/src/c2goto/library/solidity/solidity_mapping.c line 27 column 3 function map_get_raw
Not unwinding loop 47 iteration 3   file /home/samson/workspace/esbmc/src/c2goto/library/solidity/solidity_mapping.c line 27 column 3 function map_get_raw
Unwinding loop 47 iteration 1   file /home/samson/workspace/esbmc/src/c2goto/library/solidity/solidity_mapping.c line 27 column 3 function map_get_raw
Unwinding loop 47 iteration 2   file /home/samson/workspace/esbmc/src/c2goto/library/solidity/solidity_mapping.c line 27 column 3 function map_get_raw
Not unwinding loop 47 iteration 3   file /home/samson/workspace/esbmc/src/c2goto/library/solidity/solidity_mapping.c line 27 column 3 function map_get_raw
Unwinding recursion transfer iteration 1 (3 max)
Unwinding recursion receive iteration 2 (3 max)
Unwinding recursion invest iteration 2 (3 max)
Unwinding loop 47 iteration 1   file /home/samson/workspace/esbmc/src/c2goto/library/solidity/solidity_mapping.c line 27 column 3 function map_get_raw
Unwinding loop 47 iteration 2   file /home/samson/workspace/esbmc/src/c2goto/library/solidity/solidity_mapping.c line 27 column 3 function map_get_raw
Not unwinding loop 47 iteration 3   file /home/samson/workspace/esbmc/src/c2goto/library/solidity/solidity_mapping.c line 27 column 3 function map_get_raw
Unwinding loop 47 iteration 1   file /home/samson/workspace/esbmc/src/c2goto/library/solidity/solidity_mapping.c line 27 column 3 function map_get_raw
Unwinding loop 47 iteration 2   file /home/samson/workspace/esbmc/src/c2goto/library/solidity/solidity_mapping.c line 27 column 3 function map_get_raw
Not unwinding loop 47 iteration 3   file /home/samson/workspace/esbmc/src/c2goto/library/solidity/solidity_mapping.c line 27 column 3 function map_get_raw
Unwinding recursion transfer iteration 2 (3 max)
Unwinding recursion receive iteration 3 (3 max)
Unwinding loop 47 iteration 1   file /home/samson/workspace/esbmc/src/c2goto/library/solidity/solidity_mapping.c line 27 column 3 function map_get_raw
Unwinding loop 47 iteration 2   file /home/samson/workspace/esbmc/src/c2goto/library/solidity/solidity_mapping.c line 27 column 3 function map_get_raw
Not unwinding loop 47 iteration 3   file /home/samson/workspace/esbmc/src/c2goto/library/solidity/solidity_mapping.c line 27 column 3 function map_get_raw
Unwinding loop 47 iteration 1   file /home/samson/workspace/esbmc/src/c2goto/library/solidity/solidity_mapping.c line 27 column 3 function map_get_raw
Unwinding loop 47 iteration 2   file /home/samson/workspace/esbmc/src/c2goto/library/solidity/solidity_mapping.c line 27 column 3 function map_get_raw
Not unwinding loop 47 iteration 3   file /home/samson/workspace/esbmc/src/c2goto/library/solidity/solidity_mapping.c line 27 column 3 function map_get_raw
Unwinding recursion transfer iteration 1 (3 max)
Unwinding recursion receive iteration 3 (3 max)
Unwinding recursion receive iteration 1 (3 max)
Unwinding recursion invest iteration 1 (3 max)
Unwinding loop 47 iteration 1   file /home/samson/workspace/esbmc/src/c2goto/library/solidity/solidity_mapping.c line 27 column 3 function map_get_raw
Unwinding loop 47 iteration 2   file /home/samson/workspace/esbmc/src/c2goto/library/solidity/solidity_mapping.c line 27 column 3 function map_get_raw
Not unwinding loop 47 iteration 3   file /home/samson/workspace/esbmc/src/c2goto/library/solidity/solidity_mapping.c line 27 column 3 function map_get_raw
Unwinding loop 47 iteration 1   file /home/samson/workspace/esbmc/src/c2goto/library/solidity/solidity_mapping.c line 27 column 3 function map_get_raw
Unwinding loop 47 iteration 2   file /home/samson/workspace/esbmc/src/c2goto/library/solidity/solidity_mapping.c line 27 column 3 function map_get_raw
Not unwinding loop 47 iteration 3   file /home/samson/workspace/esbmc/src/c2goto/library/solidity/solidity_mapping.c line 27 column 3 function map_get_raw
Unwinding recursion transfer iteration 2 (3 max)
Unwinding recursion receive iteration 3 (3 max)
Unwinding recursion receive iteration 2 (3 max)
Unwinding recursion invest iteration 2 (3 max)
Unwinding loop 47 iteration 1   file /home/samson/workspace/esbmc/src/c2goto/library/solidity/solidity_mapping.c line 27 column 3 function map_get_raw
Unwinding loop 47 iteration 2   file /home/samson/workspace/esbmc/src/c2goto/library/solidity/solidity_mapping.c line 27 column 3 function map_get_raw
Not unwinding loop 47 iteration 3   file /home/samson/workspace/esbmc/src/c2goto/library/solidity/solidity_mapping.c line 27 column 3 function map_get_raw
Unwinding loop 47 iteration 1   file /home/samson/workspace/esbmc/src/c2goto/library/solidity/solidity_mapping.c line 27 column 3 function map_get_raw
Unwinding loop 47 iteration 2   file /home/samson/workspace/esbmc/src/c2goto/library/solidity/solidity_mapping.c line 27 column 3 function map_get_raw
Not unwinding loop 47 iteration 3   file /home/samson/workspace/esbmc/src/c2goto/library/solidity/solidity_mapping.c line 27 column 3 function map_get_raw
Unwinding recursion transfer iteration 3 (3 max)
Unwinding loop 47 iteration 1   file /home/samson/workspace/esbmc/src/c2goto/library/solidity/solidity_mapping.c line 27 column 3 function map_get_raw
Unwinding loop 47 iteration 2   file /home/samson/workspace/esbmc/src/c2goto/library/solidity/solidity_mapping.c line 27 column 3 function map_get_raw
Not unwinding loop 47 iteration 3   file /home/samson/workspace/esbmc/src/c2goto/library/solidity/solidity_mapping.c line 27 column 3 function map_get_raw
Unwinding loop 47 iteration 1   file /home/samson/workspace/esbmc/src/c2goto/library/solidity/solidity_mapping.c line 27 column 3 function map_get_raw
Unwinding loop 47 iteration 2   file /home/samson/workspace/esbmc/src/c2goto/library/solidity/solidity_mapping.c line 27 column 3 function map_get_raw
Not unwinding loop 47 iteration 3   file /home/samson/workspace/esbmc/src/c2goto/library/solidity/solidity_mapping.c line 27 column 3 function map_get_raw
Unwinding recursion transfer iteration 1 (3 max)
Unwinding recursion receive iteration 2 (3 max)
Unwinding recursion invest iteration 2 (3 max)
Unwinding loop 47 iteration 1   file /home/samson/workspace/esbmc/src/c2goto/library/solidity/solidity_mapping.c line 27 column 3 function map_get_raw
Unwinding loop 47 iteration 2   file /home/samson/workspace/esbmc/src/c2goto/library/solidity/solidity_mapping.c line 27 column 3 function map_get_raw
Not unwinding loop 47 iteration 3   file /home/samson/workspace/esbmc/src/c2goto/library/solidity/solidity_mapping.c line 27 column 3 function map_get_raw
Unwinding loop 47 iteration 1   file /home/samson/workspace/esbmc/src/c2goto/library/solidity/solidity_mapping.c line 27 column 3 function map_get_raw
Unwinding loop 47 iteration 2   file /home/samson/workspace/esbmc/src/c2goto/library/solidity/solidity_mapping.c line 27 column 3 function map_get_raw
Not unwinding loop 47 iteration 3   file /home/samson/workspace/esbmc/src/c2goto/library/solidity/solidity_mapping.c line 27 column 3 function map_get_raw
Unwinding recursion transfer iteration 2 (3 max)
Unwinding recursion receive iteration 3 (3 max)
Unwinding recursion receive iteration 1 (3 max)
Unwinding recursion invest iteration 1 (3 max)
Unwinding loop 47 iteration 1   file /home/samson/workspace/esbmc/src/c2goto/library/solidity/solidity_mapping.c line 27 column 3 function map_get_raw
Unwinding loop 47 iteration 2   file /home/samson/workspace/esbmc/src/c2goto/library/solidity/solidity_mapping.c line 27 column 3 function map_get_raw
Not unwinding loop 47 iteration 3   file /home/samson/workspace/esbmc/src/c2goto/library/solidity/solidity_mapping.c line 27 column 3 function map_get_raw
Unwinding loop 47 iteration 1   file /home/samson/workspace/esbmc/src/c2goto/library/solidity/solidity_mapping.c line 27 column 3 function map_get_raw
Unwinding loop 47 iteration 2   file /home/samson/workspace/esbmc/src/c2goto/library/solidity/solidity_mapping.c line 27 column 3 function map_get_raw
Not unwinding loop 47 iteration 3   file /home/samson/workspace/esbmc/src/c2goto/library/solidity/solidity_mapping.c line 27 column 3 function map_get_raw
Unwinding recursion transfer iteration 2 (3 max)
Unwinding recursion receive iteration 3 (3 max)
Unwinding recursion receive iteration 2 (3 max)
Unwinding recursion invest iteration 2 (3 max)
Unwinding loop 47 iteration 1   file /home/samson/workspace/esbmc/src/c2goto/library/solidity/solidity_mapping.c line 27 column 3 function map_get_raw
Unwinding loop 47 iteration 2   file /home/samson/workspace/esbmc/src/c2goto/library/solidity/solidity_mapping.c line 27 column 3 function map_get_raw
Not unwinding loop 47 iteration 3   file /home/samson/workspace/esbmc/src/c2goto/library/solidity/solidity_mapping.c line 27 column 3 function map_get_raw
Unwinding loop 47 iteration 1   file /home/samson/workspace/esbmc/src/c2goto/library/solidity/solidity_mapping.c line 27 column 3 function map_get_raw
Unwinding loop 47 iteration 2   file /home/samson/workspace/esbmc/src/c2goto/library/solidity/solidity_mapping.c line 27 column 3 function map_get_raw
Not unwinding loop 47 iteration 3   file /home/samson/workspace/esbmc/src/c2goto/library/solidity/solidity_mapping.c line 27 column 3 function map_get_raw
Unwinding recursion transfer iteration 3 (3 max)
Unwinding recursion receive iteration 1 (3 max)
Unwinding recursion invest iteration 1 (3 max)
Unwinding loop 47 iteration 1   file /home/samson/workspace/esbmc/src/c2goto/library/solidity/solidity_mapping.c line 27 column 3 function map_get_raw
Unwinding loop 47 iteration 2   file /home/samson/workspace/esbmc/src/c2goto/library/solidity/solidity_mapping.c line 27 column 3 function map_get_raw
Not unwinding loop 47 iteration 3   file /home/samson/workspace/esbmc/src/c2goto/library/solidity/solidity_mapping.c line 27 column 3 function map_get_raw
Unwinding loop 47 iteration 1   file /home/samson/workspace/esbmc/src/c2goto/library/solidity/solidity_mapping.c line 27 column 3 function map_get_raw
Unwinding loop 47 iteration 2   file /home/samson/workspace/esbmc/src/c2goto/library/solidity/solidity_mapping.c line 27 column 3 function map_get_raw
Not unwinding loop 47 iteration 3   file /home/samson/workspace/esbmc/src/c2goto/library/solidity/solidity_mapping.c line 27 column 3 function map_get_raw
Unwinding recursion transfer iteration 2 (3 max)
Unwinding recursion receive iteration 2 (3 max)
Unwinding recursion invest iteration 2 (3 max)
Unwinding loop 47 iteration 1   file /home/samson/workspace/esbmc/src/c2goto/library/solidity/solidity_mapping.c line 27 column 3 function map_get_raw
Unwinding loop 47 iteration 2   file /home/samson/workspace/esbmc/src/c2goto/library/solidity/solidity_mapping.c line 27 column 3 function map_get_raw
Not unwinding loop 47 iteration 3   file /home/samson/workspace/esbmc/src/c2goto/library/solidity/solidity_mapping.c line 27 column 3 function map_get_raw
Unwinding loop 47 iteration 1   file /home/samson/workspace/esbmc/src/c2goto/library/solidity/solidity_mapping.c line 27 column 3 function map_get_raw
Unwinding loop 47 iteration 2   file /home/samson/workspace/esbmc/src/c2goto/library/solidity/solidity_mapping.c line 27 column 3 function map_get_raw
Not unwinding loop 47 iteration 3   file /home/samson/workspace/esbmc/src/c2goto/library/solidity/solidity_mapping.c line 27 column 3 function map_get_raw
Unwinding recursion transfer iteration 2 (3 max)
Unwinding recursion receive iteration 3 (3 max)
Unwinding recursion receive iteration 2 (3 max)
Unwinding recursion invest iteration 2 (3 max)
Unwinding loop 47 iteration 1   file /home/samson/workspace/esbmc/src/c2goto/library/solidity/solidity_mapping.c line 27 column 3 function map_get_raw
Unwinding loop 47 iteration 2   file /home/samson/workspace/esbmc/src/c2goto/library/solidity/solidity_mapping.c line 27 column 3 function map_get_raw
Not unwinding loop 47 iteration 3   file /home/samson/workspace/esbmc/src/c2goto/library/solidity/solidity_mapping.c line 27 column 3 function map_get_raw
Unwinding loop 47 iteration 1   file /home/samson/workspace/esbmc/src/c2goto/library/solidity/solidity_mapping.c line 27 column 3 function map_get_raw
Unwinding loop 47 iteration 2   file /home/samson/workspace/esbmc/src/c2goto/library/solidity/solidity_mapping.c line 27 column 3 function map_get_raw
Not unwinding loop 47 iteration 3   file /home/samson/workspace/esbmc/src/c2goto/library/solidity/solidity_mapping.c line 27 column 3 function map_get_raw
Unwinding recursion transfer iteration 3 (3 max)
Unwinding recursion receive iteration 2 (3 max)
Unwinding recursion invest iteration 2 (3 max)
Unwinding loop 47 iteration 1   file /home/samson/workspace/esbmc/src/c2goto/library/solidity/solidity_mapping.c line 27 column 3 function map_get_raw
Unwinding loop 47 iteration 2   file /home/samson/workspace/esbmc/src/c2goto/library/solidity/solidity_mapping.c line 27 column 3 function map_get_raw
Not unwinding loop 47 iteration 3   file /home/samson/workspace/esbmc/src/c2goto/library/solidity/solidity_mapping.c line 27 column 3 function map_get_raw
Unwinding loop 47 iteration 1   file /home/samson/workspace/esbmc/src/c2goto/library/solidity/solidity_mapping.c line 27 column 3 function map_get_raw
Unwinding loop 47 iteration 2   file /home/samson/workspace/esbmc/src/c2goto/library/solidity/solidity_mapping.c line 27 column 3 function map_get_raw
Not unwinding loop 47 iteration 3   file /home/samson/workspace/esbmc/src/c2goto/library/solidity/solidity_mapping.c line 27 column 3 function map_get_raw
Unwinding recursion transfer iteration 3 (3 max)
Unwinding loop 47 iteration 1   file /home/samson/workspace/esbmc/src/c2goto/library/solidity/solidity_mapping.c line 27 column 3 function map_get_raw
Unwinding loop 47 iteration 2   file /home/samson/workspace/esbmc/src/c2goto/library/solidity/solidity_mapping.c line 27 column 3 function map_get_raw
Not unwinding loop 47 iteration 3   file /home/samson/workspace/esbmc/src/c2goto/library/solidity/solidity_mapping.c line 27 column 3 function map_get_raw
Unwinding loop 47 iteration 1   file /home/samson/workspace/esbmc/src/c2goto/library/solidity/solidity_mapping.c line 27 column 3 function map_get_raw
Unwinding loop 47 iteration 2   file /home/samson/workspace/esbmc/src/c2goto/library/solidity/solidity_mapping.c line 27 column 3 function map_get_raw
Not unwinding loop 47 iteration 3   file /home/samson/workspace/esbmc/src/c2goto/library/solidity/solidity_mapping.c line 27 column 3 function map_get_raw
Unwinding recursion transfer iteration 1 (3 max)
Unwinding recursion receive iteration 1 (3 max)
Unwinding recursion invest iteration 1 (3 max)
Unwinding loop 47 iteration 1   file /home/samson/workspace/esbmc/src/c2goto/library/solidity/solidity_mapping.c line 27 column 3 function map_get_raw
Unwinding loop 47 iteration 2   file /home/samson/workspace/esbmc/src/c2goto/library/solidity/solidity_mapping.c line 27 column 3 function map_get_raw
Not unwinding loop 47 iteration 3   file /home/samson/workspace/esbmc/src/c2goto/library/solidity/solidity_mapping.c line 27 column 3 function map_get_raw
Unwinding loop 47 iteration 1   file /home/samson/workspace/esbmc/src/c2goto/library/solidity/solidity_mapping.c line 27 column 3 function map_get_raw
Unwinding loop 47 iteration 2   file /home/samson/workspace/esbmc/src/c2goto/library/solidity/solidity_mapping.c line 27 column 3 function map_get_raw
Not unwinding loop 47 iteration 3   file /home/samson/workspace/esbmc/src/c2goto/library/solidity/solidity_mapping.c line 27 column 3 function map_get_raw
Unwinding recursion transfer iteration 1 (3 max)
Unwinding recursion receive iteration 2 (3 max)
Unwinding recursion invest iteration 2 (3 max)
Unwinding loop 47 iteration 1   file /home/samson/workspace/esbmc/src/c2goto/library/solidity/solidity_mapping.c line 27 column 3 function map_get_raw
Unwinding loop 47 iteration 2   file /home/samson/workspace/esbmc/src/c2goto/library/solidity/solidity_mapping.c line 27 column 3 function map_get_raw
Not unwinding loop 47 iteration 3   file /home/samson/workspace/esbmc/src/c2goto/library/solidity/solidity_mapping.c line 27 column 3 function map_get_raw
Unwinding loop 47 iteration 1   file /home/samson/workspace/esbmc/src/c2goto/library/solidity/solidity_mapping.c line 27 column 3 function map_get_raw
Unwinding loop 47 iteration 2   file /home/samson/workspace/esbmc/src/c2goto/library/solidity/solidity_mapping.c line 27 column 3 function map_get_raw
Not unwinding loop 47 iteration 3   file /home/samson/workspace/esbmc/src/c2goto/library/solidity/solidity_mapping.c line 27 column 3 function map_get_raw
Unwinding recursion transfer iteration 2 (3 max)
Unwinding recursion receive iteration 3 (3 max)
Unwinding recursion receive iteration 1 (3 max)
Unwinding recursion invest iteration 1 (3 max)
Unwinding loop 47 iteration 1   file /home/samson/workspace/esbmc/src/c2goto/library/solidity/solidity_mapping.c line 27 column 3 function map_get_raw
Unwinding loop 47 iteration 2   file /home/samson/workspace/esbmc/src/c2goto/library/solidity/solidity_mapping.c line 27 column 3 function map_get_raw
Not unwinding loop 47 iteration 3   file /home/samson/workspace/esbmc/src/c2goto/library/solidity/solidity_mapping.c line 27 column 3 function map_get_raw
Unwinding loop 47 iteration 1   file /home/samson/workspace/esbmc/src/c2goto/library/solidity/solidity_mapping.c line 27 column 3 function map_get_raw
Unwinding loop 47 iteration 2   file /home/samson/workspace/esbmc/src/c2goto/library/solidity/solidity_mapping.c line 27 column 3 function map_get_raw
Not unwinding loop 47 iteration 3   file /home/samson/workspace/esbmc/src/c2goto/library/solidity/solidity_mapping.c line 27 column 3 function map_get_raw
Unwinding recursion transfer iteration 2 (3 max)
Unwinding recursion receive iteration 3 (3 max)
Unwinding recursion receive iteration 2 (3 max)
Unwinding recursion invest iteration 2 (3 max)
Unwinding loop 47 iteration 1   file /home/samson/workspace/esbmc/src/c2goto/library/solidity/solidity_mapping.c line 27 column 3 function map_get_raw
Unwinding loop 47 iteration 2   file /home/samson/workspace/esbmc/src/c2goto/library/solidity/solidity_mapping.c line 27 column 3 function map_get_raw
Not unwinding loop 47 iteration 3   file /home/samson/workspace/esbmc/src/c2goto/library/solidity/solidity_mapping.c line 27 column 3 function map_get_raw
Unwinding loop 47 iteration 1   file /home/samson/workspace/esbmc/src/c2goto/library/solidity/solidity_mapping.c line 27 column 3 function map_get_raw
Unwinding loop 47 iteration 2   file /home/samson/workspace/esbmc/src/c2goto/library/solidity/solidity_mapping.c line 27 column 3 function map_get_raw
Not unwinding loop 47 iteration 3   file /home/samson/workspace/esbmc/src/c2goto/library/solidity/solidity_mapping.c line 27 column 3 function map_get_raw
Unwinding recursion transfer iteration 3 (3 max)
Unwinding recursion receive iteration 1 (3 max)
Unwinding recursion invest iteration 1 (3 max)
Unwinding loop 47 iteration 1   file /home/samson/workspace/esbmc/src/c2goto/library/solidity/solidity_mapping.c line 27 column 3 function map_get_raw
Unwinding loop 47 iteration 2   file /home/samson/workspace/esbmc/src/c2goto/library/solidity/solidity_mapping.c line 27 column 3 function map_get_raw
Not unwinding loop 47 iteration 3   file /home/samson/workspace/esbmc/src/c2goto/library/solidity/solidity_mapping.c line 27 column 3 function map_get_raw
Unwinding loop 47 iteration 1   file /home/samson/workspace/esbmc/src/c2goto/library/solidity/solidity_mapping.c line 27 column 3 function map_get_raw
Unwinding loop 47 iteration 2   file /home/samson/workspace/esbmc/src/c2goto/library/solidity/solidity_mapping.c line 27 column 3 function map_get_raw
Not unwinding loop 47 iteration 3   file /home/samson/workspace/esbmc/src/c2goto/library/solidity/solidity_mapping.c line 27 column 3 function map_get_raw
Unwinding recursion transfer iteration 2 (3 max)
Unwinding recursion receive iteration 2 (3 max)
Unwinding recursion invest iteration 2 (3 max)
Unwinding loop 47 iteration 1   file /home/samson/workspace/esbmc/src/c2goto/library/solidity/solidity_mapping.c line 27 column 3 function map_get_raw
Unwinding loop 47 iteration 2   file /home/samson/workspace/esbmc/src/c2goto/library/solidity/solidity_mapping.c line 27 column 3 function map_get_raw
Not unwinding loop 47 iteration 3   file /home/samson/workspace/esbmc/src/c2goto/library/solidity/solidity_mapping.c line 27 column 3 function map_get_raw
Unwinding loop 47 iteration 1   file /home/samson/workspace/esbmc/src/c2goto/library/solidity/solidity_mapping.c line 27 column 3 function map_get_raw
Unwinding loop 47 iteration 2   file /home/samson/workspace/esbmc/src/c2goto/library/solidity/solidity_mapping.c line 27 column 3 function map_get_raw
Not unwinding loop 47 iteration 3   file /home/samson/workspace/esbmc/src/c2goto/library/solidity/solidity_mapping.c line 27 column 3 function map_get_raw
Unwinding recursion transfer iteration 2 (3 max)
Unwinding recursion receive iteration 3 (3 max)
Unwinding recursion receive iteration 2 (3 max)
Unwinding recursion invest iteration 2 (3 max)
Unwinding loop 47 iteration 1   file /home/samson/workspace/esbmc/src/c2goto/library/solidity/solidity_mapping.c line 27 column 3 function map_get_raw
Unwinding loop 47 iteration 2   file /home/samson/workspace/esbmc/src/c2goto/library/solidity/solidity_mapping.c line 27 column 3 function map_get_raw
Not unwinding loop 47 iteration 3   file /home/samson/workspace/esbmc/src/c2goto/library/solidity/solidity_mapping.c line 27 column 3 function map_get_raw
Unwinding loop 47 iteration 1   file /home/samson/workspace/esbmc/src/c2goto/library/solidity/solidity_mapping.c line 27 column 3 function map_get_raw
Unwinding loop 47 iteration 2   file /home/samson/workspace/esbmc/src/c2goto/library/solidity/solidity_mapping.c line 27 column 3 function map_get_raw
Not unwinding loop 47 iteration 3   file /home/samson/workspace/esbmc/src/c2goto/library/solidity/solidity_mapping.c line 27 column 3 function map_get_raw
Unwinding recursion transfer iteration 3 (3 max)
Unwinding recursion receive iteration 2 (3 max)
Unwinding recursion invest iteration 2 (3 max)
Unwinding loop 47 iteration 1   file /home/samson/workspace/esbmc/src/c2goto/library/solidity/solidity_mapping.c line 27 column 3 function map_get_raw
Unwinding loop 47 iteration 2   file /home/samson/workspace/esbmc/src/c2goto/library/solidity/solidity_mapping.c line 27 column 3 function map_get_raw
Not unwinding loop 47 iteration 3   file /home/samson/workspace/esbmc/src/c2goto/library/solidity/solidity_mapping.c line 27 column 3 function map_get_raw
Unwinding loop 47 iteration 1   file /home/samson/workspace/esbmc/src/c2goto/library/solidity/solidity_mapping.c line 27 column 3 function map_get_raw
Unwinding loop 47 iteration 2   file /home/samson/workspace/esbmc/src/c2goto/library/solidity/solidity_mapping.c line 27 column 3 function map_get_raw
Not unwinding loop 47 iteration 3   file /home/samson/workspace/esbmc/src/c2goto/library/solidity/solidity_mapping.c line 27 column 3 function map_get_raw
Unwinding recursion transfer iteration 3 (3 max)
Unwinding recursion receive iteration 1 (3 max)
Unwinding recursion invest iteration 1 (3 max)
Unwinding loop 47 iteration 1   file /home/samson/workspace/esbmc/src/c2goto/library/solidity/solidity_mapping.c line 27 column 3 function map_get_raw
Unwinding loop 47 iteration 2   file /home/samson/workspace/esbmc/src/c2goto/library/solidity/solidity_mapping.c line 27 column 3 function map_get_raw
Not unwinding loop 47 iteration 3   file /home/samson/workspace/esbmc/src/c2goto/library/solidity/solidity_mapping.c line 27 column 3 function map_get_raw
Unwinding loop 47 iteration 1   file /home/samson/workspace/esbmc/src/c2goto/library/solidity/solidity_mapping.c line 27 column 3 function map_get_raw
Unwinding loop 47 iteration 2   file /home/samson/workspace/esbmc/src/c2goto/library/solidity/solidity_mapping.c line 27 column 3 function map_get_raw
Not unwinding loop 47 iteration 3   file /home/samson/workspace/esbmc/src/c2goto/library/solidity/solidity_mapping.c line 27 column 3 function map_get_raw
Unwinding recursion transfer iteration 2 (3 max)
Unwinding recursion receive iteration 1 (3 max)
Unwinding recursion invest iteration 1 (3 max)
Unwinding loop 47 iteration 1   file /home/samson/workspace/esbmc/src/c2goto/library/solidity/solidity_mapping.c line 27 column 3 function map_get_raw
Unwinding loop 47 iteration 2   file /home/samson/workspace/esbmc/src/c2goto/library/solidity/solidity_mapping.c line 27 column 3 function map_get_raw
Not unwinding loop 47 iteration 3   file /home/samson/workspace/esbmc/src/c2goto/library/solidity/solidity_mapping.c line 27 column 3 function map_get_raw
Unwinding loop 47 iteration 1   file /home/samson/workspace/esbmc/src/c2goto/library/solidity/solidity_mapping.c line 27 column 3 function map_get_raw
Unwinding loop 47 iteration 2   file /home/samson/workspace/esbmc/src/c2goto/library/solidity/solidity_mapping.c line 27 column 3 function map_get_raw
Not unwinding loop 47 iteration 3   file /home/samson/workspace/esbmc/src/c2goto/library/solidity/solidity_mapping.c line 27 column 3 function map_get_raw
Unwinding recursion transfer iteration 1 (3 max)
Unwinding recursion receive iteration 2 (3 max)
Unwinding recursion invest iteration 2 (3 max)
Unwinding loop 47 iteration 1   file /home/samson/workspace/esbmc/src/c2goto/library/solidity/solidity_mapping.c line 27 column 3 function map_get_raw
Unwinding loop 47 iteration 2   file /home/samson/workspace/esbmc/src/c2goto/library/solidity/solidity_mapping.c line 27 column 3 function map_get_raw
Not unwinding loop 47 iteration 3   file /home/samson/workspace/esbmc/src/c2goto/library/solidity/solidity_mapping.c line 27 column 3 function map_get_raw
Unwinding loop 47 iteration 1   file /home/samson/workspace/esbmc/src/c2goto/library/solidity/solidity_mapping.c line 27 column 3 function map_get_raw
Unwinding loop 47 iteration 2   file /home/samson/workspace/esbmc/src/c2goto/library/solidity/solidity_mapping.c line 27 column 3 function map_get_raw
Not unwinding loop 47 iteration 3   file /home/samson/workspace/esbmc/src/c2goto/library/solidity/solidity_mapping.c line 27 column 3 function map_get_raw
Unwinding recursion transfer iteration 2 (3 max)
Unwinding recursion receive iteration 3 (3 max)
Unwinding recursion receive iteration 2 (3 max)
Unwinding recursion invest iteration 2 (3 max)
Unwinding loop 47 iteration 1   file /home/samson/workspace/esbmc/src/c2goto/library/solidity/solidity_mapping.c line 27 column 3 function map_get_raw
Unwinding loop 47 iteration 2   file /home/samson/workspace/esbmc/src/c2goto/library/solidity/solidity_mapping.c line 27 column 3 function map_get_raw
Not unwinding loop 47 iteration 3   file /home/samson/workspace/esbmc/src/c2goto/library/solidity/solidity_mapping.c line 27 column 3 function map_get_raw
Unwinding loop 47 iteration 1   file /home/samson/workspace/esbmc/src/c2goto/library/solidity/solidity_mapping.c line 27 column 3 function map_get_raw
Unwinding loop 47 iteration 2   file /home/samson/workspace/esbmc/src/c2goto/library/solidity/solidity_mapping.c line 27 column 3 function map_get_raw
Not unwinding loop 47 iteration 3   file /home/samson/workspace/esbmc/src/c2goto/library/solidity/solidity_mapping.c line 27 column 3 function map_get_raw
Unwinding recursion transfer iteration 3 (3 max)
Unwinding recursion receive iteration 2 (3 max)
Unwinding recursion invest iteration 2 (3 max)
Unwinding loop 47 iteration 1   file /home/samson/workspace/esbmc/src/c2goto/library/solidity/solidity_mapping.c line 27 column 3 function map_get_raw
Unwinding loop 47 iteration 2   file /home/samson/workspace/esbmc/src/c2goto/library/solidity/solidity_mapping.c line 27 column 3 function map_get_raw
Not unwinding loop 47 iteration 3   file /home/samson/workspace/esbmc/src/c2goto/library/solidity/solidity_mapping.c line 27 column 3 function map_get_raw
Unwinding loop 47 iteration 1   file /home/samson/workspace/esbmc/src/c2goto/library/solidity/solidity_mapping.c line 27 column 3 function map_get_raw
Unwinding loop 47 iteration 2   file /home/samson/workspace/esbmc/src/c2goto/library/solidity/solidity_mapping.c line 27 column 3 function map_get_raw
Not unwinding loop 47 iteration 3   file /home/samson/workspace/esbmc/src/c2goto/library/solidity/solidity_mapping.c line 27 column 3 function map_get_raw
Unwinding recursion transfer iteration 3 (3 max)
Unwinding recursion receive iteration 2 (3 max)
Unwinding recursion invest iteration 2 (3 max)
Unwinding loop 47 iteration 1   file /home/samson/workspace/esbmc/src/c2goto/library/solidity/solidity_mapping.c line 27 column 3 function map_get_raw
Unwinding loop 47 iteration 2   file /home/samson/workspace/esbmc/src/c2goto/library/solidity/solidity_mapping.c line 27 column 3 function map_get_raw
Not unwinding loop 47 iteration 3   file /home/samson/workspace/esbmc/src/c2goto/library/solidity/solidity_mapping.c line 27 column 3 function map_get_raw
Unwinding loop 47 iteration 1   file /home/samson/workspace/esbmc/src/c2goto/library/solidity/solidity_mapping.c line 27 column 3 function map_get_raw
Unwinding loop 47 iteration 2   file /home/samson/workspace/esbmc/src/c2goto/library/solidity/solidity_mapping.c line 27 column 3 function map_get_raw
Not unwinding loop 47 iteration 3   file /home/samson/workspace/esbmc/src/c2goto/library/solidity/solidity_mapping.c line 27 column 3 function map_get_raw
Unwinding recursion transfer iteration 3 (3 max)
Unwinding loop 47 iteration 1   file /home/samson/workspace/esbmc/src/c2goto/library/solidity/solidity_mapping.c line 27 column 3 function map_get_raw
Unwinding loop 47 iteration 2   file /home/samson/workspace/esbmc/src/c2goto/library/solidity/solidity_mapping.c line 27 column 3 function map_get_raw
Not unwinding loop 47 iteration 3   file /home/samson/workspace/esbmc/src/c2goto/library/solidity/solidity_mapping.c line 27 column 3 function map_get_raw
Unwinding loop 47 iteration 1   file /home/samson/workspace/esbmc/src/c2goto/library/solidity/solidity_mapping.c line 27 column 3 function map_get_raw
Unwinding loop 47 iteration 2   file /home/samson/workspace/esbmc/src/c2goto/library/solidity/solidity_mapping.c line 27 column 3 function map_get_raw
Not unwinding loop 47 iteration 3   file /home/samson/workspace/esbmc/src/c2goto/library/solidity/solidity_mapping.c line 27 column 3 function map_get_raw
Unwinding recursion transfer iteration 1 (3 max)
Unwinding loop 47 iteration 1   file /home/samson/workspace/esbmc/src/c2goto/library/solidity/solidity_mapping.c line 27 column 3 function map_get_raw
Unwinding loop 47 iteration 2   file /home/samson/workspace/esbmc/src/c2goto/library/solidity/solidity_mapping.c line 27 column 3 function map_get_raw
Not unwinding loop 47 iteration 3   file /home/samson/workspace/esbmc/src/c2goto/library/solidity/solidity_mapping.c line 27 column 3 function map_get_raw
Unwinding loop 47 iteration 1   file /home/samson/workspace/esbmc/src/c2goto/library/solidity/solidity_mapping.c line 27 column 3 function map_get_raw
Unwinding loop 47 iteration 2   file /home/samson/workspace/esbmc/src/c2goto/library/solidity/solidity_mapping.c line 27 column 3 function map_get_raw
Not unwinding loop 47 iteration 3   file /home/samson/workspace/esbmc/src/c2goto/library/solidity/solidity_mapping.c line 27 column 3 function map_get_raw
Unwinding recursion receive iteration 1 (3 max)
Unwinding recursion invest iteration 1 (3 max)
Unwinding loop 47 iteration 1   file /home/samson/workspace/esbmc/src/c2goto/library/solidity/solidity_mapping.c line 27 column 3 function map_get_raw
Unwinding loop 47 iteration 2   file /home/samson/workspace/esbmc/src/c2goto/library/solidity/solidity_mapping.c line 27 column 3 function map_get_raw
Not unwinding loop 47 iteration 3   file /home/samson/workspace/esbmc/src/c2goto/library/solidity/solidity_mapping.c line 27 column 3 function map_get_raw
Unwinding loop 47 iteration 1   file /home/samson/workspace/esbmc/src/c2goto/library/solidity/solidity_mapping.c line 27 column 3 function map_get_raw
Unwinding loop 47 iteration 2   file /home/samson/workspace/esbmc/src/c2goto/library/solidity/solidity_mapping.c line 27 column 3 function map_get_raw
Not unwinding loop 47 iteration 3   file /home/samson/workspace/esbmc/src/c2goto/library/solidity/solidity_mapping.c line 27 column 3 function map_get_raw
Unwinding recursion transfer iteration 1 (3 max)
Unwinding recursion receive iteration 2 (3 max)
Unwinding recursion invest iteration 2 (3 max)
Unwinding loop 47 iteration 1   file /home/samson/workspace/esbmc/src/c2goto/library/solidity/solidity_mapping.c line 27 column 3 function map_get_raw
Unwinding loop 47 iteration 2   file /home/samson/workspace/esbmc/src/c2goto/library/solidity/solidity_mapping.c line 27 column 3 function map_get_raw
Not unwinding loop 47 iteration 3   file /home/samson/workspace/esbmc/src/c2goto/library/solidity/solidity_mapping.c line 27 column 3 function map_get_raw
Unwinding loop 47 iteration 1   file /home/samson/workspace/esbmc/src/c2goto/library/solidity/solidity_mapping.c line 27 column 3 function map_get_raw
Unwinding loop 47 iteration 2   file /home/samson/workspace/esbmc/src/c2goto/library/solidity/solidity_mapping.c line 27 column 3 function map_get_raw
Not unwinding loop 47 iteration 3   file /home/samson/workspace/esbmc/src/c2goto/library/solidity/solidity_mapping.c line 27 column 3 function map_get_raw
Unwinding recursion transfer iteration 2 (3 max)
Unwinding recursion receive iteration 3 (3 max)
Unwinding recursion receive iteration 1 (3 max)
Unwinding recursion invest iteration 1 (3 max)
Unwinding loop 47 iteration 1   file /home/samson/workspace/esbmc/src/c2goto/library/solidity/solidity_mapping.c line 27 column 3 function map_get_raw
Unwinding loop 47 iteration 2   file /home/samson/workspace/esbmc/src/c2goto/library/solidity/solidity_mapping.c line 27 column 3 function map_get_raw
Not unwinding loop 47 iteration 3   file /home/samson/workspace/esbmc/src/c2goto/library/solidity/solidity_mapping.c line 27 column 3 function map_get_raw
Unwinding loop 47 iteration 1   file /home/samson/workspace/esbmc/src/c2goto/library/solidity/solidity_mapping.c line 27 column 3 function map_get_raw
Unwinding loop 47 iteration 2   file /home/samson/workspace/esbmc/src/c2goto/library/solidity/solidity_mapping.c line 27 column 3 function map_get_raw
Not unwinding loop 47 iteration 3   file /home/samson/workspace/esbmc/src/c2goto/library/solidity/solidity_mapping.c line 27 column 3 function map_get_raw
Unwinding recursion transfer iteration 2 (3 max)
Unwinding recursion receive iteration 3 (3 max)
Unwinding recursion receive iteration 2 (3 max)
Unwinding recursion invest iteration 2 (3 max)
Unwinding loop 47 iteration 1   file /home/samson/workspace/esbmc/src/c2goto/library/solidity/solidity_mapping.c line 27 column 3 function map_get_raw
Unwinding loop 47 iteration 2   file /home/samson/workspace/esbmc/src/c2goto/library/solidity/solidity_mapping.c line 27 column 3 function map_get_raw
Not unwinding loop 47 iteration 3   file /home/samson/workspace/esbmc/src/c2goto/library/solidity/solidity_mapping.c line 27 column 3 function map_get_raw
Unwinding loop 47 iteration 1   file /home/samson/workspace/esbmc/src/c2goto/library/solidity/solidity_mapping.c line 27 column 3 function map_get_raw
Unwinding loop 47 iteration 2   file /home/samson/workspace/esbmc/src/c2goto/library/solidity/solidity_mapping.c line 27 column 3 function map_get_raw
Not unwinding loop 47 iteration 3   file /home/samson/workspace/esbmc/src/c2goto/library/solidity/solidity_mapping.c line 27 column 3 function map_get_raw
Unwinding recursion transfer iteration 3 (3 max)
Unwinding recursion receive iteration 1 (3 max)
Unwinding recursion invest iteration 1 (3 max)
Unwinding loop 47 iteration 1   file /home/samson/workspace/esbmc/src/c2goto/library/solidity/solidity_mapping.c line 27 column 3 function map_get_raw
Unwinding loop 47 iteration 2   file /home/samson/workspace/esbmc/src/c2goto/library/solidity/solidity_mapping.c line 27 column 3 function map_get_raw
Not unwinding loop 47 iteration 3   file /home/samson/workspace/esbmc/src/c2goto/library/solidity/solidity_mapping.c line 27 column 3 function map_get_raw
Unwinding loop 47 iteration 1   file /home/samson/workspace/esbmc/src/c2goto/library/solidity/solidity_mapping.c line 27 column 3 function map_get_raw
Unwinding loop 47 iteration 2   file /home/samson/workspace/esbmc/src/c2goto/library/solidity/solidity_mapping.c line 27 column 3 function map_get_raw
Not unwinding loop 47 iteration 3   file /home/samson/workspace/esbmc/src/c2goto/library/solidity/solidity_mapping.c line 27 column 3 function map_get_raw
Unwinding recursion transfer iteration 2 (3 max)
Unwinding recursion receive iteration 2 (3 max)
Unwinding recursion invest iteration 2 (3 max)
Unwinding loop 47 iteration 1   file /home/samson/workspace/esbmc/src/c2goto/library/solidity/solidity_mapping.c line 27 column 3 function map_get_raw
Unwinding loop 47 iteration 2   file /home/samson/workspace/esbmc/src/c2goto/library/solidity/solidity_mapping.c line 27 column 3 function map_get_raw
Not unwinding loop 47 iteration 3   file /home/samson/workspace/esbmc/src/c2goto/library/solidity/solidity_mapping.c line 27 column 3 function map_get_raw
Unwinding loop 47 iteration 1   file /home/samson/workspace/esbmc/src/c2goto/library/solidity/solidity_mapping.c line 27 column 3 function map_get_raw
Unwinding loop 47 iteration 2   file /home/samson/workspace/esbmc/src/c2goto/library/solidity/solidity_mapping.c line 27 column 3 function map_get_raw
Not unwinding loop 47 iteration 3   file /home/samson/workspace/esbmc/src/c2goto/library/solidity/solidity_mapping.c line 27 column 3 function map_get_raw
Unwinding recursion transfer iteration 2 (3 max)
Unwinding recursion receive iteration 3 (3 max)
Unwinding recursion receive iteration 2 (3 max)
Unwinding recursion invest iteration 2 (3 max)
Unwinding loop 47 iteration 1   file /home/samson/workspace/esbmc/src/c2goto/library/solidity/solidity_mapping.c line 27 column 3 function map_get_raw
Unwinding loop 47 iteration 2   file /home/samson/workspace/esbmc/src/c2goto/library/solidity/solidity_mapping.c line 27 column 3 function map_get_raw
Not unwinding loop 47 iteration 3   file /home/samson/workspace/esbmc/src/c2goto/library/solidity/solidity_mapping.c line 27 column 3 function map_get_raw
Unwinding loop 47 iteration 1   file /home/samson/workspace/esbmc/src/c2goto/library/solidity/solidity_mapping.c line 27 column 3 function map_get_raw
Unwinding loop 47 iteration 2   file /home/samson/workspace/esbmc/src/c2goto/library/solidity/solidity_mapping.c line 27 column 3 function map_get_raw
Not unwinding loop 47 iteration 3   file /home/samson/workspace/esbmc/src/c2goto/library/solidity/solidity_mapping.c line 27 column 3 function map_get_raw
Unwinding recursion transfer iteration 3 (3 max)
Unwinding recursion receive iteration 2 (3 max)
Unwinding recursion invest iteration 2 (3 max)
Unwinding loop 47 iteration 1   file /home/samson/workspace/esbmc/src/c2goto/library/solidity/solidity_mapping.c line 27 column 3 function map_get_raw
Unwinding loop 47 iteration 2   file /home/samson/workspace/esbmc/src/c2goto/library/solidity/solidity_mapping.c line 27 column 3 function map_get_raw
Not unwinding loop 47 iteration 3   file /home/samson/workspace/esbmc/src/c2goto/library/solidity/solidity_mapping.c line 27 column 3 function map_get_raw
Unwinding loop 47 iteration 1   file /home/samson/workspace/esbmc/src/c2goto/library/solidity/solidity_mapping.c line 27 column 3 function map_get_raw
Unwinding loop 47 iteration 2   file /home/samson/workspace/esbmc/src/c2goto/library/solidity/solidity_mapping.c line 27 column 3 function map_get_raw
Not unwinding loop 47 iteration 3   file /home/samson/workspace/esbmc/src/c2goto/library/solidity/solidity_mapping.c line 27 column 3 function map_get_raw
Unwinding recursion transfer iteration 3 (3 max)
Unwinding recursion receive iteration 1 (3 max)
Unwinding recursion invest iteration 1 (3 max)
Unwinding loop 47 iteration 1   file /home/samson/workspace/esbmc/src/c2goto/library/solidity/solidity_mapping.c line 27 column 3 function map_get_raw
Unwinding loop 47 iteration 2   file /home/samson/workspace/esbmc/src/c2goto/library/solidity/solidity_mapping.c line 27 column 3 function map_get_raw
Not unwinding loop 47 iteration 3   file /home/samson/workspace/esbmc/src/c2goto/library/solidity/solidity_mapping.c line 27 column 3 function map_get_raw
Unwinding loop 47 iteration 1   file /home/samson/workspace/esbmc/src/c2goto/library/solidity/solidity_mapping.c line 27 column 3 function map_get_raw
Unwinding loop 47 iteration 2   file /home/samson/workspace/esbmc/src/c2goto/library/solidity/solidity_mapping.c line 27 column 3 function map_get_raw
Not unwinding loop 47 iteration 3   file /home/samson/workspace/esbmc/src/c2goto/library/solidity/solidity_mapping.c line 27 column 3 function map_get_raw
Unwinding recursion transfer iteration 2 (3 max)
Unwinding recursion receive iteration 1 (3 max)
Unwinding recursion invest iteration 1 (3 max)
Unwinding loop 47 iteration 1   file /home/samson/workspace/esbmc/src/c2goto/library/solidity/solidity_mapping.c line 27 column 3 function map_get_raw
Unwinding loop 47 iteration 2   file /home/samson/workspace/esbmc/src/c2goto/library/solidity/solidity_mapping.c line 27 column 3 function map_get_raw
Not unwinding loop 47 iteration 3   file /home/samson/workspace/esbmc/src/c2goto/library/solidity/solidity_mapping.c line 27 column 3 function map_get_raw
Unwinding loop 47 iteration 1   file /home/samson/workspace/esbmc/src/c2goto/library/solidity/solidity_mapping.c line 27 column 3 function map_get_raw
Unwinding loop 47 iteration 2   file /home/samson/workspace/esbmc/src/c2goto/library/solidity/solidity_mapping.c line 27 column 3 function map_get_raw
Not unwinding loop 47 iteration 3   file /home/samson/workspace/esbmc/src/c2goto/library/solidity/solidity_mapping.c line 27 column 3 function map_get_raw
Unwinding recursion transfer iteration 1 (3 max)
Unwinding recursion receive iteration 2 (3 max)
Unwinding recursion invest iteration 2 (3 max)
Unwinding loop 47 iteration 1   file /home/samson/workspace/esbmc/src/c2goto/library/solidity/solidity_mapping.c line 27 column 3 function map_get_raw
Unwinding loop 47 iteration 2   file /home/samson/workspace/esbmc/src/c2goto/library/solidity/solidity_mapping.c line 27 column 3 function map_get_raw
Not unwinding loop 47 iteration 3   file /home/samson/workspace/esbmc/src/c2goto/library/solidity/solidity_mapping.c line 27 column 3 function map_get_raw
Unwinding loop 47 iteration 1   file /home/samson/workspace/esbmc/src/c2goto/library/solidity/solidity_mapping.c line 27 column 3 function map_get_raw
Unwinding loop 47 iteration 2   file /home/samson/workspace/esbmc/src/c2goto/library/solidity/solidity_mapping.c line 27 column 3 function map_get_raw
Not unwinding loop 47 iteration 3   file /home/samson/workspace/esbmc/src/c2goto/library/solidity/solidity_mapping.c line 27 column 3 function map_get_raw
Unwinding recursion transfer iteration 2 (3 max)
Unwinding recursion receive iteration 3 (3 max)
Unwinding recursion receive iteration 2 (3 max)
Unwinding recursion invest iteration 2 (3 max)
Unwinding loop 47 iteration 1   file /home/samson/workspace/esbmc/src/c2goto/library/solidity/solidity_mapping.c line 27 column 3 function map_get_raw
Unwinding loop 47 iteration 2   file /home/samson/workspace/esbmc/src/c2goto/library/solidity/solidity_mapping.c line 27 column 3 function map_get_raw
Not unwinding loop 47 iteration 3   file /home/samson/workspace/esbmc/src/c2goto/library/solidity/solidity_mapping.c line 27 column 3 function map_get_raw
Unwinding loop 47 iteration 1   file /home/samson/workspace/esbmc/src/c2goto/library/solidity/solidity_mapping.c line 27 column 3 function map_get_raw
Unwinding loop 47 iteration 2   file /home/samson/workspace/esbmc/src/c2goto/library/solidity/solidity_mapping.c line 27 column 3 function map_get_raw
Not unwinding loop 47 iteration 3   file /home/samson/workspace/esbmc/src/c2goto/library/solidity/solidity_mapping.c line 27 column 3 function map_get_raw
Unwinding recursion transfer iteration 3 (3 max)
Unwinding recursion receive iteration 2 (3 max)
Unwinding recursion invest iteration 2 (3 max)
Unwinding loop 47 iteration 1   file /home/samson/workspace/esbmc/src/c2goto/library/solidity/solidity_mapping.c line 27 column 3 function map_get_raw
Unwinding loop 47 iteration 2   file /home/samson/workspace/esbmc/src/c2goto/library/solidity/solidity_mapping.c line 27 column 3 function map_get_raw
Not unwinding loop 47 iteration 3   file /home/samson/workspace/esbmc/src/c2goto/library/solidity/solidity_mapping.c line 27 column 3 function map_get_raw
Unwinding loop 47 iteration 1   file /home/samson/workspace/esbmc/src/c2goto/library/solidity/solidity_mapping.c line 27 column 3 function map_get_raw
Unwinding loop 47 iteration 2   file /home/samson/workspace/esbmc/src/c2goto/library/solidity/solidity_mapping.c line 27 column 3 function map_get_raw
Not unwinding loop 47 iteration 3   file /home/samson/workspace/esbmc/src/c2goto/library/solidity/solidity_mapping.c line 27 column 3 function map_get_raw
Unwinding recursion transfer iteration 3 (3 max)
Unwinding recursion receive iteration 2 (3 max)
Unwinding recursion invest iteration 2 (3 max)
Unwinding loop 47 iteration 1   file /home/samson/workspace/esbmc/src/c2goto/library/solidity/solidity_mapping.c line 27 column 3 function map_get_raw
Unwinding loop 47 iteration 2   file /home/samson/workspace/esbmc/src/c2goto/library/solidity/solidity_mapping.c line 27 column 3 function map_get_raw
Not unwinding loop 47 iteration 3   file /home/samson/workspace/esbmc/src/c2goto/library/solidity/solidity_mapping.c line 27 column 3 function map_get_raw
Unwinding loop 47 iteration 1   file /home/samson/workspace/esbmc/src/c2goto/library/solidity/solidity_mapping.c line 27 column 3 function map_get_raw
Unwinding loop 47 iteration 2   file /home/samson/workspace/esbmc/src/c2goto/library/solidity/solidity_mapping.c line 27 column 3 function map_get_raw
Not unwinding loop 47 iteration 3   file /home/samson/workspace/esbmc/src/c2goto/library/solidity/solidity_mapping.c line 27 column 3 function map_get_raw
Unwinding recursion transfer iteration 3 (3 max)
Unwinding recursion receive iteration 1 (3 max)
Unwinding recursion invest iteration 1 (3 max)
Unwinding loop 47 iteration 1   file /home/samson/workspace/esbmc/src/c2goto/library/solidity/solidity_mapping.c line 27 column 3 function map_get_raw
Unwinding loop 47 iteration 2   file /home/samson/workspace/esbmc/src/c2goto/library/solidity/solidity_mapping.c line 27 column 3 function map_get_raw
Not unwinding loop 47 iteration 3   file /home/samson/workspace/esbmc/src/c2goto/library/solidity/solidity_mapping.c line 27 column 3 function map_get_raw
Unwinding loop 47 iteration 1   file /home/samson/workspace/esbmc/src/c2goto/library/solidity/solidity_mapping.c line 27 column 3 function map_get_raw
Unwinding loop 47 iteration 2   file /home/samson/workspace/esbmc/src/c2goto/library/solidity/solidity_mapping.c line 27 column 3 function map_get_raw
Not unwinding loop 47 iteration 3   file /home/samson/workspace/esbmc/src/c2goto/library/solidity/solidity_mapping.c line 27 column 3 function map_get_raw
Unwinding recursion transfer iteration 2 (3 max)
Unwinding loop 47 iteration 1   file /home/samson/workspace/esbmc/src/c2goto/library/solidity/solidity_mapping.c line 27 column 3 function map_get_raw
Unwinding loop 47 iteration 2   file /home/samson/workspace/esbmc/src/c2goto/library/solidity/solidity_mapping.c line 27 column 3 function map_get_raw
Not unwinding loop 47 iteration 3   file /home/samson/workspace/esbmc/src/c2goto/library/solidity/solidity_mapping.c line 27 column 3 function map_get_raw
Unwinding loop 47 iteration 1   file /home/samson/workspace/esbmc/src/c2goto/library/solidity/solidity_mapping.c line 27 column 3 function map_get_raw
Unwinding loop 47 iteration 2   file /home/samson/workspace/esbmc/src/c2goto/library/solidity/solidity_mapping.c line 27 column 3 function map_get_raw
Not unwinding loop 47 iteration 3   file /home/samson/workspace/esbmc/src/c2goto/library/solidity/solidity_mapping.c line 27 column 3 function map_get_raw
Unwinding recursion receive iteration 1 (3 max)
Unwinding recursion invest iteration 1 (3 max)
Unwinding loop 47 iteration 1   file /home/samson/workspace/esbmc/src/c2goto/library/solidity/solidity_mapping.c line 27 column 3 function map_get_raw
Unwinding loop 47 iteration 2   file /home/samson/workspace/esbmc/src/c2goto/library/solidity/solidity_mapping.c line 27 column 3 function map_get_raw
Not unwinding loop 47 iteration 3   file /home/samson/workspace/esbmc/src/c2goto/library/solidity/solidity_mapping.c line 27 column 3 function map_get_raw
Unwinding loop 47 iteration 1   file /home/samson/workspace/esbmc/src/c2goto/library/solidity/solidity_mapping.c line 27 column 3 function map_get_raw
Unwinding loop 47 iteration 2   file /home/samson/workspace/esbmc/src/c2goto/library/solidity/solidity_mapping.c line 27 column 3 function map_get_raw
Not unwinding loop 47 iteration 3   file /home/samson/workspace/esbmc/src/c2goto/library/solidity/solidity_mapping.c line 27 column 3 function map_get_raw
Unwinding recursion transfer iteration 1 (3 max)
Unwinding recursion receive iteration 2 (3 max)
Unwinding recursion invest iteration 2 (3 max)
Unwinding loop 47 iteration 1   file /home/samson/workspace/esbmc/src/c2goto/library/solidity/solidity_mapping.c line 27 column 3 function map_get_raw
Unwinding loop 47 iteration 2   file /home/samson/workspace/esbmc/src/c2goto/library/solidity/solidity_mapping.c line 27 column 3 function map_get_raw
Not unwinding loop 47 iteration 3   file /home/samson/workspace/esbmc/src/c2goto/library/solidity/solidity_mapping.c line 27 column 3 function map_get_raw
Unwinding loop 47 iteration 1   file /home/samson/workspace/esbmc/src/c2goto/library/solidity/solidity_mapping.c line 27 column 3 function map_get_raw
Unwinding loop 47 iteration 2   file /home/samson/workspace/esbmc/src/c2goto/library/solidity/solidity_mapping.c line 27 column 3 function map_get_raw
Not unwinding loop 47 iteration 3   file /home/samson/workspace/esbmc/src/c2goto/library/solidity/solidity_mapping.c line 27 column 3 function map_get_raw
Unwinding recursion transfer iteration 2 (3 max)
Unwinding recursion receive iteration 3 (3 max)
Unwinding recursion receive iteration 2 (3 max)
Unwinding recursion invest iteration 2 (3 max)
Unwinding loop 47 iteration 1   file /home/samson/workspace/esbmc/src/c2goto/library/solidity/solidity_mapping.c line 27 column 3 function map_get_raw
Unwinding loop 47 iteration 2   file /home/samson/workspace/esbmc/src/c2goto/library/solidity/solidity_mapping.c line 27 column 3 function map_get_raw
Not unwinding loop 47 iteration 3   file /home/samson/workspace/esbmc/src/c2goto/library/solidity/solidity_mapping.c line 27 column 3 function map_get_raw
Unwinding loop 47 iteration 1   file /home/samson/workspace/esbmc/src/c2goto/library/solidity/solidity_mapping.c line 27 column 3 function map_get_raw
Unwinding loop 47 iteration 2   file /home/samson/workspace/esbmc/src/c2goto/library/solidity/solidity_mapping.c line 27 column 3 function map_get_raw
Not unwinding loop 47 iteration 3   file /home/samson/workspace/esbmc/src/c2goto/library/solidity/solidity_mapping.c line 27 column 3 function map_get_raw
Unwinding recursion transfer iteration 3 (3 max)
Unwinding recursion receive iteration 2 (3 max)
Unwinding recursion invest iteration 2 (3 max)
Unwinding loop 47 iteration 1   file /home/samson/workspace/esbmc/src/c2goto/library/solidity/solidity_mapping.c line 27 column 3 function map_get_raw
Unwinding loop 47 iteration 2   file /home/samson/workspace/esbmc/src/c2goto/library/solidity/solidity_mapping.c line 27 column 3 function map_get_raw
Not unwinding loop 47 iteration 3   file /home/samson/workspace/esbmc/src/c2goto/library/solidity/solidity_mapping.c line 27 column 3 function map_get_raw
Unwinding loop 47 iteration 1   file /home/samson/workspace/esbmc/src/c2goto/library/solidity/solidity_mapping.c line 27 column 3 function map_get_raw
Unwinding loop 47 iteration 2   file /home/samson/workspace/esbmc/src/c2goto/library/solidity/solidity_mapping.c line 27 column 3 function map_get_raw
Not unwinding loop 47 iteration 3   file /home/samson/workspace/esbmc/src/c2goto/library/solidity/solidity_mapping.c line 27 column 3 function map_get_raw
Unwinding recursion transfer iteration 3 (3 max)
Unwinding recursion receive iteration 2 (3 max)
Unwinding recursion invest iteration 2 (3 max)
Unwinding loop 47 iteration 1   file /home/samson/workspace/esbmc/src/c2goto/library/solidity/solidity_mapping.c line 27 column 3 function map_get_raw
Unwinding loop 47 iteration 2   file /home/samson/workspace/esbmc/src/c2goto/library/solidity/solidity_mapping.c line 27 column 3 function map_get_raw
Not unwinding loop 47 iteration 3   file /home/samson/workspace/esbmc/src/c2goto/library/solidity/solidity_mapping.c line 27 column 3 function map_get_raw
Unwinding loop 47 iteration 1   file /home/samson/workspace/esbmc/src/c2goto/library/solidity/solidity_mapping.c line 27 column 3 function map_get_raw
Unwinding loop 47 iteration 2   file /home/samson/workspace/esbmc/src/c2goto/library/solidity/solidity_mapping.c line 27 column 3 function map_get_raw
Not unwinding loop 47 iteration 3   file /home/samson/workspace/esbmc/src/c2goto/library/solidity/solidity_mapping.c line 27 column 3 function map_get_raw
Unwinding recursion transfer iteration 3 (3 max)
Unwinding recursion receive iteration 2 (3 max)
Unwinding recursion invest iteration 2 (3 max)
Unwinding loop 47 iteration 1   file /home/samson/workspace/esbmc/src/c2goto/library/solidity/solidity_mapping.c line 27 column 3 function map_get_raw
Unwinding loop 47 iteration 2   file /home/samson/workspace/esbmc/src/c2goto/library/solidity/solidity_mapping.c line 27 column 3 function map_get_raw
Not unwinding loop 47 iteration 3   file /home/samson/workspace/esbmc/src/c2goto/library/solidity/solidity_mapping.c line 27 column 3 function map_get_raw
Unwinding loop 47 iteration 1   file /home/samson/workspace/esbmc/src/c2goto/library/solidity/solidity_mapping.c line 27 column 3 function map_get_raw
Unwinding loop 47 iteration 2   file /home/samson/workspace/esbmc/src/c2goto/library/solidity/solidity_mapping.c line 27 column 3 function map_get_raw
Not unwinding loop 47 iteration 3   file /home/samson/workspace/esbmc/src/c2goto/library/solidity/solidity_mapping.c line 27 column 3 function map_get_raw
Unwinding recursion transfer iteration 3 (3 max)
Unwinding loop 47 iteration 1   file /home/samson/workspace/esbmc/src/c2goto/library/solidity/solidity_mapping.c line 27 column 3 function map_get_raw
Unwinding loop 47 iteration 2   file /home/samson/workspace/esbmc/src/c2goto/library/solidity/solidity_mapping.c line 27 column 3 function map_get_raw
Not unwinding loop 47 iteration 3   file /home/samson/workspace/esbmc/src/c2goto/library/solidity/solidity_mapping.c line 27 column 3 function map_get_raw
Unwinding loop 47 iteration 1   file /home/samson/workspace/esbmc/src/c2goto/library/solidity/solidity_mapping.c line 27 column 3 function map_get_raw
Unwinding loop 47 iteration 2   file /home/samson/workspace/esbmc/src/c2goto/library/solidity/solidity_mapping.c line 27 column 3 function map_get_raw
Not unwinding loop 47 iteration 3   file /home/samson/workspace/esbmc/src/c2goto/library/solidity/solidity_mapping.c line 27 column 3 function map_get_raw
Unwinding recursion transfer iteration 1 (3 max)
Unwinding recursion receive iteration 1 (3 max)
Unwinding recursion invest iteration 1 (3 max)
Unwinding loop 47 iteration 1   file /home/samson/workspace/esbmc/src/c2goto/library/solidity/solidity_mapping.c line 27 column 3 function map_get_raw
Unwinding loop 47 iteration 2   file /home/samson/workspace/esbmc/src/c2goto/library/solidity/solidity_mapping.c line 27 column 3 function map_get_raw
Not unwinding loop 47 iteration 3   file /home/samson/workspace/esbmc/src/c2goto/library/solidity/solidity_mapping.c line 27 column 3 function map_get_raw
Unwinding loop 47 iteration 1   file /home/samson/workspace/esbmc/src/c2goto/library/solidity/solidity_mapping.c line 27 column 3 function map_get_raw
Unwinding loop 47 iteration 2   file /home/samson/workspace/esbmc/src/c2goto/library/solidity/solidity_mapping.c line 27 column 3 function map_get_raw
Not unwinding loop 47 iteration 3   file /home/samson/workspace/esbmc/src/c2goto/library/solidity/solidity_mapping.c line 27 column 3 function map_get_raw
Unwinding recursion transfer iteration 2 (3 max)
Unwinding recursion receive iteration 2 (3 max)
Unwinding recursion invest iteration 2 (3 max)
Unwinding loop 47 iteration 1   file /home/samson/workspace/esbmc/src/c2goto/library/solidity/solidity_mapping.c line 27 column 3 function map_get_raw
Unwinding loop 47 iteration 2   file /home/samson/workspace/esbmc/src/c2goto/library/solidity/solidity_mapping.c line 27 column 3 function map_get_raw
Not unwinding loop 47 iteration 3   file /home/samson/workspace/esbmc/src/c2goto/library/solidity/solidity_mapping.c line 27 column 3 function map_get_raw
Unwinding loop 47 iteration 1   file /home/samson/workspace/esbmc/src/c2goto/library/solidity/solidity_mapping.c line 27 column 3 function map_get_raw
Unwinding loop 47 iteration 2   file /home/samson/workspace/esbmc/src/c2goto/library/solidity/solidity_mapping.c line 27 column 3 function map_get_raw
Not unwinding loop 47 iteration 3   file /home/samson/workspace/esbmc/src/c2goto/library/solidity/solidity_mapping.c line 27 column 3 function map_get_raw
Unwinding recursion transfer iteration 3 (3 max)
Unwinding loop 47 iteration 1   file /home/samson/workspace/esbmc/src/c2goto/library/solidity/solidity_mapping.c line 27 column 3 function map_get_raw
Unwinding loop 47 iteration 2   file /home/samson/workspace/esbmc/src/c2goto/library/solidity/solidity_mapping.c line 27 column 3 function map_get_raw
Not unwinding loop 47 iteration 3   file /home/samson/workspace/esbmc/src/c2goto/library/solidity/solidity_mapping.c line 27 column 3 function map_get_raw
Unwinding loop 47 iteration 1   file /home/samson/workspace/esbmc/src/c2goto/library/solidity/solidity_mapping.c line 27 column 3 function map_get_raw
Unwinding loop 47 iteration 2   file /home/samson/workspace/esbmc/src/c2goto/library/solidity/solidity_mapping.c line 27 column 3 function map_get_raw
Not unwinding loop 47 iteration 3   file /home/samson/workspace/esbmc/src/c2goto/library/solidity/solidity_mapping.c line 27 column 3 function map_get_raw
Unwinding recursion receive iteration 2 (3 max)
Unwinding recursion invest iteration 2 (3 max)
Unwinding loop 47 iteration 1   file /home/samson/workspace/esbmc/src/c2goto/library/solidity/solidity_mapping.c line 27 column 3 function map_get_raw
Unwinding loop 47 iteration 2   file /home/samson/workspace/esbmc/src/c2goto/library/solidity/solidity_mapping.c line 27 column 3 function map_get_raw
Not unwinding loop 47 iteration 3   file /home/samson/workspace/esbmc/src/c2goto/library/solidity/solidity_mapping.c line 27 column 3 function map_get_raw
Unwinding loop 47 iteration 1   file /home/samson/workspace/esbmc/src/c2goto/library/solidity/solidity_mapping.c line 27 column 3 function map_get_raw
Unwinding loop 47 iteration 2   file /home/samson/workspace/esbmc/src/c2goto/library/solidity/solidity_mapping.c line 27 column 3 function map_get_raw
Not unwinding loop 47 iteration 3   file /home/samson/workspace/esbmc/src/c2goto/library/solidity/solidity_mapping.c line 27 column 3 function map_get_raw
Unwinding recursion transfer iteration 3 (3 max)
Unwinding recursion receive iteration 1 (3 max)
Unwinding recursion invest iteration 1 (3 max)
Unwinding loop 47 iteration 1   file /home/samson/workspace/esbmc/src/c2goto/library/solidity/solidity_mapping.c line 27 column 3 function map_get_raw
Unwinding loop 47 iteration 2   file /home/samson/workspace/esbmc/src/c2goto/library/solidity/solidity_mapping.c line 27 column 3 function map_get_raw
Not unwinding loop 47 iteration 3   file /home/samson/workspace/esbmc/src/c2goto/library/solidity/solidity_mapping.c line 27 column 3 function map_get_raw
Unwinding loop 47 iteration 1   file /home/samson/workspace/esbmc/src/c2goto/library/solidity/solidity_mapping.c line 27 column 3 function map_get_raw
Unwinding loop 47 iteration 2   file /home/samson/workspace/esbmc/src/c2goto/library/solidity/solidity_mapping.c line 27 column 3 function map_get_raw
Not unwinding loop 47 iteration 3   file /home/samson/workspace/esbmc/src/c2goto/library/solidity/solidity_mapping.c line 27 column 3 function map_get_raw
Unwinding recursion transfer iteration 1 (3 max)
Unwinding recursion receive iteration 2 (3 max)
Unwinding recursion invest iteration 2 (3 max)
Unwinding loop 47 iteration 1   file /home/samson/workspace/esbmc/src/c2goto/library/solidity/solidity_mapping.c line 27 column 3 function map_get_raw
Unwinding loop 47 iteration 2   file /home/samson/workspace/esbmc/src/c2goto/library/solidity/solidity_mapping.c line 27 column 3 function map_get_raw
Not unwinding loop 47 iteration 3   file /home/samson/workspace/esbmc/src/c2goto/library/solidity/solidity_mapping.c line 27 column 3 function map_get_raw
Unwinding loop 47 iteration 1   file /home/samson/workspace/esbmc/src/c2goto/library/solidity/solidity_mapping.c line 27 column 3 function map_get_raw
Unwinding loop 47 iteration 2   file /home/samson/workspace/esbmc/src/c2goto/library/solidity/solidity_mapping.c line 27 column 3 function map_get_raw
Not unwinding loop 47 iteration 3   file /home/samson/workspace/esbmc/src/c2goto/library/solidity/solidity_mapping.c line 27 column 3 function map_get_raw
Unwinding recursion transfer iteration 3 (3 max)
Unwinding recursion receive iteration 2 (3 max)
Unwinding recursion invest iteration 2 (3 max)
Unwinding loop 47 iteration 1   file /home/samson/workspace/esbmc/src/c2goto/library/solidity/solidity_mapping.c line 27 column 3 function map_get_raw
Unwinding loop 47 iteration 2   file /home/samson/workspace/esbmc/src/c2goto/library/solidity/solidity_mapping.c line 27 column 3 function map_get_raw
Not unwinding loop 47 iteration 3   file /home/samson/workspace/esbmc/src/c2goto/library/solidity/solidity_mapping.c line 27 column 3 function map_get_raw
Unwinding loop 47 iteration 1   file /home/samson/workspace/esbmc/src/c2goto/library/solidity/solidity_mapping.c line 27 column 3 function map_get_raw
Unwinding loop 47 iteration 2   file /home/samson/workspace/esbmc/src/c2goto/library/solidity/solidity_mapping.c line 27 column 3 function map_get_raw
Not unwinding loop 47 iteration 3   file /home/samson/workspace/esbmc/src/c2goto/library/solidity/solidity_mapping.c line 27 column 3 function map_get_raw
Unwinding recursion transfer iteration 2 (3 max)
Unwinding recursion receive iteration 2 (3 max)
Unwinding recursion invest iteration 2 (3 max)
Unwinding loop 47 iteration 1   file /home/samson/workspace/esbmc/src/c2goto/library/solidity/solidity_mapping.c line 27 column 3 function map_get_raw
Unwinding loop 47 iteration 2   file /home/samson/workspace/esbmc/src/c2goto/library/solidity/solidity_mapping.c line 27 column 3 function map_get_raw
Not unwinding loop 47 iteration 3   file /home/samson/workspace/esbmc/src/c2goto/library/solidity/solidity_mapping.c line 27 column 3 function map_get_raw
Unwinding loop 47 iteration 1   file /home/samson/workspace/esbmc/src/c2goto/library/solidity/solidity_mapping.c line 27 column 3 function map_get_raw
Unwinding loop 47 iteration 2   file /home/samson/workspace/esbmc/src/c2goto/library/solidity/solidity_mapping.c line 27 column 3 function map_get_raw
Not unwinding loop 47 iteration 3   file /home/samson/workspace/esbmc/src/c2goto/library/solidity/solidity_mapping.c line 27 column 3 function map_get_raw
Unwinding recursion transfer iteration 3 (3 max)
Unwinding recursion receive iteration 3 (3 max)
Unwinding loop 47 iteration 1   file /home/samson/workspace/esbmc/src/c2goto/library/solidity/solidity_mapping.c line 27 column 3 function map_get_raw
Unwinding loop 47 iteration 2   file /home/samson/workspace/esbmc/src/c2goto/library/solidity/solidity_mapping.c line 27 column 3 function map_get_raw
Not unwinding loop 47 iteration 3   file /home/samson/workspace/esbmc/src/c2goto/library/solidity/solidity_mapping.c line 27 column 3 function map_get_raw
Unwinding loop 47 iteration 1   file /home/samson/workspace/esbmc/src/c2goto/library/solidity/solidity_mapping.c line 27 column 3 function map_get_raw
Unwinding loop 47 iteration 2   file /home/samson/workspace/esbmc/src/c2goto/library/solidity/solidity_mapping.c line 27 column 3 function map_get_raw
Not unwinding loop 47 iteration 3   file /home/samson/workspace/esbmc/src/c2goto/library/solidity/solidity_mapping.c line 27 column 3 function map_get_raw
Unwinding recursion receive iteration 1 (3 max)
Unwinding recursion invest iteration 1 (3 max)
Unwinding loop 47 iteration 1   file /home/samson/workspace/esbmc/src/c2goto/library/solidity/solidity_mapping.c line 27 column 3 function map_get_raw
Unwinding loop 47 iteration 2   file /home/samson/workspace/esbmc/src/c2goto/library/solidity/solidity_mapping.c line 27 column 3 function map_get_raw
Not unwinding loop 47 iteration 3   file /home/samson/workspace/esbmc/src/c2goto/library/solidity/solidity_mapping.c line 27 column 3 function map_get_raw
Unwinding loop 47 iteration 1   file /home/samson/workspace/esbmc/src/c2goto/library/solidity/solidity_mapping.c line 27 column 3 function map_get_raw
Unwinding loop 47 iteration 2   file /home/samson/workspace/esbmc/src/c2goto/library/solidity/solidity_mapping.c line 27 column 3 function map_get_raw
Not unwinding loop 47 iteration 3   file /home/samson/workspace/esbmc/src/c2goto/library/solidity/solidity_mapping.c line 27 column 3 function map_get_raw
Unwinding recursion transfer iteration 2 (3 max)
Unwinding recursion receive iteration 2 (3 max)
Unwinding recursion invest iteration 2 (3 max)
Unwinding loop 47 iteration 1   file /home/samson/workspace/esbmc/src/c2goto/library/solidity/solidity_mapping.c line 27 column 3 function map_get_raw
Unwinding loop 47 iteration 2   file /home/samson/workspace/esbmc/src/c2goto/library/solidity/solidity_mapping.c line 27 column 3 function map_get_raw
Not unwinding loop 47 iteration 3   file /home/samson/workspace/esbmc/src/c2goto/library/solidity/solidity_mapping.c line 27 column 3 function map_get_raw
Unwinding loop 47 iteration 1   file /home/samson/workspace/esbmc/src/c2goto/library/solidity/solidity_mapping.c line 27 column 3 function map_get_raw
Unwinding loop 47 iteration 2   file /home/samson/workspace/esbmc/src/c2goto/library/solidity/solidity_mapping.c line 27 column 3 function map_get_raw
Not unwinding loop 47 iteration 3   file /home/samson/workspace/esbmc/src/c2goto/library/solidity/solidity_mapping.c line 27 column 3 function map_get_raw
Unwinding recursion transfer iteration 3 (3 max)
Unwinding recursion receive iteration 1 (3 max)
Unwinding recursion invest iteration 1 (3 max)
Unwinding loop 47 iteration 1   file /home/samson/workspace/esbmc/src/c2goto/library/solidity/solidity_mapping.c line 27 column 3 function map_get_raw
Unwinding loop 47 iteration 2   file /home/samson/workspace/esbmc/src/c2goto/library/solidity/solidity_mapping.c line 27 column 3 function map_get_raw
Not unwinding loop 47 iteration 3   file /home/samson/workspace/esbmc/src/c2goto/library/solidity/solidity_mapping.c line 27 column 3 function map_get_raw
Unwinding loop 47 iteration 1   file /home/samson/workspace/esbmc/src/c2goto/library/solidity/solidity_mapping.c line 27 column 3 function map_get_raw
Unwinding loop 47 iteration 2   file /home/samson/workspace/esbmc/src/c2goto/library/solidity/solidity_mapping.c line 27 column 3 function map_get_raw
Not unwinding loop 47 iteration 3   file /home/samson/workspace/esbmc/src/c2goto/library/solidity/solidity_mapping.c line 27 column 3 function map_get_raw
Unwinding recursion transfer iteration 1 (3 max)
Unwinding recursion receive iteration 2 (3 max)
Unwinding recursion invest iteration 2 (3 max)
Unwinding loop 47 iteration 1   file /home/samson/workspace/esbmc/src/c2goto/library/solidity/solidity_mapping.c line 27 column 3 function map_get_raw
Unwinding loop 47 iteration 2   file /home/samson/workspace/esbmc/src/c2goto/library/solidity/solidity_mapping.c line 27 column 3 function map_get_raw
Not unwinding loop 47 iteration 3   file /home/samson/workspace/esbmc/src/c2goto/library/solidity/solidity_mapping.c line 27 column 3 function map_get_raw
Unwinding loop 47 iteration 1   file /home/samson/workspace/esbmc/src/c2goto/library/solidity/solidity_mapping.c line 27 column 3 function map_get_raw
Unwinding loop 47 iteration 2   file /home/samson/workspace/esbmc/src/c2goto/library/solidity/solidity_mapping.c line 27 column 3 function map_get_raw
Not unwinding loop 47 iteration 3   file /home/samson/workspace/esbmc/src/c2goto/library/solidity/solidity_mapping.c line 27 column 3 function map_get_raw
Unwinding recursion transfer iteration 3 (3 max)
Unwinding recursion receive iteration 2 (3 max)
Unwinding recursion invest iteration 2 (3 max)
Unwinding loop 47 iteration 1   file /home/samson/workspace/esbmc/src/c2goto/library/solidity/solidity_mapping.c line 27 column 3 function map_get_raw
Unwinding loop 47 iteration 2   file /home/samson/workspace/esbmc/src/c2goto/library/solidity/solidity_mapping.c line 27 column 3 function map_get_raw
Not unwinding loop 47 iteration 3   file /home/samson/workspace/esbmc/src/c2goto/library/solidity/solidity_mapping.c line 27 column 3 function map_get_raw
Unwinding loop 47 iteration 1   file /home/samson/workspace/esbmc/src/c2goto/library/solidity/solidity_mapping.c line 27 column 3 function map_get_raw
Unwinding loop 47 iteration 2   file /home/samson/workspace/esbmc/src/c2goto/library/solidity/solidity_mapping.c line 27 column 3 function map_get_raw
Not unwinding loop 47 iteration 3   file /home/samson/workspace/esbmc/src/c2goto/library/solidity/solidity_mapping.c line 27 column 3 function map_get_raw
Unwinding recursion transfer iteration 2 (3 max)
Unwinding recursion receive iteration 2 (3 max)
Unwinding recursion invest iteration 2 (3 max)
Unwinding loop 47 iteration 1   file /home/samson/workspace/esbmc/src/c2goto/library/solidity/solidity_mapping.c line 27 column 3 function map_get_raw
Unwinding loop 47 iteration 2   file /home/samson/workspace/esbmc/src/c2goto/library/solidity/solidity_mapping.c line 27 column 3 function map_get_raw
Not unwinding loop 47 iteration 3   file /home/samson/workspace/esbmc/src/c2goto/library/solidity/solidity_mapping.c line 27 column 3 function map_get_raw
Unwinding loop 47 iteration 1   file /home/samson/workspace/esbmc/src/c2goto/library/solidity/solidity_mapping.c line 27 column 3 function map_get_raw
Unwinding loop 47 iteration 2   file /home/samson/workspace/esbmc/src/c2goto/library/solidity/solidity_mapping.c line 27 column 3 function map_get_raw
Not unwinding loop 47 iteration 3   file /home/samson/workspace/esbmc/src/c2goto/library/solidity/solidity_mapping.c line 27 column 3 function map_get_raw
Unwinding recursion transfer iteration 3 (3 max)
Unwinding recursion receive iteration 3 (3 max)
Unwinding recursion receive iteration 1 (3 max)
Unwinding recursion invest iteration 1 (3 max)
Unwinding loop 47 iteration 1   file /home/samson/workspace/esbmc/src/c2goto/library/solidity/solidity_mapping.c line 27 column 3 function map_get_raw
Unwinding loop 47 iteration 2   file /home/samson/workspace/esbmc/src/c2goto/library/solidity/solidity_mapping.c line 27 column 3 function map_get_raw
Not unwinding loop 47 iteration 3   file /home/samson/workspace/esbmc/src/c2goto/library/solidity/solidity_mapping.c line 27 column 3 function map_get_raw
Unwinding loop 47 iteration 1   file /home/samson/workspace/esbmc/src/c2goto/library/solidity/solidity_mapping.c line 27 column 3 function map_get_raw
Unwinding loop 47 iteration 2   file /home/samson/workspace/esbmc/src/c2goto/library/solidity/solidity_mapping.c line 27 column 3 function map_get_raw
Not unwinding loop 47 iteration 3   file /home/samson/workspace/esbmc/src/c2goto/library/solidity/solidity_mapping.c line 27 column 3 function map_get_raw
Unwinding recursion transfer iteration 1 (3 max)
Unwinding recursion receive iteration 1 (3 max)
Unwinding recursion invest iteration 1 (3 max)
Unwinding loop 47 iteration 1   file /home/samson/workspace/esbmc/src/c2goto/library/solidity/solidity_mapping.c line 27 column 3 function map_get_raw
Unwinding loop 47 iteration 2   file /home/samson/workspace/esbmc/src/c2goto/library/solidity/solidity_mapping.c line 27 column 3 function map_get_raw
Not unwinding loop 47 iteration 3   file /home/samson/workspace/esbmc/src/c2goto/library/solidity/solidity_mapping.c line 27 column 3 function map_get_raw
Unwinding loop 47 iteration 1   file /home/samson/workspace/esbmc/src/c2goto/library/solidity/solidity_mapping.c line 27 column 3 function map_get_raw
Unwinding loop 47 iteration 2   file /home/samson/workspace/esbmc/src/c2goto/library/solidity/solidity_mapping.c line 27 column 3 function map_get_raw
Not unwinding loop 47 iteration 3   file /home/samson/workspace/esbmc/src/c2goto/library/solidity/solidity_mapping.c line 27 column 3 function map_get_raw
Unwinding recursion transfer iteration 2 (3 max)
Unwinding recursion receive iteration 2 (3 max)
Unwinding recursion invest iteration 2 (3 max)
Unwinding loop 47 iteration 1   file /home/samson/workspace/esbmc/src/c2goto/library/solidity/solidity_mapping.c line 27 column 3 function map_get_raw
Unwinding loop 47 iteration 2   file /home/samson/workspace/esbmc/src/c2goto/library/solidity/solidity_mapping.c line 27 column 3 function map_get_raw
Not unwinding loop 47 iteration 3   file /home/samson/workspace/esbmc/src/c2goto/library/solidity/solidity_mapping.c line 27 column 3 function map_get_raw
Unwinding loop 47 iteration 1   file /home/samson/workspace/esbmc/src/c2goto/library/solidity/solidity_mapping.c line 27 column 3 function map_get_raw
Unwinding loop 47 iteration 2   file /home/samson/workspace/esbmc/src/c2goto/library/solidity/solidity_mapping.c line 27 column 3 function map_get_raw
Not unwinding loop 47 iteration 3   file /home/samson/workspace/esbmc/src/c2goto/library/solidity/solidity_mapping.c line 27 column 3 function map_get_raw
Unwinding recursion transfer iteration 3 (3 max)
Unwinding recursion receive iteration 2 (3 max)
Unwinding recursion invest iteration 2 (3 max)
Unwinding loop 47 iteration 1   file /home/samson/workspace/esbmc/src/c2goto/library/solidity/solidity_mapping.c line 27 column 3 function map_get_raw
Unwinding loop 47 iteration 2   file /home/samson/workspace/esbmc/src/c2goto/library/solidity/solidity_mapping.c line 27 column 3 function map_get_raw
Not unwinding loop 47 iteration 3   file /home/samson/workspace/esbmc/src/c2goto/library/solidity/solidity_mapping.c line 27 column 3 function map_get_raw
Unwinding loop 47 iteration 1   file /home/samson/workspace/esbmc/src/c2goto/library/solidity/solidity_mapping.c line 27 column 3 function map_get_raw
Unwinding loop 47 iteration 2   file /home/samson/workspace/esbmc/src/c2goto/library/solidity/solidity_mapping.c line 27 column 3 function map_get_raw
Not unwinding loop 47 iteration 3   file /home/samson/workspace/esbmc/src/c2goto/library/solidity/solidity_mapping.c line 27 column 3 function map_get_raw
Unwinding recursion transfer iteration 2 (3 max)
Unwinding recursion receive iteration 2 (3 max)
Unwinding recursion invest iteration 2 (3 max)
Unwinding loop 47 iteration 1   file /home/samson/workspace/esbmc/src/c2goto/library/solidity/solidity_mapping.c line 27 column 3 function map_get_raw
Unwinding loop 47 iteration 2   file /home/samson/workspace/esbmc/src/c2goto/library/solidity/solidity_mapping.c line 27 column 3 function map_get_raw
Not unwinding loop 47 iteration 3   file /home/samson/workspace/esbmc/src/c2goto/library/solidity/solidity_mapping.c line 27 column 3 function map_get_raw
Unwinding loop 47 iteration 1   file /home/samson/workspace/esbmc/src/c2goto/library/solidity/solidity_mapping.c line 27 column 3 function map_get_raw
Unwinding loop 47 iteration 2   file /home/samson/workspace/esbmc/src/c2goto/library/solidity/solidity_mapping.c line 27 column 3 function map_get_raw
Not unwinding loop 47 iteration 3   file /home/samson/workspace/esbmc/src/c2goto/library/solidity/solidity_mapping.c line 27 column 3 function map_get_raw
Unwinding recursion transfer iteration 3 (3 max)
Unwinding recursion receive iteration 3 (3 max)
Unwinding recursion receive iteration 2 (3 max)
Unwinding recursion invest iteration 2 (3 max)
Unwinding loop 47 iteration 1   file /home/samson/workspace/esbmc/src/c2goto/library/solidity/solidity_mapping.c line 27 column 3 function map_get_raw
Unwinding loop 47 iteration 2   file /home/samson/workspace/esbmc/src/c2goto/library/solidity/solidity_mapping.c line 27 column 3 function map_get_raw
Not unwinding loop 47 iteration 3   file /home/samson/workspace/esbmc/src/c2goto/library/solidity/solidity_mapping.c line 27 column 3 function map_get_raw
Unwinding loop 47 iteration 1   file /home/samson/workspace/esbmc/src/c2goto/library/solidity/solidity_mapping.c line 27 column 3 function map_get_raw
Unwinding loop 47 iteration 2   file /home/samson/workspace/esbmc/src/c2goto/library/solidity/solidity_mapping.c line 27 column 3 function map_get_raw
Not unwinding loop 47 iteration 3   file /home/samson/workspace/esbmc/src/c2goto/library/solidity/solidity_mapping.c line 27 column 3 function map_get_raw
Unwinding recursion transfer iteration 2 (3 max)
Unwinding recursion receive iteration 1 (3 max)
Unwinding recursion invest iteration 1 (3 max)
Unwinding loop 47 iteration 1   file /home/samson/workspace/esbmc/src/c2goto/library/solidity/solidity_mapping.c line 27 column 3 function map_get_raw
Unwinding loop 47 iteration 2   file /home/samson/workspace/esbmc/src/c2goto/library/solidity/solidity_mapping.c line 27 column 3 function map_get_raw
Not unwinding loop 47 iteration 3   file /home/samson/workspace/esbmc/src/c2goto/library/solidity/solidity_mapping.c line 27 column 3 function map_get_raw
Unwinding loop 47 iteration 1   file /home/samson/workspace/esbmc/src/c2goto/library/solidity/solidity_mapping.c line 27 column 3 function map_get_raw
Unwinding loop 47 iteration 2   file /home/samson/workspace/esbmc/src/c2goto/library/solidity/solidity_mapping.c line 27 column 3 function map_get_raw
Not unwinding loop 47 iteration 3   file /home/samson/workspace/esbmc/src/c2goto/library/solidity/solidity_mapping.c line 27 column 3 function map_get_raw
Unwinding recursion transfer iteration 2 (3 max)
Unwinding recursion receive iteration 2 (3 max)
Unwinding recursion invest iteration 2 (3 max)
Unwinding loop 47 iteration 1   file /home/samson/workspace/esbmc/src/c2goto/library/solidity/solidity_mapping.c line 27 column 3 function map_get_raw
Unwinding loop 47 iteration 2   file /home/samson/workspace/esbmc/src/c2goto/library/solidity/solidity_mapping.c line 27 column 3 function map_get_raw
Not unwinding loop 47 iteration 3   file /home/samson/workspace/esbmc/src/c2goto/library/solidity/solidity_mapping.c line 27 column 3 function map_get_raw
Unwinding loop 47 iteration 1   file /home/samson/workspace/esbmc/src/c2goto/library/solidity/solidity_mapping.c line 27 column 3 function map_get_raw
Unwinding loop 47 iteration 2   file /home/samson/workspace/esbmc/src/c2goto/library/solidity/solidity_mapping.c line 27 column 3 function map_get_raw
Not unwinding loop 47 iteration 3   file /home/samson/workspace/esbmc/src/c2goto/library/solidity/solidity_mapping.c line 27 column 3 function map_get_raw
Unwinding recursion transfer iteration 3 (3 max)
Unwinding recursion receive iteration 3 (3 max)
Unwinding recursion receive iteration 3 (3 max)
Unwinding loop 47 iteration 1   file /home/samson/workspace/esbmc/src/c2goto/library/solidity/solidity_mapping.c line 27 column 3 function map_get_raw
Unwinding loop 47 iteration 2   file /home/samson/workspace/esbmc/src/c2goto/library/solidity/solidity_mapping.c line 27 column 3 function map_get_raw
Not unwinding loop 47 iteration 3   file /home/samson/workspace/esbmc/src/c2goto/library/solidity/solidity_mapping.c line 27 column 3 function map_get_raw
Unwinding loop 47 iteration 1   file /home/samson/workspace/esbmc/src/c2goto/library/solidity/solidity_mapping.c line 27 column 3 function map_get_raw
Unwinding loop 47 iteration 2   file /home/samson/workspace/esbmc/src/c2goto/library/solidity/solidity_mapping.c line 27 column 3 function map_get_raw
Not unwinding loop 47 iteration 3   file /home/samson/workspace/esbmc/src/c2goto/library/solidity/solidity_mapping.c line 27 column 3 function map_get_raw
Unwinding loop 47 iteration 1   file /home/samson/workspace/esbmc/src/c2goto/library/solidity/solidity_mapping.c line 27 column 3 function map_get_raw
Unwinding loop 47 iteration 2   file /home/samson/workspace/esbmc/src/c2goto/library/solidity/solidity_mapping.c line 27 column 3 function map_get_raw
Not unwinding loop 47 iteration 3   file /home/samson/workspace/esbmc/src/c2goto/library/solidity/solidity_mapping.c line 27 column 3 function map_get_raw
Unwinding loop 47 iteration 1   file /home/samson/workspace/esbmc/src/c2goto/library/solidity/solidity_mapping.c line 27 column 3 function map_get_raw
Unwinding loop 47 iteration 2   file /home/samson/workspace/esbmc/src/c2goto/library/solidity/solidity_mapping.c line 27 column 3 function map_get_raw
Not unwinding loop 47 iteration 3   file /home/samson/workspace/esbmc/src/c2goto/library/solidity/solidity_mapping.c line 27 column 3 function map_get_raw
Unwinding recursion transfer iteration 1 (3 max)
Unwinding recursion receive iteration 1 (3 max)
Unwinding recursion invest iteration 1 (3 max)
Unwinding loop 47 iteration 1   file /home/samson/workspace/esbmc/src/c2goto/library/solidity/solidity_mapping.c line 27 column 3 function map_get_raw
Unwinding loop 47 iteration 2   file /home/samson/workspace/esbmc/src/c2goto/library/solidity/solidity_mapping.c line 27 column 3 function map_get_raw
Not unwinding loop 47 iteration 3   file /home/samson/workspace/esbmc/src/c2goto/library/solidity/solidity_mapping.c line 27 column 3 function map_get_raw
Unwinding loop 47 iteration 1   file /home/samson/workspace/esbmc/src/c2goto/library/solidity/solidity_mapping.c line 27 column 3 function map_get_raw
Unwinding loop 47 iteration 2   file /home/samson/workspace/esbmc/src/c2goto/library/solidity/solidity_mapping.c line 27 column 3 function map_get_raw
Not unwinding loop 47 iteration 3   file /home/samson/workspace/esbmc/src/c2goto/library/solidity/solidity_mapping.c line 27 column 3 function map_get_raw
Unwinding recursion transfer iteration 2 (3 max)
Unwinding recursion receive iteration 2 (3 max)
Unwinding recursion invest iteration 2 (3 max)
Unwinding loop 47 iteration 1   file /home/samson/workspace/esbmc/src/c2goto/library/solidity/solidity_mapping.c line 27 column 3 function map_get_raw
Unwinding loop 47 iteration 2   file /home/samson/workspace/esbmc/src/c2goto/library/solidity/solidity_mapping.c line 27 column 3 function map_get_raw
Not unwinding loop 47 iteration 3   file /home/samson/workspace/esbmc/src/c2goto/library/solidity/solidity_mapping.c line 27 column 3 function map_get_raw
Unwinding loop 47 iteration 1   file /home/samson/workspace/esbmc/src/c2goto/library/solidity/solidity_mapping.c line 27 column 3 function map_get_raw
Unwinding loop 47 iteration 2   file /home/samson/workspace/esbmc/src/c2goto/library/solidity/solidity_mapping.c line 27 column 3 function map_get_raw
Not unwinding loop 47 iteration 3   file /home/samson/workspace/esbmc/src/c2goto/library/solidity/solidity_mapping.c line 27 column 3 function map_get_raw
Unwinding recursion transfer iteration 3 (3 max)
Unwinding recursion receive iteration 1 (3 max)
Unwinding recursion invest iteration 1 (3 max)
Unwinding loop 47 iteration 1   file /home/samson/workspace/esbmc/src/c2goto/library/solidity/solidity_mapping.c line 27 column 3 function map_get_raw
Unwinding loop 47 iteration 2   file /home/samson/workspace/esbmc/src/c2goto/library/solidity/solidity_mapping.c line 27 column 3 function map_get_raw
Not unwinding loop 47 iteration 3   file /home/samson/workspace/esbmc/src/c2goto/library/solidity/solidity_mapping.c line 27 column 3 function map_get_raw
Unwinding loop 47 iteration 1   file /home/samson/workspace/esbmc/src/c2goto/library/solidity/solidity_mapping.c line 27 column 3 function map_get_raw
Unwinding loop 47 iteration 2   file /home/samson/workspace/esbmc/src/c2goto/library/solidity/solidity_mapping.c line 27 column 3 function map_get_raw
Not unwinding loop 47 iteration 3   file /home/samson/workspace/esbmc/src/c2goto/library/solidity/solidity_mapping.c line 27 column 3 function map_get_raw
Unwinding recursion transfer iteration 1 (3 max)
Unwinding recursion receive iteration 2 (3 max)
Unwinding recursion invest iteration 2 (3 max)
Unwinding loop 47 iteration 1   file /home/samson/workspace/esbmc/src/c2goto/library/solidity/solidity_mapping.c line 27 column 3 function map_get_raw
Unwinding loop 47 iteration 2   file /home/samson/workspace/esbmc/src/c2goto/library/solidity/solidity_mapping.c line 27 column 3 function map_get_raw
Not unwinding loop 47 iteration 3   file /home/samson/workspace/esbmc/src/c2goto/library/solidity/solidity_mapping.c line 27 column 3 function map_get_raw
Unwinding loop 47 iteration 1   file /home/samson/workspace/esbmc/src/c2goto/library/solidity/solidity_mapping.c line 27 column 3 function map_get_raw
Unwinding loop 47 iteration 2   file /home/samson/workspace/esbmc/src/c2goto/library/solidity/solidity_mapping.c line 27 column 3 function map_get_raw
Not unwinding loop 47 iteration 3   file /home/samson/workspace/esbmc/src/c2goto/library/solidity/solidity_mapping.c line 27 column 3 function map_get_raw
Unwinding recursion transfer iteration 3 (3 max)
Unwinding recursion receive iteration 2 (3 max)
Unwinding recursion invest iteration 2 (3 max)
Unwinding loop 47 iteration 1   file /home/samson/workspace/esbmc/src/c2goto/library/solidity/solidity_mapping.c line 27 column 3 function map_get_raw
Unwinding loop 47 iteration 2   file /home/samson/workspace/esbmc/src/c2goto/library/solidity/solidity_mapping.c line 27 column 3 function map_get_raw
Not unwinding loop 47 iteration 3   file /home/samson/workspace/esbmc/src/c2goto/library/solidity/solidity_mapping.c line 27 column 3 function map_get_raw
Unwinding loop 47 iteration 1   file /home/samson/workspace/esbmc/src/c2goto/library/solidity/solidity_mapping.c line 27 column 3 function map_get_raw
Unwinding loop 47 iteration 2   file /home/samson/workspace/esbmc/src/c2goto/library/solidity/solidity_mapping.c line 27 column 3 function map_get_raw
Not unwinding loop 47 iteration 3   file /home/samson/workspace/esbmc/src/c2goto/library/solidity/solidity_mapping.c line 27 column 3 function map_get_raw
Unwinding recursion transfer iteration 2 (3 max)
Unwinding recursion receive iteration 2 (3 max)
Unwinding recursion invest iteration 2 (3 max)
Unwinding loop 47 iteration 1   file /home/samson/workspace/esbmc/src/c2goto/library/solidity/solidity_mapping.c line 27 column 3 function map_get_raw
Unwinding loop 47 iteration 2   file /home/samson/workspace/esbmc/src/c2goto/library/solidity/solidity_mapping.c line 27 column 3 function map_get_raw
Not unwinding loop 47 iteration 3   file /home/samson/workspace/esbmc/src/c2goto/library/solidity/solidity_mapping.c line 27 column 3 function map_get_raw
Unwinding loop 47 iteration 1   file /home/samson/workspace/esbmc/src/c2goto/library/solidity/solidity_mapping.c line 27 column 3 function map_get_raw
Unwinding loop 47 iteration 2   file /home/samson/workspace/esbmc/src/c2goto/library/solidity/solidity_mapping.c line 27 column 3 function map_get_raw
Not unwinding loop 47 iteration 3   file /home/samson/workspace/esbmc/src/c2goto/library/solidity/solidity_mapping.c line 27 column 3 function map_get_raw
Unwinding recursion transfer iteration 3 (3 max)
Unwinding recursion receive iteration 3 (3 max)
Unwinding recursion receive iteration 1 (3 max)
Unwinding recursion invest iteration 1 (3 max)
Unwinding loop 47 iteration 1   file /home/samson/workspace/esbmc/src/c2goto/library/solidity/solidity_mapping.c line 27 column 3 function map_get_raw
Unwinding loop 47 iteration 2   file /home/samson/workspace/esbmc/src/c2goto/library/solidity/solidity_mapping.c line 27 column 3 function map_get_raw
Not unwinding loop 47 iteration 3   file /home/samson/workspace/esbmc/src/c2goto/library/solidity/solidity_mapping.c line 27 column 3 function map_get_raw
Unwinding loop 47 iteration 1   file /home/samson/workspace/esbmc/src/c2goto/library/solidity/solidity_mapping.c line 27 column 3 function map_get_raw
Unwinding loop 47 iteration 2   file /home/samson/workspace/esbmc/src/c2goto/library/solidity/solidity_mapping.c line 27 column 3 function map_get_raw
Not unwinding loop 47 iteration 3   file /home/samson/workspace/esbmc/src/c2goto/library/solidity/solidity_mapping.c line 27 column 3 function map_get_raw
Unwinding recursion transfer iteration 1 (3 max)
Unwinding recursion receive iteration 1 (3 max)
Unwinding recursion invest iteration 1 (3 max)
Unwinding loop 47 iteration 1   file /home/samson/workspace/esbmc/src/c2goto/library/solidity/solidity_mapping.c line 27 column 3 function map_get_raw
Unwinding loop 47 iteration 2   file /home/samson/workspace/esbmc/src/c2goto/library/solidity/solidity_mapping.c line 27 column 3 function map_get_raw
Not unwinding loop 47 iteration 3   file /home/samson/workspace/esbmc/src/c2goto/library/solidity/solidity_mapping.c line 27 column 3 function map_get_raw
Unwinding loop 47 iteration 1   file /home/samson/workspace/esbmc/src/c2goto/library/solidity/solidity_mapping.c line 27 column 3 function map_get_raw
Unwinding loop 47 iteration 2   file /home/samson/workspace/esbmc/src/c2goto/library/solidity/solidity_mapping.c line 27 column 3 function map_get_raw
Not unwinding loop 47 iteration 3   file /home/samson/workspace/esbmc/src/c2goto/library/solidity/solidity_mapping.c line 27 column 3 function map_get_raw
Unwinding recursion transfer iteration 2 (3 max)
Unwinding recursion receive iteration 2 (3 max)
Unwinding recursion invest iteration 2 (3 max)
Unwinding loop 47 iteration 1   file /home/samson/workspace/esbmc/src/c2goto/library/solidity/solidity_mapping.c line 27 column 3 function map_get_raw
Unwinding loop 47 iteration 2   file /home/samson/workspace/esbmc/src/c2goto/library/solidity/solidity_mapping.c line 27 column 3 function map_get_raw
Not unwinding loop 47 iteration 3   file /home/samson/workspace/esbmc/src/c2goto/library/solidity/solidity_mapping.c line 27 column 3 function map_get_raw
Unwinding loop 47 iteration 1   file /home/samson/workspace/esbmc/src/c2goto/library/solidity/solidity_mapping.c line 27 column 3 function map_get_raw
Unwinding loop 47 iteration 2   file /home/samson/workspace/esbmc/src/c2goto/library/solidity/solidity_mapping.c line 27 column 3 function map_get_raw
Not unwinding loop 47 iteration 3   file /home/samson/workspace/esbmc/src/c2goto/library/solidity/solidity_mapping.c line 27 column 3 function map_get_raw
Unwinding recursion transfer iteration 3 (3 max)
Unwinding recursion receive iteration 2 (3 max)
Unwinding recursion invest iteration 2 (3 max)
Unwinding loop 47 iteration 1   file /home/samson/workspace/esbmc/src/c2goto/library/solidity/solidity_mapping.c line 27 column 3 function map_get_raw
Unwinding loop 47 iteration 2   file /home/samson/workspace/esbmc/src/c2goto/library/solidity/solidity_mapping.c line 27 column 3 function map_get_raw
Not unwinding loop 47 iteration 3   file /home/samson/workspace/esbmc/src/c2goto/library/solidity/solidity_mapping.c line 27 column 3 function map_get_raw
Unwinding loop 47 iteration 1   file /home/samson/workspace/esbmc/src/c2goto/library/solidity/solidity_mapping.c line 27 column 3 function map_get_raw
Unwinding loop 47 iteration 2   file /home/samson/workspace/esbmc/src/c2goto/library/solidity/solidity_mapping.c line 27 column 3 function map_get_raw
Not unwinding loop 47 iteration 3   file /home/samson/workspace/esbmc/src/c2goto/library/solidity/solidity_mapping.c line 27 column 3 function map_get_raw
Unwinding recursion transfer iteration 2 (3 max)
Unwinding recursion receive iteration 2 (3 max)
Unwinding recursion invest iteration 2 (3 max)
Unwinding loop 47 iteration 1   file /home/samson/workspace/esbmc/src/c2goto/library/solidity/solidity_mapping.c line 27 column 3 function map_get_raw
Unwinding loop 47 iteration 2   file /home/samson/workspace/esbmc/src/c2goto/library/solidity/solidity_mapping.c line 27 column 3 function map_get_raw
Not unwinding loop 47 iteration 3   file /home/samson/workspace/esbmc/src/c2goto/library/solidity/solidity_mapping.c line 27 column 3 function map_get_raw
Unwinding loop 47 iteration 1   file /home/samson/workspace/esbmc/src/c2goto/library/solidity/solidity_mapping.c line 27 column 3 function map_get_raw
Unwinding loop 47 iteration 2   file /home/samson/workspace/esbmc/src/c2goto/library/solidity/solidity_mapping.c line 27 column 3 function map_get_raw
Not unwinding loop 47 iteration 3   file /home/samson/workspace/esbmc/src/c2goto/library/solidity/solidity_mapping.c line 27 column 3 function map_get_raw
Unwinding recursion transfer iteration 3 (3 max)
Unwinding recursion receive iteration 3 (3 max)
Unwinding recursion receive iteration 2 (3 max)
Unwinding recursion invest iteration 2 (3 max)
Unwinding loop 47 iteration 1   file /home/samson/workspace/esbmc/src/c2goto/library/solidity/solidity_mapping.c line 27 column 3 function map_get_raw
Unwinding loop 47 iteration 2   file /home/samson/workspace/esbmc/src/c2goto/library/solidity/solidity_mapping.c line 27 column 3 function map_get_raw
Not unwinding loop 47 iteration 3   file /home/samson/workspace/esbmc/src/c2goto/library/solidity/solidity_mapping.c line 27 column 3 function map_get_raw
Unwinding loop 47 iteration 1   file /home/samson/workspace/esbmc/src/c2goto/library/solidity/solidity_mapping.c line 27 column 3 function map_get_raw
Unwinding loop 47 iteration 2   file /home/samson/workspace/esbmc/src/c2goto/library/solidity/solidity_mapping.c line 27 column 3 function map_get_raw
Not unwinding loop 47 iteration 3   file /home/samson/workspace/esbmc/src/c2goto/library/solidity/solidity_mapping.c line 27 column 3 function map_get_raw
Unwinding recursion transfer iteration 2 (3 max)
Unwinding recursion receive iteration 1 (3 max)
Unwinding recursion invest iteration 1 (3 max)
Unwinding loop 47 iteration 1   file /home/samson/workspace/esbmc/src/c2goto/library/solidity/solidity_mapping.c line 27 column 3 function map_get_raw
Unwinding loop 47 iteration 2   file /home/samson/workspace/esbmc/src/c2goto/library/solidity/solidity_mapping.c line 27 column 3 function map_get_raw
Not unwinding loop 47 iteration 3   file /home/samson/workspace/esbmc/src/c2goto/library/solidity/solidity_mapping.c line 27 column 3 function map_get_raw
Unwinding loop 47 iteration 1   file /home/samson/workspace/esbmc/src/c2goto/library/solidity/solidity_mapping.c line 27 column 3 function map_get_raw
Unwinding loop 47 iteration 2   file /home/samson/workspace/esbmc/src/c2goto/library/solidity/solidity_mapping.c line 27 column 3 function map_get_raw
Not unwinding loop 47 iteration 3   file /home/samson/workspace/esbmc/src/c2goto/library/solidity/solidity_mapping.c line 27 column 3 function map_get_raw
Unwinding recursion transfer iteration 2 (3 max)
Unwinding recursion receive iteration 2 (3 max)
Unwinding recursion invest iteration 2 (3 max)
Unwinding loop 47 iteration 1   file /home/samson/workspace/esbmc/src/c2goto/library/solidity/solidity_mapping.c line 27 column 3 function map_get_raw
Unwinding loop 47 iteration 2   file /home/samson/workspace/esbmc/src/c2goto/library/solidity/solidity_mapping.c line 27 column 3 function map_get_raw
Not unwinding loop 47 iteration 3   file /home/samson/workspace/esbmc/src/c2goto/library/solidity/solidity_mapping.c line 27 column 3 function map_get_raw
Unwinding loop 47 iteration 1   file /home/samson/workspace/esbmc/src/c2goto/library/solidity/solidity_mapping.c line 27 column 3 function map_get_raw
Unwinding loop 47 iteration 2   file /home/samson/workspace/esbmc/src/c2goto/library/solidity/solidity_mapping.c line 27 column 3 function map_get_raw
Not unwinding loop 47 iteration 3   file /home/samson/workspace/esbmc/src/c2goto/library/solidity/solidity_mapping.c line 27 column 3 function map_get_raw
Unwinding recursion transfer iteration 3 (3 max)
Unwinding recursion receive iteration 3 (3 max)
Unwinding recursion receive iteration 3 (3 max)
Unwinding recursion receive iteration 1 (3 max)
Unwinding recursion invest iteration 1 (3 max)
Unwinding loop 47 iteration 1   file /home/samson/workspace/esbmc/src/c2goto/library/solidity/solidity_mapping.c line 27 column 3 function map_get_raw
Unwinding loop 47 iteration 2   file /home/samson/workspace/esbmc/src/c2goto/library/solidity/solidity_mapping.c line 27 column 3 function map_get_raw
Not unwinding loop 47 iteration 3   file /home/samson/workspace/esbmc/src/c2goto/library/solidity/solidity_mapping.c line 27 column 3 function map_get_raw
Unwinding loop 47 iteration 1   file /home/samson/workspace/esbmc/src/c2goto/library/solidity/solidity_mapping.c line 27 column 3 function map_get_raw
Unwinding loop 47 iteration 2   file /home/samson/workspace/esbmc/src/c2goto/library/solidity/solidity_mapping.c line 27 column 3 function map_get_raw
Not unwinding loop 47 iteration 3   file /home/samson/workspace/esbmc/src/c2goto/library/solidity/solidity_mapping.c line 27 column 3 function map_get_raw
Unwinding recursion transfer iteration 1 (3 max)
Unwinding loop 47 iteration 1   file /home/samson/workspace/esbmc/src/c2goto/library/solidity/solidity_mapping.c line 27 column 3 function map_get_raw
Unwinding loop 47 iteration 2   file /home/samson/workspace/esbmc/src/c2goto/library/solidity/solidity_mapping.c line 27 column 3 function map_get_raw
Not unwinding loop 47 iteration 3   file /home/samson/workspace/esbmc/src/c2goto/library/solidity/solidity_mapping.c line 27 column 3 function map_get_raw
Unwinding loop 47 iteration 1   file /home/samson/workspace/esbmc/src/c2goto/library/solidity/solidity_mapping.c line 27 column 3 function map_get_raw
Unwinding loop 47 iteration 2   file /home/samson/workspace/esbmc/src/c2goto/library/solidity/solidity_mapping.c line 27 column 3 function map_get_raw
Not unwinding loop 47 iteration 3   file /home/samson/workspace/esbmc/src/c2goto/library/solidity/solidity_mapping.c line 27 column 3 function map_get_raw
Unwinding recursion transfer iteration 1 (3 max)
Unwinding recursion receive iteration 1 (3 max)
Unwinding recursion invest iteration 1 (3 max)
Unwinding loop 47 iteration 1   file /home/samson/workspace/esbmc/src/c2goto/library/solidity/solidity_mapping.c line 27 column 3 function map_get_raw
Unwinding loop 47 iteration 2   file /home/samson/workspace/esbmc/src/c2goto/library/solidity/solidity_mapping.c line 27 column 3 function map_get_raw
Not unwinding loop 47 iteration 3   file /home/samson/workspace/esbmc/src/c2goto/library/solidity/solidity_mapping.c line 27 column 3 function map_get_raw
Unwinding loop 47 iteration 1   file /home/samson/workspace/esbmc/src/c2goto/library/solidity/solidity_mapping.c line 27 column 3 function map_get_raw
Unwinding loop 47 iteration 2   file /home/samson/workspace/esbmc/src/c2goto/library/solidity/solidity_mapping.c line 27 column 3 function map_get_raw
Not unwinding loop 47 iteration 3   file /home/samson/workspace/esbmc/src/c2goto/library/solidity/solidity_mapping.c line 27 column 3 function map_get_raw
Unwinding recursion transfer iteration 2 (3 max)
Unwinding recursion receive iteration 2 (3 max)
Unwinding recursion invest iteration 2 (3 max)
Unwinding loop 47 iteration 1   file /home/samson/workspace/esbmc/src/c2goto/library/solidity/solidity_mapping.c line 27 column 3 function map_get_raw
Unwinding loop 47 iteration 2   file /home/samson/workspace/esbmc/src/c2goto/library/solidity/solidity_mapping.c line 27 column 3 function map_get_raw
Not unwinding loop 47 iteration 3   file /home/samson/workspace/esbmc/src/c2goto/library/solidity/solidity_mapping.c line 27 column 3 function map_get_raw
Unwinding loop 47 iteration 1   file /home/samson/workspace/esbmc/src/c2goto/library/solidity/solidity_mapping.c line 27 column 3 function map_get_raw
Unwinding loop 47 iteration 2   file /home/samson/workspace/esbmc/src/c2goto/library/solidity/solidity_mapping.c line 27 column 3 function map_get_raw
Not unwinding loop 47 iteration 3   file /home/samson/workspace/esbmc/src/c2goto/library/solidity/solidity_mapping.c line 27 column 3 function map_get_raw
Unwinding recursion transfer iteration 3 (3 max)
Unwinding recursion receive iteration 2 (3 max)
Unwinding recursion invest iteration 2 (3 max)
Unwinding loop 47 iteration 1   file /home/samson/workspace/esbmc/src/c2goto/library/solidity/solidity_mapping.c line 27 column 3 function map_get_raw
Unwinding loop 47 iteration 2   file /home/samson/workspace/esbmc/src/c2goto/library/solidity/solidity_mapping.c line 27 column 3 function map_get_raw
Not unwinding loop 47 iteration 3   file /home/samson/workspace/esbmc/src/c2goto/library/solidity/solidity_mapping.c line 27 column 3 function map_get_raw
Unwinding loop 47 iteration 1   file /home/samson/workspace/esbmc/src/c2goto/library/solidity/solidity_mapping.c line 27 column 3 function map_get_raw
Unwinding loop 47 iteration 2   file /home/samson/workspace/esbmc/src/c2goto/library/solidity/solidity_mapping.c line 27 column 3 function map_get_raw
Not unwinding loop 47 iteration 3   file /home/samson/workspace/esbmc/src/c2goto/library/solidity/solidity_mapping.c line 27 column 3 function map_get_raw
Unwinding recursion transfer iteration 2 (3 max)
Unwinding recursion receive iteration 2 (3 max)
Unwinding recursion invest iteration 2 (3 max)
Unwinding loop 47 iteration 1   file /home/samson/workspace/esbmc/src/c2goto/library/solidity/solidity_mapping.c line 27 column 3 function map_get_raw
Unwinding loop 47 iteration 2   file /home/samson/workspace/esbmc/src/c2goto/library/solidity/solidity_mapping.c line 27 column 3 function map_get_raw
Not unwinding loop 47 iteration 3   file /home/samson/workspace/esbmc/src/c2goto/library/solidity/solidity_mapping.c line 27 column 3 function map_get_raw
Unwinding loop 47 iteration 1   file /home/samson/workspace/esbmc/src/c2goto/library/solidity/solidity_mapping.c line 27 column 3 function map_get_raw
Unwinding loop 47 iteration 2   file /home/samson/workspace/esbmc/src/c2goto/library/solidity/solidity_mapping.c line 27 column 3 function map_get_raw
Not unwinding loop 47 iteration 3   file /home/samson/workspace/esbmc/src/c2goto/library/solidity/solidity_mapping.c line 27 column 3 function map_get_raw
Unwinding recursion transfer iteration 3 (3 max)
Unwinding recursion receive iteration 3 (3 max)
Unwinding recursion receive iteration 2 (3 max)
Unwinding recursion invest iteration 2 (3 max)
Unwinding loop 47 iteration 1   file /home/samson/workspace/esbmc/src/c2goto/library/solidity/solidity_mapping.c line 27 column 3 function map_get_raw
Unwinding loop 47 iteration 2   file /home/samson/workspace/esbmc/src/c2goto/library/solidity/solidity_mapping.c line 27 column 3 function map_get_raw
Not unwinding loop 47 iteration 3   file /home/samson/workspace/esbmc/src/c2goto/library/solidity/solidity_mapping.c line 27 column 3 function map_get_raw
Unwinding loop 47 iteration 1   file /home/samson/workspace/esbmc/src/c2goto/library/solidity/solidity_mapping.c line 27 column 3 function map_get_raw
Unwinding loop 47 iteration 2   file /home/samson/workspace/esbmc/src/c2goto/library/solidity/solidity_mapping.c line 27 column 3 function map_get_raw
Not unwinding loop 47 iteration 3   file /home/samson/workspace/esbmc/src/c2goto/library/solidity/solidity_mapping.c line 27 column 3 function map_get_raw
Unwinding recursion transfer iteration 2 (3 max)
Unwinding recursion receive iteration 1 (3 max)
Unwinding recursion invest iteration 1 (3 max)
Unwinding loop 47 iteration 1   file /home/samson/workspace/esbmc/src/c2goto/library/solidity/solidity_mapping.c line 27 column 3 function map_get_raw
Unwinding loop 47 iteration 2   file /home/samson/workspace/esbmc/src/c2goto/library/solidity/solidity_mapping.c line 27 column 3 function map_get_raw
Not unwinding loop 47 iteration 3   file /home/samson/workspace/esbmc/src/c2goto/library/solidity/solidity_mapping.c line 27 column 3 function map_get_raw
Unwinding loop 47 iteration 1   file /home/samson/workspace/esbmc/src/c2goto/library/solidity/solidity_mapping.c line 27 column 3 function map_get_raw
Unwinding loop 47 iteration 2   file /home/samson/workspace/esbmc/src/c2goto/library/solidity/solidity_mapping.c line 27 column 3 function map_get_raw
Not unwinding loop 47 iteration 3   file /home/samson/workspace/esbmc/src/c2goto/library/solidity/solidity_mapping.c line 27 column 3 function map_get_raw
Unwinding recursion transfer iteration 2 (3 max)
Unwinding recursion receive iteration 2 (3 max)
Unwinding recursion invest iteration 2 (3 max)
Unwinding loop 47 iteration 1   file /home/samson/workspace/esbmc/src/c2goto/library/solidity/solidity_mapping.c line 27 column 3 function map_get_raw
Unwinding loop 47 iteration 2   file /home/samson/workspace/esbmc/src/c2goto/library/solidity/solidity_mapping.c line 27 column 3 function map_get_raw
Not unwinding loop 47 iteration 3   file /home/samson/workspace/esbmc/src/c2goto/library/solidity/solidity_mapping.c line 27 column 3 function map_get_raw
Unwinding loop 47 iteration 1   file /home/samson/workspace/esbmc/src/c2goto/library/solidity/solidity_mapping.c line 27 column 3 function map_get_raw
Unwinding loop 47 iteration 2   file /home/samson/workspace/esbmc/src/c2goto/library/solidity/solidity_mapping.c line 27 column 3 function map_get_raw
Not unwinding loop 47 iteration 3   file /home/samson/workspace/esbmc/src/c2goto/library/solidity/solidity_mapping.c line 27 column 3 function map_get_raw
Unwinding recursion transfer iteration 3 (3 max)
Unwinding recursion receive iteration 3 (3 max)
Unwinding recursion receive iteration 3 (3 max)
Unwinding recursion receive iteration 2 (3 max)
Unwinding recursion invest iteration 2 (3 max)
Unwinding loop 47 iteration 1   file /home/samson/workspace/esbmc/src/c2goto/library/solidity/solidity_mapping.c line 27 column 3 function map_get_raw
Unwinding loop 47 iteration 2   file /home/samson/workspace/esbmc/src/c2goto/library/solidity/solidity_mapping.c line 27 column 3 function map_get_raw
Not unwinding loop 47 iteration 3   file /home/samson/workspace/esbmc/src/c2goto/library/solidity/solidity_mapping.c line 27 column 3 function map_get_raw
Unwinding loop 47 iteration 1   file /home/samson/workspace/esbmc/src/c2goto/library/solidity/solidity_mapping.c line 27 column 3 function map_get_raw
Unwinding loop 47 iteration 2   file /home/samson/workspace/esbmc/src/c2goto/library/solidity/solidity_mapping.c line 27 column 3 function map_get_raw
Not unwinding loop 47 iteration 3   file /home/samson/workspace/esbmc/src/c2goto/library/solidity/solidity_mapping.c line 27 column 3 function map_get_raw
Unwinding recursion transfer iteration 2 (3 max)
Unwinding loop 47 iteration 1   file /home/samson/workspace/esbmc/src/c2goto/library/solidity/solidity_mapping.c line 27 column 3 function map_get_raw
Unwinding loop 47 iteration 2   file /home/samson/workspace/esbmc/src/c2goto/library/solidity/solidity_mapping.c line 27 column 3 function map_get_raw
Not unwinding loop 47 iteration 3   file /home/samson/workspace/esbmc/src/c2goto/library/solidity/solidity_mapping.c line 27 column 3 function map_get_raw
Unwinding loop 47 iteration 1   file /home/samson/workspace/esbmc/src/c2goto/library/solidity/solidity_mapping.c line 27 column 3 function map_get_raw
Unwinding loop 47 iteration 2   file /home/samson/workspace/esbmc/src/c2goto/library/solidity/solidity_mapping.c line 27 column 3 function map_get_raw
Not unwinding loop 47 iteration 3   file /home/samson/workspace/esbmc/src/c2goto/library/solidity/solidity_mapping.c line 27 column 3 function map_get_raw
Unwinding recursion transfer iteration 1 (3 max)
Unwinding recursion receive iteration 1 (3 max)
Unwinding recursion invest iteration 1 (3 max)
Unwinding loop 47 iteration 1   file /home/samson/workspace/esbmc/src/c2goto/library/solidity/solidity_mapping.c line 27 column 3 function map_get_raw
Unwinding loop 47 iteration 2   file /home/samson/workspace/esbmc/src/c2goto/library/solidity/solidity_mapping.c line 27 column 3 function map_get_raw
Not unwinding loop 47 iteration 3   file /home/samson/workspace/esbmc/src/c2goto/library/solidity/solidity_mapping.c line 27 column 3 function map_get_raw
Unwinding loop 47 iteration 1   file /home/samson/workspace/esbmc/src/c2goto/library/solidity/solidity_mapping.c line 27 column 3 function map_get_raw
Unwinding loop 47 iteration 2   file /home/samson/workspace/esbmc/src/c2goto/library/solidity/solidity_mapping.c line 27 column 3 function map_get_raw
Not unwinding loop 47 iteration 3   file /home/samson/workspace/esbmc/src/c2goto/library/solidity/solidity_mapping.c line 27 column 3 function map_get_raw
Unwinding recursion transfer iteration 2 (3 max)
Unwinding recursion receive iteration 2 (3 max)
Unwinding recursion invest iteration 2 (3 max)
Unwinding loop 47 iteration 1   file /home/samson/workspace/esbmc/src/c2goto/library/solidity/solidity_mapping.c line 27 column 3 function map_get_raw
Unwinding loop 47 iteration 2   file /home/samson/workspace/esbmc/src/c2goto/library/solidity/solidity_mapping.c line 27 column 3 function map_get_raw
Not unwinding loop 47 iteration 3   file /home/samson/workspace/esbmc/src/c2goto/library/solidity/solidity_mapping.c line 27 column 3 function map_get_raw
Unwinding loop 47 iteration 1   file /home/samson/workspace/esbmc/src/c2goto/library/solidity/solidity_mapping.c line 27 column 3 function map_get_raw
Unwinding loop 47 iteration 2   file /home/samson/workspace/esbmc/src/c2goto/library/solidity/solidity_mapping.c line 27 column 3 function map_get_raw
Not unwinding loop 47 iteration 3   file /home/samson/workspace/esbmc/src/c2goto/library/solidity/solidity_mapping.c line 27 column 3 function map_get_raw
Unwinding recursion transfer iteration 3 (3 max)
Unwinding recursion receive iteration 3 (3 max)
Unwinding recursion receive iteration 3 (3 max)
Unwinding recursion receive iteration 3 (3 max)
Unwinding loop 47 iteration 1   file /home/samson/workspace/esbmc/src/c2goto/library/solidity/solidity_mapping.c line 27 column 3 function map_get_raw
Unwinding loop 47 iteration 2   file /home/samson/workspace/esbmc/src/c2goto/library/solidity/solidity_mapping.c line 27 column 3 function map_get_raw
Not unwinding loop 47 iteration 3   file /home/samson/workspace/esbmc/src/c2goto/library/solidity/solidity_mapping.c line 27 column 3 function map_get_raw
Unwinding loop 47 iteration 1   file /home/samson/workspace/esbmc/src/c2goto/library/solidity/solidity_mapping.c line 27 column 3 function map_get_raw
Unwinding loop 47 iteration 2   file /home/samson/workspace/esbmc/src/c2goto/library/solidity/solidity_mapping.c line 27 column 3 function map_get_raw
Not unwinding loop 47 iteration 3   file /home/samson/workspace/esbmc/src/c2goto/library/solidity/solidity_mapping.c line 27 column 3 function map_get_raw
Unwinding recursion receive iteration 1 (3 max)
Unwinding recursion invest iteration 1 (3 max)
Unwinding loop 47 iteration 1   file /home/samson/workspace/esbmc/src/c2goto/library/solidity/solidity_mapping.c line 27 column 3 function map_get_raw
Unwinding loop 47 iteration 2   file /home/samson/workspace/esbmc/src/c2goto/library/solidity/solidity_mapping.c line 27 column 3 function map_get_raw
Not unwinding loop 47 iteration 3   file /home/samson/workspace/esbmc/src/c2goto/library/solidity/solidity_mapping.c line 27 column 3 function map_get_raw
Unwinding loop 47 iteration 1   file /home/samson/workspace/esbmc/src/c2goto/library/solidity/solidity_mapping.c line 27 column 3 function map_get_raw
Unwinding loop 47 iteration 2   file /home/samson/workspace/esbmc/src/c2goto/library/solidity/solidity_mapping.c line 27 column 3 function map_get_raw
Not unwinding loop 47 iteration 3   file /home/samson/workspace/esbmc/src/c2goto/library/solidity/solidity_mapping.c line 27 column 3 function map_get_raw
Unwinding recursion transfer iteration 1 (3 max)
Unwinding recursion receive iteration 2 (3 max)
Unwinding recursion invest iteration 2 (3 max)
Unwinding loop 47 iteration 1   file /home/samson/workspace/esbmc/src/c2goto/library/solidity/solidity_mapping.c line 27 column 3 function map_get_raw
Unwinding loop 47 iteration 2   file /home/samson/workspace/esbmc/src/c2goto/library/solidity/solidity_mapping.c line 27 column 3 function map_get_raw
Not unwinding loop 47 iteration 3   file /home/samson/workspace/esbmc/src/c2goto/library/solidity/solidity_mapping.c line 27 column 3 function map_get_raw
Unwinding loop 47 iteration 1   file /home/samson/workspace/esbmc/src/c2goto/library/solidity/solidity_mapping.c line 27 column 3 function map_get_raw
Unwinding loop 47 iteration 2   file /home/samson/workspace/esbmc/src/c2goto/library/solidity/solidity_mapping.c line 27 column 3 function map_get_raw
Not unwinding loop 47 iteration 3   file /home/samson/workspace/esbmc/src/c2goto/library/solidity/solidity_mapping.c line 27 column 3 function map_get_raw
Unwinding recursion transfer iteration 2 (3 max)
Unwinding recursion receive iteration 3 (3 max)
Unwinding loop 47 iteration 1   file /home/samson/workspace/esbmc/src/c2goto/library/solidity/solidity_mapping.c line 27 column 3 function map_get_raw
Unwinding loop 47 iteration 2   file /home/samson/workspace/esbmc/src/c2goto/library/solidity/solidity_mapping.c line 27 column 3 function map_get_raw
Not unwinding loop 47 iteration 3   file /home/samson/workspace/esbmc/src/c2goto/library/solidity/solidity_mapping.c line 27 column 3 function map_get_raw
Unwinding loop 47 iteration 1   file /home/samson/workspace/esbmc/src/c2goto/library/solidity/solidity_mapping.c line 27 column 3 function map_get_raw
Unwinding loop 47 iteration 2   file /home/samson/workspace/esbmc/src/c2goto/library/solidity/solidity_mapping.c line 27 column 3 function map_get_raw
Not unwinding loop 47 iteration 3   file /home/samson/workspace/esbmc/src/c2goto/library/solidity/solidity_mapping.c line 27 column 3 function map_get_raw
Unwinding recursion transfer iteration 1 (3 max)
Unwinding recursion receive iteration 3 (3 max)
Unwinding recursion receive iteration 1 (3 max)
Unwinding recursion invest iteration 1 (3 max)
Unwinding loop 47 iteration 1   file /home/samson/workspace/esbmc/src/c2goto/library/solidity/solidity_mapping.c line 27 column 3 function map_get_raw
Unwinding loop 47 iteration 2   file /home/samson/workspace/esbmc/src/c2goto/library/solidity/solidity_mapping.c line 27 column 3 function map_get_raw
Not unwinding loop 47 iteration 3   file /home/samson/workspace/esbmc/src/c2goto/library/solidity/solidity_mapping.c line 27 column 3 function map_get_raw
Unwinding loop 47 iteration 1   file /home/samson/workspace/esbmc/src/c2goto/library/solidity/solidity_mapping.c line 27 column 3 function map_get_raw
Unwinding loop 47 iteration 2   file /home/samson/workspace/esbmc/src/c2goto/library/solidity/solidity_mapping.c line 27 column 3 function map_get_raw
Not unwinding loop 47 iteration 3   file /home/samson/workspace/esbmc/src/c2goto/library/solidity/solidity_mapping.c line 27 column 3 function map_get_raw
Unwinding recursion transfer iteration 2 (3 max)
Unwinding recursion receive iteration 3 (3 max)
Unwinding recursion receive iteration 2 (3 max)
Unwinding recursion invest iteration 2 (3 max)
Unwinding loop 47 iteration 1   file /home/samson/workspace/esbmc/src/c2goto/library/solidity/solidity_mapping.c line 27 column 3 function map_get_raw
Unwinding loop 47 iteration 2   file /home/samson/workspace/esbmc/src/c2goto/library/solidity/solidity_mapping.c line 27 column 3 function map_get_raw
Not unwinding loop 47 iteration 3   file /home/samson/workspace/esbmc/src/c2goto/library/solidity/solidity_mapping.c line 27 column 3 function map_get_raw
Unwinding loop 47 iteration 1   file /home/samson/workspace/esbmc/src/c2goto/library/solidity/solidity_mapping.c line 27 column 3 function map_get_raw
Unwinding loop 47 iteration 2   file /home/samson/workspace/esbmc/src/c2goto/library/solidity/solidity_mapping.c line 27 column 3 function map_get_raw
Not unwinding loop 47 iteration 3   file /home/samson/workspace/esbmc/src/c2goto/library/solidity/solidity_mapping.c line 27 column 3 function map_get_raw
Unwinding recursion transfer iteration 3 (3 max)
Unwinding loop 47 iteration 1   file /home/samson/workspace/esbmc/src/c2goto/library/solidity/solidity_mapping.c line 27 column 3 function map_get_raw
Unwinding loop 47 iteration 2   file /home/samson/workspace/esbmc/src/c2goto/library/solidity/solidity_mapping.c line 27 column 3 function map_get_raw
Not unwinding loop 47 iteration 3   file /home/samson/workspace/esbmc/src/c2goto/library/solidity/solidity_mapping.c line 27 column 3 function map_get_raw
Unwinding loop 47 iteration 1   file /home/samson/workspace/esbmc/src/c2goto/library/solidity/solidity_mapping.c line 27 column 3 function map_get_raw
Unwinding loop 47 iteration 2   file /home/samson/workspace/esbmc/src/c2goto/library/solidity/solidity_mapping.c line 27 column 3 function map_get_raw
Not unwinding loop 47 iteration 3   file /home/samson/workspace/esbmc/src/c2goto/library/solidity/solidity_mapping.c line 27 column 3 function map_get_raw
Unwinding recursion transfer iteration 1 (3 max)
Unwinding recursion receive iteration 2 (3 max)
Unwinding recursion invest iteration 2 (3 max)
Unwinding loop 47 iteration 1   file /home/samson/workspace/esbmc/src/c2goto/library/solidity/solidity_mapping.c line 27 column 3 function map_get_raw
Unwinding loop 47 iteration 2   file /home/samson/workspace/esbmc/src/c2goto/library/solidity/solidity_mapping.c line 27 column 3 function map_get_raw
Not unwinding loop 47 iteration 3   file /home/samson/workspace/esbmc/src/c2goto/library/solidity/solidity_mapping.c line 27 column 3 function map_get_raw
Unwinding loop 47 iteration 1   file /home/samson/workspace/esbmc/src/c2goto/library/solidity/solidity_mapping.c line 27 column 3 function map_get_raw
Unwinding loop 47 iteration 2   file /home/samson/workspace/esbmc/src/c2goto/library/solidity/solidity_mapping.c line 27 column 3 function map_get_raw
Not unwinding loop 47 iteration 3   file /home/samson/workspace/esbmc/src/c2goto/library/solidity/solidity_mapping.c line 27 column 3 function map_get_raw
Unwinding recursion transfer iteration 2 (3 max)
Unwinding recursion receive iteration 3 (3 max)
Unwinding recursion receive iteration 1 (3 max)
Unwinding recursion invest iteration 1 (3 max)
Unwinding loop 47 iteration 1   file /home/samson/workspace/esbmc/src/c2goto/library/solidity/solidity_mapping.c line 27 column 3 function map_get_raw
Unwinding loop 47 iteration 2   file /home/samson/workspace/esbmc/src/c2goto/library/solidity/solidity_mapping.c line 27 column 3 function map_get_raw
Not unwinding loop 47 iteration 3   file /home/samson/workspace/esbmc/src/c2goto/library/solidity/solidity_mapping.c line 27 column 3 function map_get_raw
Unwinding loop 47 iteration 1   file /home/samson/workspace/esbmc/src/c2goto/library/solidity/solidity_mapping.c line 27 column 3 function map_get_raw
Unwinding loop 47 iteration 2   file /home/samson/workspace/esbmc/src/c2goto/library/solidity/solidity_mapping.c line 27 column 3 function map_get_raw
Not unwinding loop 47 iteration 3   file /home/samson/workspace/esbmc/src/c2goto/library/solidity/solidity_mapping.c line 27 column 3 function map_get_raw
Unwinding recursion transfer iteration 2 (3 max)
Unwinding recursion receive iteration 3 (3 max)
Unwinding recursion receive iteration 2 (3 max)
Unwinding recursion invest iteration 2 (3 max)
Unwinding loop 47 iteration 1   file /home/samson/workspace/esbmc/src/c2goto/library/solidity/solidity_mapping.c line 27 column 3 function map_get_raw
Unwinding loop 47 iteration 2   file /home/samson/workspace/esbmc/src/c2goto/library/solidity/solidity_mapping.c line 27 column 3 function map_get_raw
Not unwinding loop 47 iteration 3   file /home/samson/workspace/esbmc/src/c2goto/library/solidity/solidity_mapping.c line 27 column 3 function map_get_raw
Unwinding loop 47 iteration 1   file /home/samson/workspace/esbmc/src/c2goto/library/solidity/solidity_mapping.c line 27 column 3 function map_get_raw
Unwinding loop 47 iteration 2   file /home/samson/workspace/esbmc/src/c2goto/library/solidity/solidity_mapping.c line 27 column 3 function map_get_raw
Not unwinding loop 47 iteration 3   file /home/samson/workspace/esbmc/src/c2goto/library/solidity/solidity_mapping.c line 27 column 3 function map_get_raw
Unwinding recursion transfer iteration 3 (3 max)
Unwinding recursion receive iteration 1 (3 max)
Unwinding recursion invest iteration 1 (3 max)
Unwinding loop 47 iteration 1   file /home/samson/workspace/esbmc/src/c2goto/library/solidity/solidity_mapping.c line 27 column 3 function map_get_raw
Unwinding loop 47 iteration 2   file /home/samson/workspace/esbmc/src/c2goto/library/solidity/solidity_mapping.c line 27 column 3 function map_get_raw
Not unwinding loop 47 iteration 3   file /home/samson/workspace/esbmc/src/c2goto/library/solidity/solidity_mapping.c line 27 column 3 function map_get_raw
Unwinding loop 47 iteration 1   file /home/samson/workspace/esbmc/src/c2goto/library/solidity/solidity_mapping.c line 27 column 3 function map_get_raw
Unwinding loop 47 iteration 2   file /home/samson/workspace/esbmc/src/c2goto/library/solidity/solidity_mapping.c line 27 column 3 function map_get_raw
Not unwinding loop 47 iteration 3   file /home/samson/workspace/esbmc/src/c2goto/library/solidity/solidity_mapping.c line 27 column 3 function map_get_raw
Unwinding recursion transfer iteration 2 (3 max)
Unwinding recursion receive iteration 2 (3 max)
Unwinding recursion invest iteration 2 (3 max)
Unwinding loop 47 iteration 1   file /home/samson/workspace/esbmc/src/c2goto/library/solidity/solidity_mapping.c line 27 column 3 function map_get_raw
Unwinding loop 47 iteration 2   file /home/samson/workspace/esbmc/src/c2goto/library/solidity/solidity_mapping.c line 27 column 3 function map_get_raw
Not unwinding loop 47 iteration 3   file /home/samson/workspace/esbmc/src/c2goto/library/solidity/solidity_mapping.c line 27 column 3 function map_get_raw
Unwinding loop 47 iteration 1   file /home/samson/workspace/esbmc/src/c2goto/library/solidity/solidity_mapping.c line 27 column 3 function map_get_raw
Unwinding loop 47 iteration 2   file /home/samson/workspace/esbmc/src/c2goto/library/solidity/solidity_mapping.c line 27 column 3 function map_get_raw
Not unwinding loop 47 iteration 3   file /home/samson/workspace/esbmc/src/c2goto/library/solidity/solidity_mapping.c line 27 column 3 function map_get_raw
Unwinding recursion transfer iteration 2 (3 max)
Unwinding recursion receive iteration 3 (3 max)
Unwinding recursion receive iteration 2 (3 max)
Unwinding recursion invest iteration 2 (3 max)
Unwinding loop 47 iteration 1   file /home/samson/workspace/esbmc/src/c2goto/library/solidity/solidity_mapping.c line 27 column 3 function map_get_raw
Unwinding loop 47 iteration 2   file /home/samson/workspace/esbmc/src/c2goto/library/solidity/solidity_mapping.c line 27 column 3 function map_get_raw
Not unwinding loop 47 iteration 3   file /home/samson/workspace/esbmc/src/c2goto/library/solidity/solidity_mapping.c line 27 column 3 function map_get_raw
Unwinding loop 47 iteration 1   file /home/samson/workspace/esbmc/src/c2goto/library/solidity/solidity_mapping.c line 27 column 3 function map_get_raw
Unwinding loop 47 iteration 2   file /home/samson/workspace/esbmc/src/c2goto/library/solidity/solidity_mapping.c line 27 column 3 function map_get_raw
Not unwinding loop 47 iteration 3   file /home/samson/workspace/esbmc/src/c2goto/library/solidity/solidity_mapping.c line 27 column 3 function map_get_raw
Unwinding recursion transfer iteration 3 (3 max)
Unwinding recursion receive iteration 2 (3 max)
Unwinding recursion invest iteration 2 (3 max)
Unwinding loop 47 iteration 1   file /home/samson/workspace/esbmc/src/c2goto/library/solidity/solidity_mapping.c line 27 column 3 function map_get_raw
Unwinding loop 47 iteration 2   file /home/samson/workspace/esbmc/src/c2goto/library/solidity/solidity_mapping.c line 27 column 3 function map_get_raw
Not unwinding loop 47 iteration 3   file /home/samson/workspace/esbmc/src/c2goto/library/solidity/solidity_mapping.c line 27 column 3 function map_get_raw
Unwinding loop 47 iteration 1   file /home/samson/workspace/esbmc/src/c2goto/library/solidity/solidity_mapping.c line 27 column 3 function map_get_raw
Unwinding loop 47 iteration 2   file /home/samson/workspace/esbmc/src/c2goto/library/solidity/solidity_mapping.c line 27 column 3 function map_get_raw
Not unwinding loop 47 iteration 3   file /home/samson/workspace/esbmc/src/c2goto/library/solidity/solidity_mapping.c line 27 column 3 function map_get_raw
Unwinding recursion transfer iteration 3 (3 max)
Unwinding loop 47 iteration 1   file /home/samson/workspace/esbmc/src/c2goto/library/solidity/solidity_mapping.c line 27 column 3 function map_get_raw
Unwinding loop 47 iteration 2   file /home/samson/workspace/esbmc/src/c2goto/library/solidity/solidity_mapping.c line 27 column 3 function map_get_raw
Not unwinding loop 47 iteration 3   file /home/samson/workspace/esbmc/src/c2goto/library/solidity/solidity_mapping.c line 27 column 3 function map_get_raw
Unwinding loop 47 iteration 1   file /home/samson/workspace/esbmc/src/c2goto/library/solidity/solidity_mapping.c line 27 column 3 function map_get_raw
Unwinding loop 47 iteration 2   file /home/samson/workspace/esbmc/src/c2goto/library/solidity/solidity_mapping.c line 27 column 3 function map_get_raw
Not unwinding loop 47 iteration 3   file /home/samson/workspace/esbmc/src/c2goto/library/solidity/solidity_mapping.c line 27 column 3 function map_get_raw
Unwinding recursion transfer iteration 1 (3 max)
Unwinding recursion receive iteration 1 (3 max)
Unwinding recursion invest iteration 1 (3 max)
Unwinding loop 47 iteration 1   file /home/samson/workspace/esbmc/src/c2goto/library/solidity/solidity_mapping.c line 27 column 3 function map_get_raw
Unwinding loop 47 iteration 2   file /home/samson/workspace/esbmc/src/c2goto/library/solidity/solidity_mapping.c line 27 column 3 function map_get_raw
Not unwinding loop 47 iteration 3   file /home/samson/workspace/esbmc/src/c2goto/library/solidity/solidity_mapping.c line 27 column 3 function map_get_raw
Unwinding loop 47 iteration 1   file /home/samson/workspace/esbmc/src/c2goto/library/solidity/solidity_mapping.c line 27 column 3 function map_get_raw
Unwinding loop 47 iteration 2   file /home/samson/workspace/esbmc/src/c2goto/library/solidity/solidity_mapping.c line 27 column 3 function map_get_raw
Not unwinding loop 47 iteration 3   file /home/samson/workspace/esbmc/src/c2goto/library/solidity/solidity_mapping.c line 27 column 3 function map_get_raw
Unwinding recursion transfer iteration 1 (3 max)
Unwinding recursion receive iteration 2 (3 max)
Unwinding recursion invest iteration 2 (3 max)
Unwinding loop 47 iteration 1   file /home/samson/workspace/esbmc/src/c2goto/library/solidity/solidity_mapping.c line 27 column 3 function map_get_raw
Unwinding loop 47 iteration 2   file /home/samson/workspace/esbmc/src/c2goto/library/solidity/solidity_mapping.c line 27 column 3 function map_get_raw
Not unwinding loop 47 iteration 3   file /home/samson/workspace/esbmc/src/c2goto/library/solidity/solidity_mapping.c line 27 column 3 function map_get_raw
Unwinding loop 47 iteration 1   file /home/samson/workspace/esbmc/src/c2goto/library/solidity/solidity_mapping.c line 27 column 3 function map_get_raw
Unwinding loop 47 iteration 2   file /home/samson/workspace/esbmc/src/c2goto/library/solidity/solidity_mapping.c line 27 column 3 function map_get_raw
Not unwinding loop 47 iteration 3   file /home/samson/workspace/esbmc/src/c2goto/library/solidity/solidity_mapping.c line 27 column 3 function map_get_raw
Unwinding recursion transfer iteration 2 (3 max)
Unwinding recursion receive iteration 3 (3 max)
Unwinding recursion receive iteration 1 (3 max)
Unwinding recursion invest iteration 1 (3 max)
Unwinding loop 47 iteration 1   file /home/samson/workspace/esbmc/src/c2goto/library/solidity/solidity_mapping.c line 27 column 3 function map_get_raw
Unwinding loop 47 iteration 2   file /home/samson/workspace/esbmc/src/c2goto/library/solidity/solidity_mapping.c line 27 column 3 function map_get_raw
Not unwinding loop 47 iteration 3   file /home/samson/workspace/esbmc/src/c2goto/library/solidity/solidity_mapping.c line 27 column 3 function map_get_raw
Unwinding loop 47 iteration 1   file /home/samson/workspace/esbmc/src/c2goto/library/solidity/solidity_mapping.c line 27 column 3 function map_get_raw
Unwinding loop 47 iteration 2   file /home/samson/workspace/esbmc/src/c2goto/library/solidity/solidity_mapping.c line 27 column 3 function map_get_raw
Not unwinding loop 47 iteration 3   file /home/samson/workspace/esbmc/src/c2goto/library/solidity/solidity_mapping.c line 27 column 3 function map_get_raw
Unwinding recursion transfer iteration 2 (3 max)
Unwinding recursion receive iteration 3 (3 max)
Unwinding recursion receive iteration 2 (3 max)
Unwinding recursion invest iteration 2 (3 max)
Unwinding loop 47 iteration 1   file /home/samson/workspace/esbmc/src/c2goto/library/solidity/solidity_mapping.c line 27 column 3 function map_get_raw
Unwinding loop 47 iteration 2   file /home/samson/workspace/esbmc/src/c2goto/library/solidity/solidity_mapping.c line 27 column 3 function map_get_raw
Not unwinding loop 47 iteration 3   file /home/samson/workspace/esbmc/src/c2goto/library/solidity/solidity_mapping.c line 27 column 3 function map_get_raw
Unwinding loop 47 iteration 1   file /home/samson/workspace/esbmc/src/c2goto/library/solidity/solidity_mapping.c line 27 column 3 function map_get_raw
Unwinding loop 47 iteration 2   file /home/samson/workspace/esbmc/src/c2goto/library/solidity/solidity_mapping.c line 27 column 3 function map_get_raw
Not unwinding loop 47 iteration 3   file /home/samson/workspace/esbmc/src/c2goto/library/solidity/solidity_mapping.c line 27 column 3 function map_get_raw
Unwinding recursion transfer iteration 3 (3 max)
Unwinding recursion receive iteration 1 (3 max)
Unwinding recursion invest iteration 1 (3 max)
Unwinding loop 47 iteration 1   file /home/samson/workspace/esbmc/src/c2goto/library/solidity/solidity_mapping.c line 27 column 3 function map_get_raw
Unwinding loop 47 iteration 2   file /home/samson/workspace/esbmc/src/c2goto/library/solidity/solidity_mapping.c line 27 column 3 function map_get_raw
Not unwinding loop 47 iteration 3   file /home/samson/workspace/esbmc/src/c2goto/library/solidity/solidity_mapping.c line 27 column 3 function map_get_raw
Unwinding loop 47 iteration 1   file /home/samson/workspace/esbmc/src/c2goto/library/solidity/solidity_mapping.c line 27 column 3 function map_get_raw
Unwinding loop 47 iteration 2   file /home/samson/workspace/esbmc/src/c2goto/library/solidity/solidity_mapping.c line 27 column 3 function map_get_raw
Not unwinding loop 47 iteration 3   file /home/samson/workspace/esbmc/src/c2goto/library/solidity/solidity_mapping.c line 27 column 3 function map_get_raw
Unwinding recursion transfer iteration 2 (3 max)
Unwinding recursion receive iteration 2 (3 max)
Unwinding recursion invest iteration 2 (3 max)
Unwinding loop 47 iteration 1   file /home/samson/workspace/esbmc/src/c2goto/library/solidity/solidity_mapping.c line 27 column 3 function map_get_raw
Unwinding loop 47 iteration 2   file /home/samson/workspace/esbmc/src/c2goto/library/solidity/solidity_mapping.c line 27 column 3 function map_get_raw
Not unwinding loop 47 iteration 3   file /home/samson/workspace/esbmc/src/c2goto/library/solidity/solidity_mapping.c line 27 column 3 function map_get_raw
Unwinding loop 47 iteration 1   file /home/samson/workspace/esbmc/src/c2goto/library/solidity/solidity_mapping.c line 27 column 3 function map_get_raw
Unwinding loop 47 iteration 2   file /home/samson/workspace/esbmc/src/c2goto/library/solidity/solidity_mapping.c line 27 column 3 function map_get_raw
Not unwinding loop 47 iteration 3   file /home/samson/workspace/esbmc/src/c2goto/library/solidity/solidity_mapping.c line 27 column 3 function map_get_raw
Unwinding recursion transfer iteration 2 (3 max)
Unwinding recursion receive iteration 3 (3 max)
Unwinding recursion receive iteration 2 (3 max)
Unwinding recursion invest iteration 2 (3 max)
Unwinding loop 47 iteration 1   file /home/samson/workspace/esbmc/src/c2goto/library/solidity/solidity_mapping.c line 27 column 3 function map_get_raw
Unwinding loop 47 iteration 2   file /home/samson/workspace/esbmc/src/c2goto/library/solidity/solidity_mapping.c line 27 column 3 function map_get_raw
Not unwinding loop 47 iteration 3   file /home/samson/workspace/esbmc/src/c2goto/library/solidity/solidity_mapping.c line 27 column 3 function map_get_raw
Unwinding loop 47 iteration 1   file /home/samson/workspace/esbmc/src/c2goto/library/solidity/solidity_mapping.c line 27 column 3 function map_get_raw
Unwinding loop 47 iteration 2   file /home/samson/workspace/esbmc/src/c2goto/library/solidity/solidity_mapping.c line 27 column 3 function map_get_raw
Not unwinding loop 47 iteration 3   file /home/samson/workspace/esbmc/src/c2goto/library/solidity/solidity_mapping.c line 27 column 3 function map_get_raw
Unwinding recursion transfer iteration 3 (3 max)
Unwinding recursion receive iteration 2 (3 max)
Unwinding recursion invest iteration 2 (3 max)
Unwinding loop 47 iteration 1   file /home/samson/workspace/esbmc/src/c2goto/library/solidity/solidity_mapping.c line 27 column 3 function map_get_raw
Unwinding loop 47 iteration 2   file /home/samson/workspace/esbmc/src/c2goto/library/solidity/solidity_mapping.c line 27 column 3 function map_get_raw
Not unwinding loop 47 iteration 3   file /home/samson/workspace/esbmc/src/c2goto/library/solidity/solidity_mapping.c line 27 column 3 function map_get_raw
Unwinding loop 47 iteration 1   file /home/samson/workspace/esbmc/src/c2goto/library/solidity/solidity_mapping.c line 27 column 3 function map_get_raw
Unwinding loop 47 iteration 2   file /home/samson/workspace/esbmc/src/c2goto/library/solidity/solidity_mapping.c line 27 column 3 function map_get_raw
Not unwinding loop 47 iteration 3   file /home/samson/workspace/esbmc/src/c2goto/library/solidity/solidity_mapping.c line 27 column 3 function map_get_raw
Unwinding recursion transfer iteration 3 (3 max)
Unwinding recursion receive iteration 1 (3 max)
Unwinding recursion invest iteration 1 (3 max)
Unwinding loop 47 iteration 1   file /home/samson/workspace/esbmc/src/c2goto/library/solidity/solidity_mapping.c line 27 column 3 function map_get_raw
Unwinding loop 47 iteration 2   file /home/samson/workspace/esbmc/src/c2goto/library/solidity/solidity_mapping.c line 27 column 3 function map_get_raw
Not unwinding loop 47 iteration 3   file /home/samson/workspace/esbmc/src/c2goto/library/solidity/solidity_mapping.c line 27 column 3 function map_get_raw
Unwinding loop 47 iteration 1   file /home/samson/workspace/esbmc/src/c2goto/library/solidity/solidity_mapping.c line 27 column 3 function map_get_raw
Unwinding loop 47 iteration 2   file /home/samson/workspace/esbmc/src/c2goto/library/solidity/solidity_mapping.c line 27 column 3 function map_get_raw
Not unwinding loop 47 iteration 3   file /home/samson/workspace/esbmc/src/c2goto/library/solidity/solidity_mapping.c line 27 column 3 function map_get_raw
Unwinding recursion transfer iteration 2 (3 max)
Unwinding recursion receive iteration 1 (3 max)
Unwinding recursion invest iteration 1 (3 max)
Unwinding loop 47 iteration 1   file /home/samson/workspace/esbmc/src/c2goto/library/solidity/solidity_mapping.c line 27 column 3 function map_get_raw
Unwinding loop 47 iteration 2   file /home/samson/workspace/esbmc/src/c2goto/library/solidity/solidity_mapping.c line 27 column 3 function map_get_raw
Not unwinding loop 47 iteration 3   file /home/samson/workspace/esbmc/src/c2goto/library/solidity/solidity_mapping.c line 27 column 3 function map_get_raw
Unwinding loop 47 iteration 1   file /home/samson/workspace/esbmc/src/c2goto/library/solidity/solidity_mapping.c line 27 column 3 function map_get_raw
Unwinding loop 47 iteration 2   file /home/samson/workspace/esbmc/src/c2goto/library/solidity/solidity_mapping.c line 27 column 3 function map_get_raw
Not unwinding loop 47 iteration 3   file /home/samson/workspace/esbmc/src/c2goto/library/solidity/solidity_mapping.c line 27 column 3 function map_get_raw
Unwinding recursion transfer iteration 1 (3 max)
Unwinding recursion receive iteration 2 (3 max)
Unwinding recursion invest iteration 2 (3 max)
Unwinding loop 47 iteration 1   file /home/samson/workspace/esbmc/src/c2goto/library/solidity/solidity_mapping.c line 27 column 3 function map_get_raw
Unwinding loop 47 iteration 2   file /home/samson/workspace/esbmc/src/c2goto/library/solidity/solidity_mapping.c line 27 column 3 function map_get_raw
Not unwinding loop 47 iteration 3   file /home/samson/workspace/esbmc/src/c2goto/library/solidity/solidity_mapping.c line 27 column 3 function map_get_raw
Unwinding loop 47 iteration 1   file /home/samson/workspace/esbmc/src/c2goto/library/solidity/solidity_mapping.c line 27 column 3 function map_get_raw
Unwinding loop 47 iteration 2   file /home/samson/workspace/esbmc/src/c2goto/library/solidity/solidity_mapping.c line 27 column 3 function map_get_raw
Not unwinding loop 47 iteration 3   file /home/samson/workspace/esbmc/src/c2goto/library/solidity/solidity_mapping.c line 27 column 3 function map_get_raw
Unwinding recursion transfer iteration 2 (3 max)
Unwinding recursion receive iteration 3 (3 max)
Unwinding recursion receive iteration 2 (3 max)
Unwinding recursion invest iteration 2 (3 max)
Unwinding loop 47 iteration 1   file /home/samson/workspace/esbmc/src/c2goto/library/solidity/solidity_mapping.c line 27 column 3 function map_get_raw
Unwinding loop 47 iteration 2   file /home/samson/workspace/esbmc/src/c2goto/library/solidity/solidity_mapping.c line 27 column 3 function map_get_raw
Not unwinding loop 47 iteration 3   file /home/samson/workspace/esbmc/src/c2goto/library/solidity/solidity_mapping.c line 27 column 3 function map_get_raw
Unwinding loop 47 iteration 1   file /home/samson/workspace/esbmc/src/c2goto/library/solidity/solidity_mapping.c line 27 column 3 function map_get_raw
Unwinding loop 47 iteration 2   file /home/samson/workspace/esbmc/src/c2goto/library/solidity/solidity_mapping.c line 27 column 3 function map_get_raw
Not unwinding loop 47 iteration 3   file /home/samson/workspace/esbmc/src/c2goto/library/solidity/solidity_mapping.c line 27 column 3 function map_get_raw
Unwinding recursion transfer iteration 3 (3 max)
Unwinding recursion receive iteration 2 (3 max)
Unwinding recursion invest iteration 2 (3 max)
Unwinding loop 47 iteration 1   file /home/samson/workspace/esbmc/src/c2goto/library/solidity/solidity_mapping.c line 27 column 3 function map_get_raw
Unwinding loop 47 iteration 2   file /home/samson/workspace/esbmc/src/c2goto/library/solidity/solidity_mapping.c line 27 column 3 function map_get_raw
Not unwinding loop 47 iteration 3   file /home/samson/workspace/esbmc/src/c2goto/library/solidity/solidity_mapping.c line 27 column 3 function map_get_raw
Unwinding loop 47 iteration 1   file /home/samson/workspace/esbmc/src/c2goto/library/solidity/solidity_mapping.c line 27 column 3 function map_get_raw
Unwinding loop 47 iteration 2   file /home/samson/workspace/esbmc/src/c2goto/library/solidity/solidity_mapping.c line 27 column 3 function map_get_raw
Not unwinding loop 47 iteration 3   file /home/samson/workspace/esbmc/src/c2goto/library/solidity/solidity_mapping.c line 27 column 3 function map_get_raw
Unwinding recursion transfer iteration 3 (3 max)
Unwinding recursion receive iteration 2 (3 max)
Unwinding recursion invest iteration 2 (3 max)
Unwinding loop 47 iteration 1   file /home/samson/workspace/esbmc/src/c2goto/library/solidity/solidity_mapping.c line 27 column 3 function map_get_raw
Unwinding loop 47 iteration 2   file /home/samson/workspace/esbmc/src/c2goto/library/solidity/solidity_mapping.c line 27 column 3 function map_get_raw
Not unwinding loop 47 iteration 3   file /home/samson/workspace/esbmc/src/c2goto/library/solidity/solidity_mapping.c line 27 column 3 function map_get_raw
Unwinding loop 47 iteration 1   file /home/samson/workspace/esbmc/src/c2goto/library/solidity/solidity_mapping.c line 27 column 3 function map_get_raw
Unwinding loop 47 iteration 2   file /home/samson/workspace/esbmc/src/c2goto/library/solidity/solidity_mapping.c line 27 column 3 function map_get_raw
Not unwinding loop 47 iteration 3   file /home/samson/workspace/esbmc/src/c2goto/library/solidity/solidity_mapping.c line 27 column 3 function map_get_raw
Unwinding recursion transfer iteration 3 (3 max)
Unwinding loop 47 iteration 1   file /home/samson/workspace/esbmc/src/c2goto/library/solidity/solidity_mapping.c line 27 column 3 function map_get_raw
Unwinding loop 47 iteration 2   file /home/samson/workspace/esbmc/src/c2goto/library/solidity/solidity_mapping.c line 27 column 3 function map_get_raw
Not unwinding loop 47 iteration 3   file /home/samson/workspace/esbmc/src/c2goto/library/solidity/solidity_mapping.c line 27 column 3 function map_get_raw
Unwinding loop 47 iteration 1   file /home/samson/workspace/esbmc/src/c2goto/library/solidity/solidity_mapping.c line 27 column 3 function map_get_raw
Unwinding loop 47 iteration 2   file /home/samson/workspace/esbmc/src/c2goto/library/solidity/solidity_mapping.c line 27 column 3 function map_get_raw
Not unwinding loop 47 iteration 3   file /home/samson/workspace/esbmc/src/c2goto/library/solidity/solidity_mapping.c line 27 column 3 function map_get_raw
Unwinding recursion transfer iteration 1 (3 max)
Unwinding loop 47 iteration 1   file /home/samson/workspace/esbmc/src/c2goto/library/solidity/solidity_mapping.c line 27 column 3 function map_get_raw
Unwinding loop 47 iteration 2   file /home/samson/workspace/esbmc/src/c2goto/library/solidity/solidity_mapping.c line 27 column 3 function map_get_raw
Not unwinding loop 47 iteration 3   file /home/samson/workspace/esbmc/src/c2goto/library/solidity/solidity_mapping.c line 27 column 3 function map_get_raw
Unwinding loop 47 iteration 1   file /home/samson/workspace/esbmc/src/c2goto/library/solidity/solidity_mapping.c line 27 column 3 function map_get_raw
Unwinding loop 47 iteration 2   file /home/samson/workspace/esbmc/src/c2goto/library/solidity/solidity_mapping.c line 27 column 3 function map_get_raw
Not unwinding loop 47 iteration 3   file /home/samson/workspace/esbmc/src/c2goto/library/solidity/solidity_mapping.c line 27 column 3 function map_get_raw
Unwinding recursion receive iteration 1 (3 max)
Unwinding recursion invest iteration 1 (3 max)
Unwinding loop 47 iteration 1   file /home/samson/workspace/esbmc/src/c2goto/library/solidity/solidity_mapping.c line 27 column 3 function map_get_raw
Unwinding loop 47 iteration 2   file /home/samson/workspace/esbmc/src/c2goto/library/solidity/solidity_mapping.c line 27 column 3 function map_get_raw
Not unwinding loop 47 iteration 3   file /home/samson/workspace/esbmc/src/c2goto/library/solidity/solidity_mapping.c line 27 column 3 function map_get_raw
Unwinding loop 47 iteration 1   file /home/samson/workspace/esbmc/src/c2goto/library/solidity/solidity_mapping.c line 27 column 3 function map_get_raw
Unwinding loop 47 iteration 2   file /home/samson/workspace/esbmc/src/c2goto/library/solidity/solidity_mapping.c line 27 column 3 function map_get_raw
Not unwinding loop 47 iteration 3   file /home/samson/workspace/esbmc/src/c2goto/library/solidity/solidity_mapping.c line 27 column 3 function map_get_raw
Unwinding recursion transfer iteration 1 (3 max)
Unwinding recursion receive iteration 2 (3 max)
Unwinding recursion invest iteration 2 (3 max)
Unwinding loop 47 iteration 1   file /home/samson/workspace/esbmc/src/c2goto/library/solidity/solidity_mapping.c line 27 column 3 function map_get_raw
Unwinding loop 47 iteration 2   file /home/samson/workspace/esbmc/src/c2goto/library/solidity/solidity_mapping.c line 27 column 3 function map_get_raw
Not unwinding loop 47 iteration 3   file /home/samson/workspace/esbmc/src/c2goto/library/solidity/solidity_mapping.c line 27 column 3 function map_get_raw
Unwinding loop 47 iteration 1   file /home/samson/workspace/esbmc/src/c2goto/library/solidity/solidity_mapping.c line 27 column 3 function map_get_raw
Unwinding loop 47 iteration 2   file /home/samson/workspace/esbmc/src/c2goto/library/solidity/solidity_mapping.c line 27 column 3 function map_get_raw
Not unwinding loop 47 iteration 3   file /home/samson/workspace/esbmc/src/c2goto/library/solidity/solidity_mapping.c line 27 column 3 function map_get_raw
Unwinding recursion transfer iteration 2 (3 max)
Unwinding recursion receive iteration 3 (3 max)
Unwinding recursion receive iteration 1 (3 max)
Unwinding recursion invest iteration 1 (3 max)
Unwinding loop 47 iteration 1   file /home/samson/workspace/esbmc/src/c2goto/library/solidity/solidity_mapping.c line 27 column 3 function map_get_raw
Unwinding loop 47 iteration 2   file /home/samson/workspace/esbmc/src/c2goto/library/solidity/solidity_mapping.c line 27 column 3 function map_get_raw
Not unwinding loop 47 iteration 3   file /home/samson/workspace/esbmc/src/c2goto/library/solidity/solidity_mapping.c line 27 column 3 function map_get_raw
Unwinding loop 47 iteration 1   file /home/samson/workspace/esbmc/src/c2goto/library/solidity/solidity_mapping.c line 27 column 3 function map_get_raw
Unwinding loop 47 iteration 2   file /home/samson/workspace/esbmc/src/c2goto/library/solidity/solidity_mapping.c line 27 column 3 function map_get_raw
Not unwinding loop 47 iteration 3   file /home/samson/workspace/esbmc/src/c2goto/library/solidity/solidity_mapping.c line 27 column 3 function map_get_raw
Unwinding recursion transfer iteration 2 (3 max)
Unwinding recursion receive iteration 3 (3 max)
Unwinding recursion receive iteration 2 (3 max)
Unwinding recursion invest iteration 2 (3 max)
Unwinding loop 47 iteration 1   file /home/samson/workspace/esbmc/src/c2goto/library/solidity/solidity_mapping.c line 27 column 3 function map_get_raw
Unwinding loop 47 iteration 2   file /home/samson/workspace/esbmc/src/c2goto/library/solidity/solidity_mapping.c line 27 column 3 function map_get_raw
Not unwinding loop 47 iteration 3   file /home/samson/workspace/esbmc/src/c2goto/library/solidity/solidity_mapping.c line 27 column 3 function map_get_raw
Unwinding loop 47 iteration 1   file /home/samson/workspace/esbmc/src/c2goto/library/solidity/solidity_mapping.c line 27 column 3 function map_get_raw
Unwinding loop 47 iteration 2   file /home/samson/workspace/esbmc/src/c2goto/library/solidity/solidity_mapping.c line 27 column 3 function map_get_raw
Not unwinding loop 47 iteration 3   file /home/samson/workspace/esbmc/src/c2goto/library/solidity/solidity_mapping.c line 27 column 3 function map_get_raw
Unwinding recursion transfer iteration 3 (3 max)
Unwinding recursion receive iteration 1 (3 max)
Unwinding recursion invest iteration 1 (3 max)
Unwinding loop 47 iteration 1   file /home/samson/workspace/esbmc/src/c2goto/library/solidity/solidity_mapping.c line 27 column 3 function map_get_raw
Unwinding loop 47 iteration 2   file /home/samson/workspace/esbmc/src/c2goto/library/solidity/solidity_mapping.c line 27 column 3 function map_get_raw
Not unwinding loop 47 iteration 3   file /home/samson/workspace/esbmc/src/c2goto/library/solidity/solidity_mapping.c line 27 column 3 function map_get_raw
Unwinding loop 47 iteration 1   file /home/samson/workspace/esbmc/src/c2goto/library/solidity/solidity_mapping.c line 27 column 3 function map_get_raw
Unwinding loop 47 iteration 2   file /home/samson/workspace/esbmc/src/c2goto/library/solidity/solidity_mapping.c line 27 column 3 function map_get_raw
Not unwinding loop 47 iteration 3   file /home/samson/workspace/esbmc/src/c2goto/library/solidity/solidity_mapping.c line 27 column 3 function map_get_raw
Unwinding recursion transfer iteration 2 (3 max)
Unwinding recursion receive iteration 2 (3 max)
Unwinding recursion invest iteration 2 (3 max)
Unwinding loop 47 iteration 1   file /home/samson/workspace/esbmc/src/c2goto/library/solidity/solidity_mapping.c line 27 column 3 function map_get_raw
Unwinding loop 47 iteration 2   file /home/samson/workspace/esbmc/src/c2goto/library/solidity/solidity_mapping.c line 27 column 3 function map_get_raw
Not unwinding loop 47 iteration 3   file /home/samson/workspace/esbmc/src/c2goto/library/solidity/solidity_mapping.c line 27 column 3 function map_get_raw
Unwinding loop 47 iteration 1   file /home/samson/workspace/esbmc/src/c2goto/library/solidity/solidity_mapping.c line 27 column 3 function map_get_raw
Unwinding loop 47 iteration 2   file /home/samson/workspace/esbmc/src/c2goto/library/solidity/solidity_mapping.c line 27 column 3 function map_get_raw
Not unwinding loop 47 iteration 3   file /home/samson/workspace/esbmc/src/c2goto/library/solidity/solidity_mapping.c line 27 column 3 function map_get_raw
Unwinding recursion transfer iteration 2 (3 max)
Unwinding recursion receive iteration 3 (3 max)
Unwinding recursion receive iteration 2 (3 max)
Unwinding recursion invest iteration 2 (3 max)
Unwinding loop 47 iteration 1   file /home/samson/workspace/esbmc/src/c2goto/library/solidity/solidity_mapping.c line 27 column 3 function map_get_raw
Unwinding loop 47 iteration 2   file /home/samson/workspace/esbmc/src/c2goto/library/solidity/solidity_mapping.c line 27 column 3 function map_get_raw
Not unwinding loop 47 iteration 3   file /home/samson/workspace/esbmc/src/c2goto/library/solidity/solidity_mapping.c line 27 column 3 function map_get_raw
Unwinding loop 47 iteration 1   file /home/samson/workspace/esbmc/src/c2goto/library/solidity/solidity_mapping.c line 27 column 3 function map_get_raw
Unwinding loop 47 iteration 2   file /home/samson/workspace/esbmc/src/c2goto/library/solidity/solidity_mapping.c line 27 column 3 function map_get_raw
Not unwinding loop 47 iteration 3   file /home/samson/workspace/esbmc/src/c2goto/library/solidity/solidity_mapping.c line 27 column 3 function map_get_raw
Unwinding recursion transfer iteration 3 (3 max)
Unwinding recursion receive iteration 2 (3 max)
Unwinding recursion invest iteration 2 (3 max)
Unwinding loop 47 iteration 1   file /home/samson/workspace/esbmc/src/c2goto/library/solidity/solidity_mapping.c line 27 column 3 function map_get_raw
Unwinding loop 47 iteration 2   file /home/samson/workspace/esbmc/src/c2goto/library/solidity/solidity_mapping.c line 27 column 3 function map_get_raw
Not unwinding loop 47 iteration 3   file /home/samson/workspace/esbmc/src/c2goto/library/solidity/solidity_mapping.c line 27 column 3 function map_get_raw
Unwinding loop 47 iteration 1   file /home/samson/workspace/esbmc/src/c2goto/library/solidity/solidity_mapping.c line 27 column 3 function map_get_raw
Unwinding loop 47 iteration 2   file /home/samson/workspace/esbmc/src/c2goto/library/solidity/solidity_mapping.c line 27 column 3 function map_get_raw
Not unwinding loop 47 iteration 3   file /home/samson/workspace/esbmc/src/c2goto/library/solidity/solidity_mapping.c line 27 column 3 function map_get_raw
Unwinding recursion transfer iteration 3 (3 max)
Unwinding recursion receive iteration 1 (3 max)
Unwinding recursion invest iteration 1 (3 max)
Unwinding loop 47 iteration 1   file /home/samson/workspace/esbmc/src/c2goto/library/solidity/solidity_mapping.c line 27 column 3 function map_get_raw
Unwinding loop 47 iteration 2   file /home/samson/workspace/esbmc/src/c2goto/library/solidity/solidity_mapping.c line 27 column 3 function map_get_raw
Not unwinding loop 47 iteration 3   file /home/samson/workspace/esbmc/src/c2goto/library/solidity/solidity_mapping.c line 27 column 3 function map_get_raw
Unwinding loop 47 iteration 1   file /home/samson/workspace/esbmc/src/c2goto/library/solidity/solidity_mapping.c line 27 column 3 function map_get_raw
Unwinding loop 47 iteration 2   file /home/samson/workspace/esbmc/src/c2goto/library/solidity/solidity_mapping.c line 27 column 3 function map_get_raw
Not unwinding loop 47 iteration 3   file /home/samson/workspace/esbmc/src/c2goto/library/solidity/solidity_mapping.c line 27 column 3 function map_get_raw
Unwinding recursion transfer iteration 2 (3 max)
Unwinding recursion receive iteration 1 (3 max)
Unwinding recursion invest iteration 1 (3 max)
Unwinding loop 47 iteration 1   file /home/samson/workspace/esbmc/src/c2goto/library/solidity/solidity_mapping.c line 27 column 3 function map_get_raw
Unwinding loop 47 iteration 2   file /home/samson/workspace/esbmc/src/c2goto/library/solidity/solidity_mapping.c line 27 column 3 function map_get_raw
Not unwinding loop 47 iteration 3   file /home/samson/workspace/esbmc/src/c2goto/library/solidity/solidity_mapping.c line 27 column 3 function map_get_raw
Unwinding loop 47 iteration 1   file /home/samson/workspace/esbmc/src/c2goto/library/solidity/solidity_mapping.c line 27 column 3 function map_get_raw
Unwinding loop 47 iteration 2   file /home/samson/workspace/esbmc/src/c2goto/library/solidity/solidity_mapping.c line 27 column 3 function map_get_raw
Not unwinding loop 47 iteration 3   file /home/samson/workspace/esbmc/src/c2goto/library/solidity/solidity_mapping.c line 27 column 3 function map_get_raw
Unwinding recursion transfer iteration 1 (3 max)
Unwinding recursion receive iteration 2 (3 max)
Unwinding recursion invest iteration 2 (3 max)
Unwinding loop 47 iteration 1   file /home/samson/workspace/esbmc/src/c2goto/library/solidity/solidity_mapping.c line 27 column 3 function map_get_raw
Unwinding loop 47 iteration 2   file /home/samson/workspace/esbmc/src/c2goto/library/solidity/solidity_mapping.c line 27 column 3 function map_get_raw
Not unwinding loop 47 iteration 3   file /home/samson/workspace/esbmc/src/c2goto/library/solidity/solidity_mapping.c line 27 column 3 function map_get_raw
Unwinding loop 47 iteration 1   file /home/samson/workspace/esbmc/src/c2goto/library/solidity/solidity_mapping.c line 27 column 3 function map_get_raw
Unwinding loop 47 iteration 2   file /home/samson/workspace/esbmc/src/c2goto/library/solidity/solidity_mapping.c line 27 column 3 function map_get_raw
Not unwinding loop 47 iteration 3   file /home/samson/workspace/esbmc/src/c2goto/library/solidity/solidity_mapping.c line 27 column 3 function map_get_raw
Unwinding recursion transfer iteration 2 (3 max)
Unwinding recursion receive iteration 3 (3 max)
Unwinding recursion receive iteration 2 (3 max)
Unwinding recursion invest iteration 2 (3 max)
Unwinding loop 47 iteration 1   file /home/samson/workspace/esbmc/src/c2goto/library/solidity/solidity_mapping.c line 27 column 3 function map_get_raw
Unwinding loop 47 iteration 2   file /home/samson/workspace/esbmc/src/c2goto/library/solidity/solidity_mapping.c line 27 column 3 function map_get_raw
Not unwinding loop 47 iteration 3   file /home/samson/workspace/esbmc/src/c2goto/library/solidity/solidity_mapping.c line 27 column 3 function map_get_raw
Unwinding loop 47 iteration 1   file /home/samson/workspace/esbmc/src/c2goto/library/solidity/solidity_mapping.c line 27 column 3 function map_get_raw
Unwinding loop 47 iteration 2   file /home/samson/workspace/esbmc/src/c2goto/library/solidity/solidity_mapping.c line 27 column 3 function map_get_raw
Not unwinding loop 47 iteration 3   file /home/samson/workspace/esbmc/src/c2goto/library/solidity/solidity_mapping.c line 27 column 3 function map_get_raw
Unwinding recursion transfer iteration 3 (3 max)
Unwinding recursion receive iteration 2 (3 max)
Unwinding recursion invest iteration 2 (3 max)
Unwinding loop 47 iteration 1   file /home/samson/workspace/esbmc/src/c2goto/library/solidity/solidity_mapping.c line 27 column 3 function map_get_raw
Unwinding loop 47 iteration 2   file /home/samson/workspace/esbmc/src/c2goto/library/solidity/solidity_mapping.c line 27 column 3 function map_get_raw
Not unwinding loop 47 iteration 3   file /home/samson/workspace/esbmc/src/c2goto/library/solidity/solidity_mapping.c line 27 column 3 function map_get_raw
Unwinding loop 47 iteration 1   file /home/samson/workspace/esbmc/src/c2goto/library/solidity/solidity_mapping.c line 27 column 3 function map_get_raw
Unwinding loop 47 iteration 2   file /home/samson/workspace/esbmc/src/c2goto/library/solidity/solidity_mapping.c line 27 column 3 function map_get_raw
Not unwinding loop 47 iteration 3   file /home/samson/workspace/esbmc/src/c2goto/library/solidity/solidity_mapping.c line 27 column 3 function map_get_raw
Unwinding recursion transfer iteration 3 (3 max)
Unwinding recursion receive iteration 2 (3 max)
Unwinding recursion invest iteration 2 (3 max)
Unwinding loop 47 iteration 1   file /home/samson/workspace/esbmc/src/c2goto/library/solidity/solidity_mapping.c line 27 column 3 function map_get_raw
Unwinding loop 47 iteration 2   file /home/samson/workspace/esbmc/src/c2goto/library/solidity/solidity_mapping.c line 27 column 3 function map_get_raw
Not unwinding loop 47 iteration 3   file /home/samson/workspace/esbmc/src/c2goto/library/solidity/solidity_mapping.c line 27 column 3 function map_get_raw
Unwinding loop 47 iteration 1   file /home/samson/workspace/esbmc/src/c2goto/library/solidity/solidity_mapping.c line 27 column 3 function map_get_raw
Unwinding loop 47 iteration 2   file /home/samson/workspace/esbmc/src/c2goto/library/solidity/solidity_mapping.c line 27 column 3 function map_get_raw
Not unwinding loop 47 iteration 3   file /home/samson/workspace/esbmc/src/c2goto/library/solidity/solidity_mapping.c line 27 column 3 function map_get_raw
Unwinding recursion transfer iteration 3 (3 max)
Unwinding recursion receive iteration 1 (3 max)
Unwinding recursion invest iteration 1 (3 max)
Unwinding loop 47 iteration 1   file /home/samson/workspace/esbmc/src/c2goto/library/solidity/solidity_mapping.c line 27 column 3 function map_get_raw
Unwinding loop 47 iteration 2   file /home/samson/workspace/esbmc/src/c2goto/library/solidity/solidity_mapping.c line 27 column 3 function map_get_raw
Not unwinding loop 47 iteration 3   file /home/samson/workspace/esbmc/src/c2goto/library/solidity/solidity_mapping.c line 27 column 3 function map_get_raw
Unwinding loop 47 iteration 1   file /home/samson/workspace/esbmc/src/c2goto/library/solidity/solidity_mapping.c line 27 column 3 function map_get_raw
Unwinding loop 47 iteration 2   file /home/samson/workspace/esbmc/src/c2goto/library/solidity/solidity_mapping.c line 27 column 3 function map_get_raw
Not unwinding loop 47 iteration 3   file /home/samson/workspace/esbmc/src/c2goto/library/solidity/solidity_mapping.c line 27 column 3 function map_get_raw
Unwinding recursion transfer iteration 2 (3 max)
Unwinding loop 47 iteration 1   file /home/samson/workspace/esbmc/src/c2goto/library/solidity/solidity_mapping.c line 27 column 3 function map_get_raw
Unwinding loop 47 iteration 2   file /home/samson/workspace/esbmc/src/c2goto/library/solidity/solidity_mapping.c line 27 column 3 function map_get_raw
Not unwinding loop 47 iteration 3   file /home/samson/workspace/esbmc/src/c2goto/library/solidity/solidity_mapping.c line 27 column 3 function map_get_raw
Unwinding loop 47 iteration 1   file /home/samson/workspace/esbmc/src/c2goto/library/solidity/solidity_mapping.c line 27 column 3 function map_get_raw
Unwinding loop 47 iteration 2   file /home/samson/workspace/esbmc/src/c2goto/library/solidity/solidity_mapping.c line 27 column 3 function map_get_raw
Not unwinding loop 47 iteration 3   file /home/samson/workspace/esbmc/src/c2goto/library/solidity/solidity_mapping.c line 27 column 3 function map_get_raw
Unwinding recursion receive iteration 1 (3 max)
Unwinding recursion invest iteration 1 (3 max)
Unwinding loop 47 iteration 1   file /home/samson/workspace/esbmc/src/c2goto/library/solidity/solidity_mapping.c line 27 column 3 function map_get_raw
Unwinding loop 47 iteration 2   file /home/samson/workspace/esbmc/src/c2goto/library/solidity/solidity_mapping.c line 27 column 3 function map_get_raw
Not unwinding loop 47 iteration 3   file /home/samson/workspace/esbmc/src/c2goto/library/solidity/solidity_mapping.c line 27 column 3 function map_get_raw
Unwinding loop 47 iteration 1   file /home/samson/workspace/esbmc/src/c2goto/library/solidity/solidity_mapping.c line 27 column 3 function map_get_raw
Unwinding loop 47 iteration 2   file /home/samson/workspace/esbmc/src/c2goto/library/solidity/solidity_mapping.c line 27 column 3 function map_get_raw
Not unwinding loop 47 iteration 3   file /home/samson/workspace/esbmc/src/c2goto/library/solidity/solidity_mapping.c line 27 column 3 function map_get_raw
Unwinding recursion transfer iteration 1 (3 max)
Unwinding recursion receive iteration 2 (3 max)
Unwinding recursion invest iteration 2 (3 max)
Unwinding loop 47 iteration 1   file /home/samson/workspace/esbmc/src/c2goto/library/solidity/solidity_mapping.c line 27 column 3 function map_get_raw
Unwinding loop 47 iteration 2   file /home/samson/workspace/esbmc/src/c2goto/library/solidity/solidity_mapping.c line 27 column 3 function map_get_raw
Not unwinding loop 47 iteration 3   file /home/samson/workspace/esbmc/src/c2goto/library/solidity/solidity_mapping.c line 27 column 3 function map_get_raw
Unwinding loop 47 iteration 1   file /home/samson/workspace/esbmc/src/c2goto/library/solidity/solidity_mapping.c line 27 column 3 function map_get_raw
Unwinding loop 47 iteration 2   file /home/samson/workspace/esbmc/src/c2goto/library/solidity/solidity_mapping.c line 27 column 3 function map_get_raw
Not unwinding loop 47 iteration 3   file /home/samson/workspace/esbmc/src/c2goto/library/solidity/solidity_mapping.c line 27 column 3 function map_get_raw
Unwinding recursion transfer iteration 2 (3 max)
Unwinding recursion receive iteration 3 (3 max)
Unwinding recursion receive iteration 2 (3 max)
Unwinding recursion invest iteration 2 (3 max)
Unwinding loop 47 iteration 1   file /home/samson/workspace/esbmc/src/c2goto/library/solidity/solidity_mapping.c line 27 column 3 function map_get_raw
Unwinding loop 47 iteration 2   file /home/samson/workspace/esbmc/src/c2goto/library/solidity/solidity_mapping.c line 27 column 3 function map_get_raw
ERROR: Out of memory

ERROR: SMT solver failed
timeout: the monitored command dumped core
Aborted
