ESBMC version 8.2.0 64-bit x86_64 linux
Target: 64-bit little-endian x86_64-unknown-linux with esbmclibc
Warning: SPDX license identifier not provided in source file. Before publishing, consider adding a comment containing "SPDX-License-Identifier: <SPDX-License>" to each source file. Use "SPDX-License-Identifier: UNLICENSED" for non-open-source code. Please see https://spdx.org for more information.
--> contract.sol

Warning: This declaration shadows a builtin symbol.
  --> contract.sol:36:3:
   |
36 |   function assert(bool assertion) internal {
   |   ^ (Relevant source part starts here and spans across multiple lines).

Warning: Function state mutability can be restricted to pure
  --> contract.sol:36:3:
   |
36 |   function assert(bool assertion) internal {
   |   ^ (Relevant source part starts here and spans across multiple lines).

TOD harness written to ./tod_race_transfer_transferFrom_harness.sol
Parsing ./tod_race_transfer_transferFrom_harness.sol
Compiling Solidity AST using: /usr/local/bin/solc (v0.8.30)
Converting
Generating GOTO Program
GOTO program creation time: 0.456s
GOTO program processing time: 0.007s
Starting Bounded Model Checking
Unwinding loop 47 iteration 1   file /home/samson/workspace/esbmc/src/c2goto/library/solidity/solidity_mapping.c line 27 column 3 function map_get_raw
Unwinding loop 47 iteration 2   file /home/samson/workspace/esbmc/src/c2goto/library/solidity/solidity_mapping.c line 27 column 3 function map_get_raw
Not unwinding loop 47 iteration 3   file /home/samson/workspace/esbmc/src/c2goto/library/solidity/solidity_mapping.c line 27 column 3 function map_get_raw
Unwinding loop 47 iteration 1   file /home/samson/workspace/esbmc/src/c2goto/library/solidity/solidity_mapping.c line 27 column 3 function map_get_raw
Unwinding loop 47 iteration 2   file /home/samson/workspace/esbmc/src/c2goto/library/solidity/solidity_mapping.c line 27 column 3 function map_get_raw
Not unwinding loop 47 iteration 3   file /home/samson/workspace/esbmc/src/c2goto/library/solidity/solidity_mapping.c line 27 column 3 function map_get_raw
Unwinding loop 47 iteration 1   file /home/samson/workspace/esbmc/src/c2goto/library/solidity/solidity_mapping.c line 27 column 3 function map_get_raw
Unwinding loop 47 iteration 2   file /home/samson/workspace/esbmc/src/c2goto/library/solidity/solidity_mapping.c line 27 column 3 function map_get_raw
Not unwinding loop 47 iteration 3   file /home/samson/workspace/esbmc/src/c2goto/library/solidity/solidity_mapping.c line 27 column 3 function map_get_raw
Unwinding loop 47 iteration 1   file /home/samson/workspace/esbmc/src/c2goto/library/solidity/solidity_mapping.c line 27 column 3 function map_get_raw
Unwinding loop 47 iteration 2   file /home/samson/workspace/esbmc/src/c2goto/library/solidity/solidity_mapping.c line 27 column 3 function map_get_raw
Not unwinding loop 47 iteration 3   file /home/samson/workspace/esbmc/src/c2goto/library/solidity/solidity_mapping.c line 27 column 3 function map_get_raw
Unwinding loop 47 iteration 1   file /home/samson/workspace/esbmc/src/c2goto/library/solidity/solidity_mapping.c line 27 column 3 function map_get_raw
Unwinding loop 47 iteration 2   file /home/samson/workspace/esbmc/src/c2goto/library/solidity/solidity_mapping.c line 27 column 3 function map_get_raw
Not unwinding loop 47 iteration 3   file /home/samson/workspace/esbmc/src/c2goto/library/solidity/solidity_mapping.c line 27 column 3 function map_get_raw
Unwinding loop 47 iteration 1   file /home/samson/workspace/esbmc/src/c2goto/library/solidity/solidity_mapping.c line 27 column 3 function map_get_raw
Unwinding loop 47 iteration 2   file /home/samson/workspace/esbmc/src/c2goto/library/solidity/solidity_mapping.c line 27 column 3 function map_get_raw
Not unwinding loop 47 iteration 3   file /home/samson/workspace/esbmc/src/c2goto/library/solidity/solidity_mapping.c line 27 column 3 function map_get_raw
Unwinding loop 47 iteration 1   file /home/samson/workspace/esbmc/src/c2goto/library/solidity/solidity_mapping.c line 27 column 3 function map_get_raw
Unwinding loop 47 iteration 2   file /home/samson/workspace/esbmc/src/c2goto/library/solidity/solidity_mapping.c line 27 column 3 function map_get_raw
Not unwinding loop 47 iteration 3   file /home/samson/workspace/esbmc/src/c2goto/library/solidity/solidity_mapping.c line 27 column 3 function map_get_raw
Unwinding loop 47 iteration 1   file /home/samson/workspace/esbmc/src/c2goto/library/solidity/solidity_mapping.c line 27 column 3 function map_get_raw
Unwinding loop 47 iteration 2   file /home/samson/workspace/esbmc/src/c2goto/library/solidity/solidity_mapping.c line 27 column 3 function map_get_raw
Not unwinding loop 47 iteration 3   file /home/samson/workspace/esbmc/src/c2goto/library/solidity/solidity_mapping.c line 27 column 3 function map_get_raw
Unwinding loop 47 iteration 1   file /home/samson/workspace/esbmc/src/c2goto/library/solidity/solidity_mapping.c line 27 column 3 function map_get_raw
Unwinding loop 47 iteration 2   file /home/samson/workspace/esbmc/src/c2goto/library/solidity/solidity_mapping.c line 27 column 3 function map_get_raw
Not unwinding loop 47 iteration 3   file /home/samson/workspace/esbmc/src/c2goto/library/solidity/solidity_mapping.c line 27 column 3 function map_get_raw
Unwinding loop 47 iteration 1   file /home/samson/workspace/esbmc/src/c2goto/library/solidity/solidity_mapping.c line 27 column 3 function map_get_raw
Unwinding loop 47 iteration 2   file /home/samson/workspace/esbmc/src/c2goto/library/solidity/solidity_mapping.c line 27 column 3 function map_get_raw
Not unwinding loop 47 iteration 3   file /home/samson/workspace/esbmc/src/c2goto/library/solidity/solidity_mapping.c line 27 column 3 function map_get_raw
Unwinding loop 47 iteration 1   file /home/samson/workspace/esbmc/src/c2goto/library/solidity/solidity_mapping.c line 27 column 3 function map_get_raw
Unwinding loop 47 iteration 2   file /home/samson/workspace/esbmc/src/c2goto/library/solidity/solidity_mapping.c line 27 column 3 function map_get_raw
Not unwinding loop 47 iteration 3   file /home/samson/workspace/esbmc/src/c2goto/library/solidity/solidity_mapping.c line 27 column 3 function map_get_raw
Unwinding loop 47 iteration 1   file /home/samson/workspace/esbmc/src/c2goto/library/solidity/solidity_mapping.c line 27 column 3 function map_get_raw
Unwinding loop 47 iteration 2   file /home/samson/workspace/esbmc/src/c2goto/library/solidity/solidity_mapping.c line 27 column 3 function map_get_raw
Not unwinding loop 47 iteration 3   file /home/samson/workspace/esbmc/src/c2goto/library/solidity/solidity_mapping.c line 27 column 3 function map_get_raw
Unwinding loop 47 iteration 1   file /home/samson/workspace/esbmc/src/c2goto/library/solidity/solidity_mapping.c line 27 column 3 function map_get_raw
Unwinding loop 47 iteration 2   file /home/samson/workspace/esbmc/src/c2goto/library/solidity/solidity_mapping.c line 27 column 3 function map_get_raw
Not unwinding loop 47 iteration 3   file /home/samson/workspace/esbmc/src/c2goto/library/solidity/solidity_mapping.c line 27 column 3 function map_get_raw
Unwinding loop 47 iteration 1   file /home/samson/workspace/esbmc/src/c2goto/library/solidity/solidity_mapping.c line 27 column 3 function map_get_raw
Unwinding loop 47 iteration 2   file /home/samson/workspace/esbmc/src/c2goto/library/solidity/solidity_mapping.c line 27 column 3 function map_get_raw
Not unwinding loop 47 iteration 3   file /home/samson/workspace/esbmc/src/c2goto/library/solidity/solidity_mapping.c line 27 column 3 function map_get_raw
Unwinding loop 47 iteration 1   file /home/samson/workspace/esbmc/src/c2goto/library/solidity/solidity_mapping.c line 27 column 3 function map_get_raw
Unwinding loop 47 iteration 2   file /home/samson/workspace/esbmc/src/c2goto/library/solidity/solidity_mapping.c line 27 column 3 function map_get_raw
Not unwinding loop 47 iteration 3   file /home/samson/workspace/esbmc/src/c2goto/library/solidity/solidity_mapping.c line 27 column 3 function map_get_raw
Unwinding loop 47 iteration 1   file /home/samson/workspace/esbmc/src/c2goto/library/solidity/solidity_mapping.c line 27 column 3 function map_get_raw
Unwinding loop 47 iteration 2   file /home/samson/workspace/esbmc/src/c2goto/library/solidity/solidity_mapping.c line 27 column 3 function map_get_raw
Not unwinding loop 47 iteration 3   file /home/samson/workspace/esbmc/src/c2goto/library/solidity/solidity_mapping.c line 27 column 3 function map_get_raw
Unwinding loop 47 iteration 1   file /home/samson/workspace/esbmc/src/c2goto/library/solidity/solidity_mapping.c line 27 column 3 function map_get_raw
Unwinding loop 47 iteration 2   file /home/samson/workspace/esbmc/src/c2goto/library/solidity/solidity_mapping.c line 27 column 3 function map_get_raw
Not unwinding loop 47 iteration 3   file /home/samson/workspace/esbmc/src/c2goto/library/solidity/solidity_mapping.c line 27 column 3 function map_get_raw
Unwinding loop 47 iteration 1   file /home/samson/workspace/esbmc/src/c2goto/library/solidity/solidity_mapping.c line 27 column 3 function map_get_raw
Unwinding loop 47 iteration 2   file /home/samson/workspace/esbmc/src/c2goto/library/solidity/solidity_mapping.c line 27 column 3 function map_get_raw
Not unwinding loop 47 iteration 3   file /home/samson/workspace/esbmc/src/c2goto/library/solidity/solidity_mapping.c line 27 column 3 function map_get_raw
Unwinding loop 47 iteration 1   file /home/samson/workspace/esbmc/src/c2goto/library/solidity/solidity_mapping.c line 27 column 3 function map_get_raw
Unwinding loop 47 iteration 2   file /home/samson/workspace/esbmc/src/c2goto/library/solidity/solidity_mapping.c line 27 column 3 function map_get_raw
Not unwinding loop 47 iteration 3   file /home/samson/workspace/esbmc/src/c2goto/library/solidity/solidity_mapping.c line 27 column 3 function map_get_raw
Unwinding loop 47 iteration 1   file /home/samson/workspace/esbmc/src/c2goto/library/solidity/solidity_mapping.c line 27 column 3 function map_get_raw
Unwinding loop 47 iteration 2   file /home/samson/workspace/esbmc/src/c2goto/library/solidity/solidity_mapping.c line 27 column 3 function map_get_raw
Not unwinding loop 47 iteration 3   file /home/samson/workspace/esbmc/src/c2goto/library/solidity/solidity_mapping.c line 27 column 3 function map_get_raw
Unwinding loop 47 iteration 1   file /home/samson/workspace/esbmc/src/c2goto/library/solidity/solidity_mapping.c line 27 column 3 function map_get_raw
Unwinding loop 47 iteration 2   file /home/samson/workspace/esbmc/src/c2goto/library/solidity/solidity_mapping.c line 27 column 3 function map_get_raw
Not unwinding loop 47 iteration 3   file /home/samson/workspace/esbmc/src/c2goto/library/solidity/solidity_mapping.c line 27 column 3 function map_get_raw
Unwinding loop 47 iteration 1   file /home/samson/workspace/esbmc/src/c2goto/library/solidity/solidity_mapping.c line 27 column 3 function map_get_raw
Unwinding loop 47 iteration 2   file /home/samson/workspace/esbmc/src/c2goto/library/solidity/solidity_mapping.c line 27 column 3 function map_get_raw
Not unwinding loop 47 iteration 3   file /home/samson/workspace/esbmc/src/c2goto/library/solidity/solidity_mapping.c line 27 column 3 function map_get_raw
Unwinding loop 47 iteration 1   file /home/samson/workspace/esbmc/src/c2goto/library/solidity/solidity_mapping.c line 27 column 3 function map_get_raw
Unwinding loop 47 iteration 2   file /home/samson/workspace/esbmc/src/c2goto/library/solidity/solidity_mapping.c line 27 column 3 function map_get_raw
Not unwinding loop 47 iteration 3   file /home/samson/workspace/esbmc/src/c2goto/library/solidity/solidity_mapping.c line 27 column 3 function map_get_raw
Unwinding loop 47 iteration 1   file /home/samson/workspace/esbmc/src/c2goto/library/solidity/solidity_mapping.c line 27 column 3 function map_get_raw
Unwinding loop 47 iteration 2   file /home/samson/workspace/esbmc/src/c2goto/library/solidity/solidity_mapping.c line 27 column 3 function map_get_raw
Not unwinding loop 47 iteration 3   file /home/samson/workspace/esbmc/src/c2goto/library/solidity/solidity_mapping.c line 27 column 3 function map_get_raw
Unwinding loop 47 iteration 1   file /home/samson/workspace/esbmc/src/c2goto/library/solidity/solidity_mapping.c line 27 column 3 function map_get_raw
Unwinding loop 47 iteration 2   file /home/samson/workspace/esbmc/src/c2goto/library/solidity/solidity_mapping.c line 27 column 3 function map_get_raw
Not unwinding loop 47 iteration 3   file /home/samson/workspace/esbmc/src/c2goto/library/solidity/solidity_mapping.c line 27 column 3 function map_get_raw
Unwinding loop 47 iteration 1   file /home/samson/workspace/esbmc/src/c2goto/library/solidity/solidity_mapping.c line 27 column 3 function map_get_raw
Unwinding loop 47 iteration 2   file /home/samson/workspace/esbmc/src/c2goto/library/solidity/solidity_mapping.c line 27 column 3 function map_get_raw
Not unwinding loop 47 iteration 3   file /home/samson/workspace/esbmc/src/c2goto/library/solidity/solidity_mapping.c line 27 column 3 function map_get_raw
Unwinding loop 47 iteration 1   file /home/samson/workspace/esbmc/src/c2goto/library/solidity/solidity_mapping.c line 27 column 3 function map_get_raw
Unwinding loop 47 iteration 2   file /home/samson/workspace/esbmc/src/c2goto/library/solidity/solidity_mapping.c line 27 column 3 function map_get_raw
Not unwinding loop 47 iteration 3   file /home/samson/workspace/esbmc/src/c2goto/library/solidity/solidity_mapping.c line 27 column 3 function map_get_raw
Unwinding loop 47 iteration 1   file /home/samson/workspace/esbmc/src/c2goto/library/solidity/solidity_mapping.c line 27 column 3 function map_get_raw
Unwinding loop 47 iteration 2   file /home/samson/workspace/esbmc/src/c2goto/library/solidity/solidity_mapping.c line 27 column 3 function map_get_raw
Not unwinding loop 47 iteration 3   file /home/samson/workspace/esbmc/src/c2goto/library/solidity/solidity_mapping.c line 27 column 3 function map_get_raw
Unwinding loop 47 iteration 1   file /home/samson/workspace/esbmc/src/c2goto/library/solidity/solidity_mapping.c line 27 column 3 function map_get_raw
Unwinding loop 47 iteration 2   file /home/samson/workspace/esbmc/src/c2goto/library/solidity/solidity_mapping.c line 27 column 3 function map_get_raw
Not unwinding loop 47 iteration 3   file /home/samson/workspace/esbmc/src/c2goto/library/solidity/solidity_mapping.c line 27 column 3 function map_get_raw
Unwinding loop 47 iteration 1   file /home/samson/workspace/esbmc/src/c2goto/library/solidity/solidity_mapping.c line 27 column 3 function map_get_raw
Unwinding loop 47 iteration 2   file /home/samson/workspace/esbmc/src/c2goto/library/solidity/solidity_mapping.c line 27 column 3 function map_get_raw
Not unwinding loop 47 iteration 3   file /home/samson/workspace/esbmc/src/c2goto/library/solidity/solidity_mapping.c line 27 column 3 function map_get_raw
Unwinding loop 47 iteration 1   file /home/samson/workspace/esbmc/src/c2goto/library/solidity/solidity_mapping.c line 27 column 3 function map_get_raw
Unwinding loop 47 iteration 2   file /home/samson/workspace/esbmc/src/c2goto/library/solidity/solidity_mapping.c line 27 column 3 function map_get_raw
Not unwinding loop 47 iteration 3   file /home/samson/workspace/esbmc/src/c2goto/library/solidity/solidity_mapping.c line 27 column 3 function map_get_raw
Unwinding loop 47 iteration 1   file /home/samson/workspace/esbmc/src/c2goto/library/solidity/solidity_mapping.c line 27 column 3 function map_get_raw
Unwinding loop 47 iteration 2   file /home/samson/workspace/esbmc/src/c2goto/library/solidity/solidity_mapping.c line 27 column 3 function map_get_raw
Not unwinding loop 47 iteration 3   file /home/samson/workspace/esbmc/src/c2goto/library/solidity/solidity_mapping.c line 27 column 3 function map_get_raw
Unwinding loop 47 iteration 1   file /home/samson/workspace/esbmc/src/c2goto/library/solidity/solidity_mapping.c line 27 column 3 function map_get_raw
Unwinding loop 47 iteration 2   file /home/samson/workspace/esbmc/src/c2goto/library/solidity/solidity_mapping.c line 27 column 3 function map_get_raw
Not unwinding loop 47 iteration 3   file /home/samson/workspace/esbmc/src/c2goto/library/solidity/solidity_mapping.c line 27 column 3 function map_get_raw
Unwinding loop 47 iteration 1   file /home/samson/workspace/esbmc/src/c2goto/library/solidity/solidity_mapping.c line 27 column 3 function map_get_raw
Unwinding loop 47 iteration 2   file /home/samson/workspace/esbmc/src/c2goto/library/solidity/solidity_mapping.c line 27 column 3 function map_get_raw
Not unwinding loop 47 iteration 3   file /home/samson/workspace/esbmc/src/c2goto/library/solidity/solidity_mapping.c line 27 column 3 function map_get_raw
Unwinding loop 47 iteration 1   file /home/samson/workspace/esbmc/src/c2goto/library/solidity/solidity_mapping.c line 27 column 3 function map_get_raw
Unwinding loop 47 iteration 2   file /home/samson/workspace/esbmc/src/c2goto/library/solidity/solidity_mapping.c line 27 column 3 function map_get_raw
Not unwinding loop 47 iteration 3   file /home/samson/workspace/esbmc/src/c2goto/library/solidity/solidity_mapping.c line 27 column 3 function map_get_raw
Unwinding loop 47 iteration 1   file /home/samson/workspace/esbmc/src/c2goto/library/solidity/solidity_mapping.c line 27 column 3 function map_get_raw
Unwinding loop 47 iteration 2   file /home/samson/workspace/esbmc/src/c2goto/library/solidity/solidity_mapping.c line 27 column 3 function map_get_raw
Not unwinding loop 47 iteration 3   file /home/samson/workspace/esbmc/src/c2goto/library/solidity/solidity_mapping.c line 27 column 3 function map_get_raw
Unwinding loop 47 iteration 1   file /home/samson/workspace/esbmc/src/c2goto/library/solidity/solidity_mapping.c line 27 column 3 function map_get_raw
Unwinding loop 47 iteration 2   file /home/samson/workspace/esbmc/src/c2goto/library/solidity/solidity_mapping.c line 27 column 3 function map_get_raw
Not unwinding loop 47 iteration 3   file /home/samson/workspace/esbmc/src/c2goto/library/solidity/solidity_mapping.c line 27 column 3 function map_get_raw
Unwinding loop 47 iteration 1   file /home/samson/workspace/esbmc/src/c2goto/library/solidity/solidity_mapping.c line 27 column 3 function map_get_raw
Unwinding loop 47 iteration 2   file /home/samson/workspace/esbmc/src/c2goto/library/solidity/solidity_mapping.c line 27 column 3 function map_get_raw
Not unwinding loop 47 iteration 3   file /home/samson/workspace/esbmc/src/c2goto/library/solidity/solidity_mapping.c line 27 column 3 function map_get_raw
Unwinding loop 47 iteration 1   file /home/samson/workspace/esbmc/src/c2goto/library/solidity/solidity_mapping.c line 27 column 3 function map_get_raw
Unwinding loop 47 iteration 2   file /home/samson/workspace/esbmc/src/c2goto/library/solidity/solidity_mapping.c line 27 column 3 function map_get_raw
Not unwinding loop 47 iteration 3   file /home/samson/workspace/esbmc/src/c2goto/library/solidity/solidity_mapping.c line 27 column 3 function map_get_raw
Unwinding loop 47 iteration 1   file /home/samson/workspace/esbmc/src/c2goto/library/solidity/solidity_mapping.c line 27 column 3 function map_get_raw
Unwinding loop 47 iteration 2   file /home/samson/workspace/esbmc/src/c2goto/library/solidity/solidity_mapping.c line 27 column 3 function map_get_raw
Not unwinding loop 47 iteration 3   file /home/samson/workspace/esbmc/src/c2goto/library/solidity/solidity_mapping.c line 27 column 3 function map_get_raw
Unwinding loop 47 iteration 1   file /home/samson/workspace/esbmc/src/c2goto/library/solidity/solidity_mapping.c line 27 column 3 function map_get_raw
Unwinding loop 47 iteration 2   file /home/samson/workspace/esbmc/src/c2goto/library/solidity/solidity_mapping.c line 27 column 3 function map_get_raw
Not unwinding loop 47 iteration 3   file /home/samson/workspace/esbmc/src/c2goto/library/solidity/solidity_mapping.c line 27 column 3 function map_get_raw
Unwinding loop 47 iteration 1   file /home/samson/workspace/esbmc/src/c2goto/library/solidity/solidity_mapping.c line 27 column 3 function map_get_raw
Unwinding loop 47 iteration 2   file /home/samson/workspace/esbmc/src/c2goto/library/solidity/solidity_mapping.c line 27 column 3 function map_get_raw
Not unwinding loop 47 iteration 3   file /home/samson/workspace/esbmc/src/c2goto/library/solidity/solidity_mapping.c line 27 column 3 function map_get_raw
Unwinding loop 47 iteration 1   file /home/samson/workspace/esbmc/src/c2goto/library/solidity/solidity_mapping.c line 27 column 3 function map_get_raw
Unwinding loop 47 iteration 2   file /home/samson/workspace/esbmc/src/c2goto/library/solidity/solidity_mapping.c line 27 column 3 function map_get_raw
Not unwinding loop 47 iteration 3   file /home/samson/workspace/esbmc/src/c2goto/library/solidity/solidity_mapping.c line 27 column 3 function map_get_raw
Unwinding loop 47 iteration 1   file /home/samson/workspace/esbmc/src/c2goto/library/solidity/solidity_mapping.c line 27 column 3 function map_get_raw
Unwinding loop 47 iteration 2   file /home/samson/workspace/esbmc/src/c2goto/library/solidity/solidity_mapping.c line 27 column 3 function map_get_raw
Not unwinding loop 47 iteration 3   file /home/samson/workspace/esbmc/src/c2goto/library/solidity/solidity_mapping.c line 27 column 3 function map_get_raw
Unwinding loop 47 iteration 1   file /home/samson/workspace/esbmc/src/c2goto/library/solidity/solidity_mapping.c line 27 column 3 function map_get_raw
Unwinding loop 47 iteration 2   file /home/samson/workspace/esbmc/src/c2goto/library/solidity/solidity_mapping.c line 27 column 3 function map_get_raw
Not unwinding loop 47 iteration 3   file /home/samson/workspace/esbmc/src/c2goto/library/solidity/solidity_mapping.c line 27 column 3 function map_get_raw
Unwinding loop 47 iteration 1   file /home/samson/workspace/esbmc/src/c2goto/library/solidity/solidity_mapping.c line 27 column 3 function map_get_raw
Unwinding loop 47 iteration 2   file /home/samson/workspace/esbmc/src/c2goto/library/solidity/solidity_mapping.c line 27 column 3 function map_get_raw
Not unwinding loop 47 iteration 3   file /home/samson/workspace/esbmc/src/c2goto/library/solidity/solidity_mapping.c line 27 column 3 function map_get_raw
Unwinding loop 47 iteration 1   file /home/samson/workspace/esbmc/src/c2goto/library/solidity/solidity_mapping.c line 27 column 3 function map_get_raw
Unwinding loop 47 iteration 2   file /home/samson/workspace/esbmc/src/c2goto/library/solidity/solidity_mapping.c line 27 column 3 function map_get_raw
Not unwinding loop 47 iteration 3   file /home/samson/workspace/esbmc/src/c2goto/library/solidity/solidity_mapping.c line 27 column 3 function map_get_raw
Unwinding loop 47 iteration 1   file /home/samson/workspace/esbmc/src/c2goto/library/solidity/solidity_mapping.c line 27 column 3 function map_get_raw
Unwinding loop 47 iteration 2   file /home/samson/workspace/esbmc/src/c2goto/library/solidity/solidity_mapping.c line 27 column 3 function map_get_raw
Not unwinding loop 47 iteration 3   file /home/samson/workspace/esbmc/src/c2goto/library/solidity/solidity_mapping.c line 27 column 3 function map_get_raw
Unwinding loop 47 iteration 1   file /home/samson/workspace/esbmc/src/c2goto/library/solidity/solidity_mapping.c line 27 column 3 function map_get_raw
Unwinding loop 47 iteration 2   file /home/samson/workspace/esbmc/src/c2goto/library/solidity/solidity_mapping.c line 27 column 3 function map_get_raw
Not unwinding loop 47 iteration 3   file /home/samson/workspace/esbmc/src/c2goto/library/solidity/solidity_mapping.c line 27 column 3 function map_get_raw
Unwinding loop 47 iteration 1   file /home/samson/workspace/esbmc/src/c2goto/library/solidity/solidity_mapping.c line 27 column 3 function map_get_raw
Unwinding loop 47 iteration 2   file /home/samson/workspace/esbmc/src/c2goto/library/solidity/solidity_mapping.c line 27 column 3 function map_get_raw
Not unwinding loop 47 iteration 3   file /home/samson/workspace/esbmc/src/c2goto/library/solidity/solidity_mapping.c line 27 column 3 function map_get_raw
Unwinding loop 47 iteration 1   file /home/samson/workspace/esbmc/src/c2goto/library/solidity/solidity_mapping.c line 27 column 3 function map_get_raw
Unwinding loop 47 iteration 2   file /home/samson/workspace/esbmc/src/c2goto/library/solidity/solidity_mapping.c line 27 column 3 function map_get_raw
Not unwinding loop 47 iteration 3   file /home/samson/workspace/esbmc/src/c2goto/library/solidity/solidity_mapping.c line 27 column 3 function map_get_raw
Unwinding loop 47 iteration 1   file /home/samson/workspace/esbmc/src/c2goto/library/solidity/solidity_mapping.c line 27 column 3 function map_get_raw
Unwinding loop 47 iteration 2   file /home/samson/workspace/esbmc/src/c2goto/library/solidity/solidity_mapping.c line 27 column 3 function map_get_raw
Not unwinding loop 47 iteration 3   file /home/samson/workspace/esbmc/src/c2goto/library/solidity/solidity_mapping.c line 27 column 3 function map_get_raw
Unwinding loop 47 iteration 1   file /home/samson/workspace/esbmc/src/c2goto/library/solidity/solidity_mapping.c line 27 column 3 function map_get_raw
Unwinding loop 47 iteration 2   file /home/samson/workspace/esbmc/src/c2goto/library/solidity/solidity_mapping.c line 27 column 3 function map_get_raw
Not unwinding loop 47 iteration 3   file /home/samson/workspace/esbmc/src/c2goto/library/solidity/solidity_mapping.c line 27 column 3 function map_get_raw
Unwinding loop 47 iteration 1   file /home/samson/workspace/esbmc/src/c2goto/library/solidity/solidity_mapping.c line 27 column 3 function map_get_raw
Unwinding loop 47 iteration 2   file /home/samson/workspace/esbmc/src/c2goto/library/solidity/solidity_mapping.c line 27 column 3 function map_get_raw
Not unwinding loop 47 iteration 3   file /home/samson/workspace/esbmc/src/c2goto/library/solidity/solidity_mapping.c line 27 column 3 function map_get_raw
Unwinding loop 47 iteration 1   file /home/samson/workspace/esbmc/src/c2goto/library/solidity/solidity_mapping.c line 27 column 3 function map_get_raw
Unwinding loop 47 iteration 2   file /home/samson/workspace/esbmc/src/c2goto/library/solidity/solidity_mapping.c line 27 column 3 function map_get_raw
Not unwinding loop 47 iteration 3   file /home/samson/workspace/esbmc/src/c2goto/library/solidity/solidity_mapping.c line 27 column 3 function map_get_raw
Unwinding loop 47 iteration 1   file /home/samson/workspace/esbmc/src/c2goto/library/solidity/solidity_mapping.c line 27 column 3 function map_get_raw
Unwinding loop 47 iteration 2   file /home/samson/workspace/esbmc/src/c2goto/library/solidity/solidity_mapping.c line 27 column 3 function map_get_raw
Not unwinding loop 47 iteration 3   file /home/samson/workspace/esbmc/src/c2goto/library/solidity/solidity_mapping.c line 27 column 3 function map_get_raw
Unwinding loop 47 iteration 1   file /home/samson/workspace/esbmc/src/c2goto/library/solidity/solidity_mapping.c line 27 column 3 function map_get_raw
Unwinding loop 47 iteration 2   file /home/samson/workspace/esbmc/src/c2goto/library/solidity/solidity_mapping.c line 27 column 3 function map_get_raw
Not unwinding loop 47 iteration 3   file /home/samson/workspace/esbmc/src/c2goto/library/solidity/solidity_mapping.c line 27 column 3 function map_get_raw
Unwinding loop 47 iteration 1   file /home/samson/workspace/esbmc/src/c2goto/library/solidity/solidity_mapping.c line 27 column 3 function map_get_raw
Unwinding loop 47 iteration 2   file /home/samson/workspace/esbmc/src/c2goto/library/solidity/solidity_mapping.c line 27 column 3 function map_get_raw
Not unwinding loop 47 iteration 3   file /home/samson/workspace/esbmc/src/c2goto/library/solidity/solidity_mapping.c line 27 column 3 function map_get_raw
Unwinding loop 47 iteration 1   file /home/samson/workspace/esbmc/src/c2goto/library/solidity/solidity_mapping.c line 27 column 3 function map_get_raw
Unwinding loop 47 iteration 2   file /home/samson/workspace/esbmc/src/c2goto/library/solidity/solidity_mapping.c line 27 column 3 function map_get_raw
Not unwinding loop 47 iteration 3   file /home/samson/workspace/esbmc/src/c2goto/library/solidity/solidity_mapping.c line 27 column 3 function map_get_raw
Unwinding loop 47 iteration 1   file /home/samson/workspace/esbmc/src/c2goto/library/solidity/solidity_mapping.c line 27 column 3 function map_get_raw
Unwinding loop 47 iteration 2   file /home/samson/workspace/esbmc/src/c2goto/library/solidity/solidity_mapping.c line 27 column 3 function map_get_raw
Not unwinding loop 47 iteration 3   file /home/samson/workspace/esbmc/src/c2goto/library/solidity/solidity_mapping.c line 27 column 3 function map_get_raw
Unwinding loop 47 iteration 1   file /home/samson/workspace/esbmc/src/c2goto/library/solidity/solidity_mapping.c line 27 column 3 function map_get_raw
Unwinding loop 47 iteration 2   file /home/samson/workspace/esbmc/src/c2goto/library/solidity/solidity_mapping.c line 27 column 3 function map_get_raw
Not unwinding loop 47 iteration 3   file /home/samson/workspace/esbmc/src/c2goto/library/solidity/solidity_mapping.c line 27 column 3 function map_get_raw
Unwinding loop 47 iteration 1   file /home/samson/workspace/esbmc/src/c2goto/library/solidity/solidity_mapping.c line 27 column 3 function map_get_raw
Unwinding loop 47 iteration 2   file /home/samson/workspace/esbmc/src/c2goto/library/solidity/solidity_mapping.c line 27 column 3 function map_get_raw
Not unwinding loop 47 iteration 3   file /home/samson/workspace/esbmc/src/c2goto/library/solidity/solidity_mapping.c line 27 column 3 function map_get_raw
Unwinding loop 47 iteration 1   file /home/samson/workspace/esbmc/src/c2goto/library/solidity/solidity_mapping.c line 27 column 3 function map_get_raw
Unwinding loop 47 iteration 2   file /home/samson/workspace/esbmc/src/c2goto/library/solidity/solidity_mapping.c line 27 column 3 function map_get_raw
Not unwinding loop 47 iteration 3   file /home/samson/workspace/esbmc/src/c2goto/library/solidity/solidity_mapping.c line 27 column 3 function map_get_raw
Unwinding loop 47 iteration 1   file /home/samson/workspace/esbmc/src/c2goto/library/solidity/solidity_mapping.c line 27 column 3 function map_get_raw
Unwinding loop 47 iteration 2   file /home/samson/workspace/esbmc/src/c2goto/library/solidity/solidity_mapping.c line 27 column 3 function map_get_raw
Not unwinding loop 47 iteration 3   file /home/samson/workspace/esbmc/src/c2goto/library/solidity/solidity_mapping.c line 27 column 3 function map_get_raw
Unwinding loop 47 iteration 1   file /home/samson/workspace/esbmc/src/c2goto/library/solidity/solidity_mapping.c line 27 column 3 function map_get_raw
Unwinding loop 47 iteration 2   file /home/samson/workspace/esbmc/src/c2goto/library/solidity/solidity_mapping.c line 27 column 3 function map_get_raw
Not unwinding loop 47 iteration 3   file /home/samson/workspace/esbmc/src/c2goto/library/solidity/solidity_mapping.c line 27 column 3 function map_get_raw
Unwinding loop 47 iteration 1   file /home/samson/workspace/esbmc/src/c2goto/library/solidity/solidity_mapping.c line 27 column 3 function map_get_raw
Unwinding loop 47 iteration 2   file /home/samson/workspace/esbmc/src/c2goto/library/solidity/solidity_mapping.c line 27 column 3 function map_get_raw
Not unwinding loop 47 iteration 3   file /home/samson/workspace/esbmc/src/c2goto/library/solidity/solidity_mapping.c line 27 column 3 function map_get_raw
Unwinding loop 47 iteration 1   file /home/samson/workspace/esbmc/src/c2goto/library/solidity/solidity_mapping.c line 27 column 3 function map_get_raw
Unwinding loop 47 iteration 2   file /home/samson/workspace/esbmc/src/c2goto/library/solidity/solidity_mapping.c line 27 column 3 function map_get_raw
Not unwinding loop 47 iteration 3   file /home/samson/workspace/esbmc/src/c2goto/library/solidity/solidity_mapping.c line 27 column 3 function map_get_raw
Unwinding loop 47 iteration 1   file /home/samson/workspace/esbmc/src/c2goto/library/solidity/solidity_mapping.c line 27 column 3 function map_get_raw
Unwinding loop 47 iteration 2   file /home/samson/workspace/esbmc/src/c2goto/library/solidity/solidity_mapping.c line 27 column 3 function map_get_raw
Not unwinding loop 47 iteration 3   file /home/samson/workspace/esbmc/src/c2goto/library/solidity/solidity_mapping.c line 27 column 3 function map_get_raw
Unwinding loop 47 iteration 1   file /home/samson/workspace/esbmc/src/c2goto/library/solidity/solidity_mapping.c line 27 column 3 function map_get_raw
Unwinding loop 47 iteration 2   file /home/samson/workspace/esbmc/src/c2goto/library/solidity/solidity_mapping.c line 27 column 3 function map_get_raw
Not unwinding loop 47 iteration 3   file /home/samson/workspace/esbmc/src/c2goto/library/solidity/solidity_mapping.c line 27 column 3 function map_get_raw
Unwinding loop 47 iteration 1   file /home/samson/workspace/esbmc/src/c2goto/library/solidity/solidity_mapping.c line 27 column 3 function map_get_raw
Unwinding loop 47 iteration 2   file /home/samson/workspace/esbmc/src/c2goto/library/solidity/solidity_mapping.c line 27 column 3 function map_get_raw
Not unwinding loop 47 iteration 3   file /home/samson/workspace/esbmc/src/c2goto/library/solidity/solidity_mapping.c line 27 column 3 function map_get_raw
Unwinding loop 47 iteration 1   file /home/samson/workspace/esbmc/src/c2goto/library/solidity/solidity_mapping.c line 27 column 3 function map_get_raw
Unwinding loop 47 iteration 2   file /home/samson/workspace/esbmc/src/c2goto/library/solidity/solidity_mapping.c line 27 column 3 function map_get_raw
Not unwinding loop 47 iteration 3   file /home/samson/workspace/esbmc/src/c2goto/library/solidity/solidity_mapping.c line 27 column 3 function map_get_raw
Unwinding loop 47 iteration 1   file /home/samson/workspace/esbmc/src/c2goto/library/solidity/solidity_mapping.c line 27 column 3 function map_get_raw
Unwinding loop 47 iteration 2   file /home/samson/workspace/esbmc/src/c2goto/library/solidity/solidity_mapping.c line 27 column 3 function map_get_raw
Not unwinding loop 47 iteration 3   file /home/samson/workspace/esbmc/src/c2goto/library/solidity/solidity_mapping.c line 27 column 3 function map_get_raw
Unwinding loop 47 iteration 1   file /home/samson/workspace/esbmc/src/c2goto/library/solidity/solidity_mapping.c line 27 column 3 function map_get_raw
Unwinding loop 47 iteration 2   file /home/samson/workspace/esbmc/src/c2goto/library/solidity/solidity_mapping.c line 27 column 3 function map_get_raw
Not unwinding loop 47 iteration 3   file /home/samson/workspace/esbmc/src/c2goto/library/solidity/solidity_mapping.c line 27 column 3 function map_get_raw
Unwinding loop 47 iteration 1   file /home/samson/workspace/esbmc/src/c2goto/library/solidity/solidity_mapping.c line 27 column 3 function map_get_raw
Unwinding loop 47 iteration 2   file /home/samson/workspace/esbmc/src/c2goto/library/solidity/solidity_mapping.c line 27 column 3 function map_get_raw
Not unwinding loop 47 iteration 3   file /home/samson/workspace/esbmc/src/c2goto/library/solidity/solidity_mapping.c line 27 column 3 function map_get_raw
Unwinding loop 47 iteration 1   file /home/samson/workspace/esbmc/src/c2goto/library/solidity/solidity_mapping.c line 27 column 3 function map_get_raw
Unwinding loop 47 iteration 2   file /home/samson/workspace/esbmc/src/c2goto/library/solidity/solidity_mapping.c line 27 column 3 function map_get_raw
Not unwinding loop 47 iteration 3   file /home/samson/workspace/esbmc/src/c2goto/library/solidity/solidity_mapping.c line 27 column 3 function map_get_raw
Unwinding loop 47 iteration 1   file /home/samson/workspace/esbmc/src/c2goto/library/solidity/solidity_mapping.c line 27 column 3 function map_get_raw
Unwinding loop 47 iteration 2   file /home/samson/workspace/esbmc/src/c2goto/library/solidity/solidity_mapping.c line 27 column 3 function map_get_raw
Not unwinding loop 47 iteration 3   file /home/samson/workspace/esbmc/src/c2goto/library/solidity/solidity_mapping.c line 27 column 3 function map_get_raw
Unwinding loop 47 iteration 1   file /home/samson/workspace/esbmc/src/c2goto/library/solidity/solidity_mapping.c line 27 column 3 function map_get_raw
Unwinding loop 47 iteration 2   file /home/samson/workspace/esbmc/src/c2goto/library/solidity/solidity_mapping.c line 27 column 3 function map_get_raw
Not unwinding loop 47 iteration 3   file /home/samson/workspace/esbmc/src/c2goto/library/solidity/solidity_mapping.c line 27 column 3 function map_get_raw
Unwinding loop 65 iteration 1   
Unwinding loop 47 iteration 1   file /home/samson/workspace/esbmc/src/c2goto/library/solidity/solidity_mapping.c line 27 column 3 function map_get_raw
Unwinding loop 47 iteration 2   file /home/samson/workspace/esbmc/src/c2goto/library/solidity/solidity_mapping.c line 27 column 3 function map_get_raw
Not unwinding loop 47 iteration 3   file /home/samson/workspace/esbmc/src/c2goto/library/solidity/solidity_mapping.c line 27 column 3 function map_get_raw
Unwinding loop 47 iteration 1   file /home/samson/workspace/esbmc/src/c2goto/library/solidity/solidity_mapping.c line 27 column 3 function map_get_raw
Unwinding loop 47 iteration 2   file /home/samson/workspace/esbmc/src/c2goto/library/solidity/solidity_mapping.c line 27 column 3 function map_get_raw
Not unwinding loop 47 iteration 3   file /home/samson/workspace/esbmc/src/c2goto/library/solidity/solidity_mapping.c line 27 column 3 function map_get_raw
Unwinding loop 47 iteration 1   file /home/samson/workspace/esbmc/src/c2goto/library/solidity/solidity_mapping.c line 27 column 3 function map_get_raw
Unwinding loop 47 iteration 2   file /home/samson/workspace/esbmc/src/c2goto/library/solidity/solidity_mapping.c line 27 column 3 function map_get_raw
Not unwinding loop 47 iteration 3   file /home/samson/workspace/esbmc/src/c2goto/library/solidity/solidity_mapping.c line 27 column 3 function map_get_raw
Unwinding loop 47 iteration 1   file /home/samson/workspace/esbmc/src/c2goto/library/solidity/solidity_mapping.c line 27 column 3 function map_get_raw
Unwinding loop 47 iteration 2   file /home/samson/workspace/esbmc/src/c2goto/library/solidity/solidity_mapping.c line 27 column 3 function map_get_raw
Not unwinding loop 47 iteration 3   file /home/samson/workspace/esbmc/src/c2goto/library/solidity/solidity_mapping.c line 27 column 3 function map_get_raw
Unwinding loop 47 iteration 1   file /home/samson/workspace/esbmc/src/c2goto/library/solidity/solidity_mapping.c line 27 column 3 function map_get_raw
Unwinding loop 47 iteration 2   file /home/samson/workspace/esbmc/src/c2goto/library/solidity/solidity_mapping.c line 27 column 3 function map_get_raw
Not unwinding loop 47 iteration 3   file /home/samson/workspace/esbmc/src/c2goto/library/solidity/solidity_mapping.c line 27 column 3 function map_get_raw
Unwinding loop 47 iteration 1   file /home/samson/workspace/esbmc/src/c2goto/library/solidity/solidity_mapping.c line 27 column 3 function map_get_raw
Unwinding loop 47 iteration 2   file /home/samson/workspace/esbmc/src/c2goto/library/solidity/solidity_mapping.c line 27 column 3 function map_get_raw
Not unwinding loop 47 iteration 3   file /home/samson/workspace/esbmc/src/c2goto/library/solidity/solidity_mapping.c line 27 column 3 function map_get_raw
Unwinding loop 47 iteration 1   file /home/samson/workspace/esbmc/src/c2goto/library/solidity/solidity_mapping.c line 27 column 3 function map_get_raw
Unwinding loop 47 iteration 2   file /home/samson/workspace/esbmc/src/c2goto/library/solidity/solidity_mapping.c line 27 column 3 function map_get_raw
Not unwinding loop 47 iteration 3   file /home/samson/workspace/esbmc/src/c2goto/library/solidity/solidity_mapping.c line 27 column 3 function map_get_raw
Unwinding loop 47 iteration 1   file /home/samson/workspace/esbmc/src/c2goto/library/solidity/solidity_mapping.c line 27 column 3 function map_get_raw
Unwinding loop 47 iteration 2   file /home/samson/workspace/esbmc/src/c2goto/library/solidity/solidity_mapping.c line 27 column 3 function map_get_raw
Not unwinding loop 47 iteration 3   file /home/samson/workspace/esbmc/src/c2goto/library/solidity/solidity_mapping.c line 27 column 3 function map_get_raw
Unwinding loop 47 iteration 1   file /home/samson/workspace/esbmc/src/c2goto/library/solidity/solidity_mapping.c line 27 column 3 function map_get_raw
Unwinding loop 47 iteration 2   file /home/samson/workspace/esbmc/src/c2goto/library/solidity/solidity_mapping.c line 27 column 3 function map_get_raw
Not unwinding loop 47 iteration 3   file /home/samson/workspace/esbmc/src/c2goto/library/solidity/solidity_mapping.c line 27 column 3 function map_get_raw
Unwinding loop 47 iteration 1   file /home/samson/workspace/esbmc/src/c2goto/library/solidity/solidity_mapping.c line 27 column 3 function map_get_raw
Unwinding loop 47 iteration 2   file /home/samson/workspace/esbmc/src/c2goto/library/solidity/solidity_mapping.c line 27 column 3 function map_get_raw
Not unwinding loop 47 iteration 3   file /home/samson/workspace/esbmc/src/c2goto/library/solidity/solidity_mapping.c line 27 column 3 function map_get_raw
Unwinding loop 47 iteration 1   file /home/samson/workspace/esbmc/src/c2goto/library/solidity/solidity_mapping.c line 27 column 3 function map_get_raw
Unwinding loop 47 iteration 2   file /home/samson/workspace/esbmc/src/c2goto/library/solidity/solidity_mapping.c line 27 column 3 function map_get_raw
Not unwinding loop 47 iteration 3   file /home/samson/workspace/esbmc/src/c2goto/library/solidity/solidity_mapping.c line 27 column 3 function map_get_raw
Unwinding loop 47 iteration 1   file /home/samson/workspace/esbmc/src/c2goto/library/solidity/solidity_mapping.c line 27 column 3 function map_get_raw
Unwinding loop 47 iteration 2   file /home/samson/workspace/esbmc/src/c2goto/library/solidity/solidity_mapping.c line 27 column 3 function map_get_raw
Not unwinding loop 47 iteration 3   file /home/samson/workspace/esbmc/src/c2goto/library/solidity/solidity_mapping.c line 27 column 3 function map_get_raw
Unwinding loop 47 iteration 1   file /home/samson/workspace/esbmc/src/c2goto/library/solidity/solidity_mapping.c line 27 column 3 function map_get_raw
Unwinding loop 47 iteration 2   file /home/samson/workspace/esbmc/src/c2goto/library/solidity/solidity_mapping.c line 27 column 3 function map_get_raw
Not unwinding loop 47 iteration 3   file /home/samson/workspace/esbmc/src/c2goto/library/solidity/solidity_mapping.c line 27 column 3 function map_get_raw
Unwinding loop 47 iteration 1   file /home/samson/workspace/esbmc/src/c2goto/library/solidity/solidity_mapping.c line 27 column 3 function map_get_raw
Unwinding loop 47 iteration 2   file /home/samson/workspace/esbmc/src/c2goto/library/solidity/solidity_mapping.c line 27 column 3 function map_get_raw
Not unwinding loop 47 iteration 3   file /home/samson/workspace/esbmc/src/c2goto/library/solidity/solidity_mapping.c line 27 column 3 function map_get_raw
Unwinding loop 47 iteration 1   file /home/samson/workspace/esbmc/src/c2goto/library/solidity/solidity_mapping.c line 27 column 3 function map_get_raw
Unwinding loop 47 iteration 2   file /home/samson/workspace/esbmc/src/c2goto/library/solidity/solidity_mapping.c line 27 column 3 function map_get_raw
Not unwinding loop 47 iteration 3   file /home/samson/workspace/esbmc/src/c2goto/library/solidity/solidity_mapping.c line 27 column 3 function map_get_raw
Unwinding loop 47 iteration 1   file /home/samson/workspace/esbmc/src/c2goto/library/solidity/solidity_mapping.c line 27 column 3 function map_get_raw
Unwinding loop 47 iteration 2   file /home/samson/workspace/esbmc/src/c2goto/library/solidity/solidity_mapping.c line 27 column 3 function map_get_raw
Not unwinding loop 47 iteration 3   file /home/samson/workspace/esbmc/src/c2goto/library/solidity/solidity_mapping.c line 27 column 3 function map_get_raw
Unwinding loop 47 iteration 1   file /home/samson/workspace/esbmc/src/c2goto/library/solidity/solidity_mapping.c line 27 column 3 function map_get_raw
Unwinding loop 47 iteration 2   file /home/samson/workspace/esbmc/src/c2goto/library/solidity/solidity_mapping.c line 27 column 3 function map_get_raw
Not unwinding loop 47 iteration 3   file /home/samson/workspace/esbmc/src/c2goto/library/solidity/solidity_mapping.c line 27 column 3 function map_get_raw
Unwinding loop 47 iteration 1   file /home/samson/workspace/esbmc/src/c2goto/library/solidity/solidity_mapping.c line 27 column 3 function map_get_raw
Unwinding loop 47 iteration 2   file /home/samson/workspace/esbmc/src/c2goto/library/solidity/solidity_mapping.c line 27 column 3 function map_get_raw
Not unwinding loop 47 iteration 3   file /home/samson/workspace/esbmc/src/c2goto/library/solidity/solidity_mapping.c line 27 column 3 function map_get_raw
Unwinding loop 47 iteration 1   file /home/samson/workspace/esbmc/src/c2goto/library/solidity/solidity_mapping.c line 27 column 3 function map_get_raw
Unwinding loop 47 iteration 2   file /home/samson/workspace/esbmc/src/c2goto/library/solidity/solidity_mapping.c line 27 column 3 function map_get_raw
Not unwinding loop 47 iteration 3   file /home/samson/workspace/esbmc/src/c2goto/library/solidity/solidity_mapping.c line 27 column 3 function map_get_raw
Unwinding loop 47 iteration 1   file /home/samson/workspace/esbmc/src/c2goto/library/solidity/solidity_mapping.c line 27 column 3 function map_get_raw
Unwinding loop 47 iteration 2   file /home/samson/workspace/esbmc/src/c2goto/library/solidity/solidity_mapping.c line 27 column 3 function map_get_raw
Not unwinding loop 47 iteration 3   file /home/samson/workspace/esbmc/src/c2goto/library/solidity/solidity_mapping.c line 27 column 3 function map_get_raw
Unwinding loop 47 iteration 1   file /home/samson/workspace/esbmc/src/c2goto/library/solidity/solidity_mapping.c line 27 column 3 function map_get_raw
Unwinding loop 47 iteration 2   file /home/samson/workspace/esbmc/src/c2goto/library/solidity/solidity_mapping.c line 27 column 3 function map_get_raw
Not unwinding loop 47 iteration 3   file /home/samson/workspace/esbmc/src/c2goto/library/solidity/solidity_mapping.c line 27 column 3 function map_get_raw
Unwinding loop 47 iteration 1   file /home/samson/workspace/esbmc/src/c2goto/library/solidity/solidity_mapping.c line 27 column 3 function map_get_raw
Unwinding loop 47 iteration 2   file /home/samson/workspace/esbmc/src/c2goto/library/solidity/solidity_mapping.c line 27 column 3 function map_get_raw
Not unwinding loop 47 iteration 3   file /home/samson/workspace/esbmc/src/c2goto/library/solidity/solidity_mapping.c line 27 column 3 function map_get_raw
Unwinding loop 47 iteration 1   file /home/samson/workspace/esbmc/src/c2goto/library/solidity/solidity_mapping.c line 27 column 3 function map_get_raw
Unwinding loop 47 iteration 2   file /home/samson/workspace/esbmc/src/c2goto/library/solidity/solidity_mapping.c line 27 column 3 function map_get_raw
Not unwinding loop 47 iteration 3   file /home/samson/workspace/esbmc/src/c2goto/library/solidity/solidity_mapping.c line 27 column 3 function map_get_raw
Unwinding loop 47 iteration 1   file /home/samson/workspace/esbmc/src/c2goto/library/solidity/solidity_mapping.c line 27 column 3 function map_get_raw
Unwinding loop 47 iteration 2   file /home/samson/workspace/esbmc/src/c2goto/library/solidity/solidity_mapping.c line 27 column 3 function map_get_raw
Not unwinding loop 47 iteration 3   file /home/samson/workspace/esbmc/src/c2goto/library/solidity/solidity_mapping.c line 27 column 3 function map_get_raw
Unwinding loop 47 iteration 1   file /home/samson/workspace/esbmc/src/c2goto/library/solidity/solidity_mapping.c line 27 column 3 function map_get_raw
Unwinding loop 47 iteration 2   file /home/samson/workspace/esbmc/src/c2goto/library/solidity/solidity_mapping.c line 27 column 3 function map_get_raw
Not unwinding loop 47 iteration 3   file /home/samson/workspace/esbmc/src/c2goto/library/solidity/solidity_mapping.c line 27 column 3 function map_get_raw
Unwinding loop 47 iteration 1   file /home/samson/workspace/esbmc/src/c2goto/library/solidity/solidity_mapping.c line 27 column 3 function map_get_raw
Unwinding loop 47 iteration 2   file /home/samson/workspace/esbmc/src/c2goto/library/solidity/solidity_mapping.c line 27 column 3 function map_get_raw
Not unwinding loop 47 iteration 3   file /home/samson/workspace/esbmc/src/c2goto/library/solidity/solidity_mapping.c line 27 column 3 function map_get_raw
Unwinding loop 47 iteration 1   file /home/samson/workspace/esbmc/src/c2goto/library/solidity/solidity_mapping.c line 27 column 3 function map_get_raw
Unwinding loop 47 iteration 2   file /home/samson/workspace/esbmc/src/c2goto/library/solidity/solidity_mapping.c line 27 column 3 function map_get_raw
Not unwinding loop 47 iteration 3   file /home/samson/workspace/esbmc/src/c2goto/library/solidity/solidity_mapping.c line 27 column 3 function map_get_raw
Unwinding loop 47 iteration 1   file /home/samson/workspace/esbmc/src/c2goto/library/solidity/solidity_mapping.c line 27 column 3 function map_get_raw
Unwinding loop 47 iteration 2   file /home/samson/workspace/esbmc/src/c2goto/library/solidity/solidity_mapping.c line 27 column 3 function map_get_raw
Not unwinding loop 47 iteration 3   file /home/samson/workspace/esbmc/src/c2goto/library/solidity/solidity_mapping.c line 27 column 3 function map_get_raw
Unwinding loop 47 iteration 1   file /home/samson/workspace/esbmc/src/c2goto/library/solidity/solidity_mapping.c line 27 column 3 function map_get_raw
Unwinding loop 47 iteration 2   file /home/samson/workspace/esbmc/src/c2goto/library/solidity/solidity_mapping.c line 27 column 3 function map_get_raw
Not unwinding loop 47 iteration 3   file /home/samson/workspace/esbmc/src/c2goto/library/solidity/solidity_mapping.c line 27 column 3 function map_get_raw
Unwinding loop 47 iteration 1   file /home/samson/workspace/esbmc/src/c2goto/library/solidity/solidity_mapping.c line 27 column 3 function map_get_raw
Unwinding loop 47 iteration 2   file /home/samson/workspace/esbmc/src/c2goto/library/solidity/solidity_mapping.c line 27 column 3 function map_get_raw
Not unwinding loop 47 iteration 3   file /home/samson/workspace/esbmc/src/c2goto/library/solidity/solidity_mapping.c line 27 column 3 function map_get_raw
Unwinding loop 47 iteration 1   file /home/samson/workspace/esbmc/src/c2goto/library/solidity/solidity_mapping.c line 27 column 3 function map_get_raw
Unwinding loop 47 iteration 2   file /home/samson/workspace/esbmc/src/c2goto/library/solidity/solidity_mapping.c line 27 column 3 function map_get_raw
Not unwinding loop 47 iteration 3   file /home/samson/workspace/esbmc/src/c2goto/library/solidity/solidity_mapping.c line 27 column 3 function map_get_raw
Unwinding loop 47 iteration 1   file /home/samson/workspace/esbmc/src/c2goto/library/solidity/solidity_mapping.c line 27 column 3 function map_get_raw
Unwinding loop 47 iteration 2   file /home/samson/workspace/esbmc/src/c2goto/library/solidity/solidity_mapping.c line 27 column 3 function map_get_raw
Not unwinding loop 47 iteration 3   file /home/samson/workspace/esbmc/src/c2goto/library/solidity/solidity_mapping.c line 27 column 3 function map_get_raw
Unwinding loop 47 iteration 1   file /home/samson/workspace/esbmc/src/c2goto/library/solidity/solidity_mapping.c line 27 column 3 function map_get_raw
Unwinding loop 47 iteration 2   file /home/samson/workspace/esbmc/src/c2goto/library/solidity/solidity_mapping.c line 27 column 3 function map_get_raw
Not unwinding loop 47 iteration 3   file /home/samson/workspace/esbmc/src/c2goto/library/solidity/solidity_mapping.c line 27 column 3 function map_get_raw
Unwinding loop 47 iteration 1   file /home/samson/workspace/esbmc/src/c2goto/library/solidity/solidity_mapping.c line 27 column 3 function map_get_raw
Unwinding loop 47 iteration 2   file /home/samson/workspace/esbmc/src/c2goto/library/solidity/solidity_mapping.c line 27 column 3 function map_get_raw
Not unwinding loop 47 iteration 3   file /home/samson/workspace/esbmc/src/c2goto/library/solidity/solidity_mapping.c line 27 column 3 function map_get_raw
Unwinding loop 47 iteration 1   file /home/samson/workspace/esbmc/src/c2goto/library/solidity/solidity_mapping.c line 27 column 3 function map_get_raw
Unwinding loop 47 iteration 2   file /home/samson/workspace/esbmc/src/c2goto/library/solidity/solidity_mapping.c line 27 column 3 function map_get_raw
Not unwinding loop 47 iteration 3   file /home/samson/workspace/esbmc/src/c2goto/library/solidity/solidity_mapping.c line 27 column 3 function map_get_raw
Unwinding loop 47 iteration 1   file /home/samson/workspace/esbmc/src/c2goto/library/solidity/solidity_mapping.c line 27 column 3 function map_get_raw
Unwinding loop 47 iteration 2   file /home/samson/workspace/esbmc/src/c2goto/library/solidity/solidity_mapping.c line 27 column 3 function map_get_raw
Not unwinding loop 47 iteration 3   file /home/samson/workspace/esbmc/src/c2goto/library/solidity/solidity_mapping.c line 27 column 3 function map_get_raw
Unwinding loop 47 iteration 1   file /home/samson/workspace/esbmc/src/c2goto/library/solidity/solidity_mapping.c line 27 column 3 function map_get_raw
Unwinding loop 47 iteration 2   file /home/samson/workspace/esbmc/src/c2goto/library/solidity/solidity_mapping.c line 27 column 3 function map_get_raw
Not unwinding loop 47 iteration 3   file /home/samson/workspace/esbmc/src/c2goto/library/solidity/solidity_mapping.c line 27 column 3 function map_get_raw
Unwinding loop 47 iteration 1   file /home/samson/workspace/esbmc/src/c2goto/library/solidity/solidity_mapping.c line 27 column 3 function map_get_raw
Unwinding loop 47 iteration 2   file /home/samson/workspace/esbmc/src/c2goto/library/solidity/solidity_mapping.c line 27 column 3 function map_get_raw
Not unwinding loop 47 iteration 3   file /home/samson/workspace/esbmc/src/c2goto/library/solidity/solidity_mapping.c line 27 column 3 function map_get_raw
Unwinding loop 47 iteration 1   file /home/samson/workspace/esbmc/src/c2goto/library/solidity/solidity_mapping.c line 27 column 3 function map_get_raw
Unwinding loop 47 iteration 2   file /home/samson/workspace/esbmc/src/c2goto/library/solidity/solidity_mapping.c line 27 column 3 function map_get_raw
Not unwinding loop 47 iteration 3   file /home/samson/workspace/esbmc/src/c2goto/library/solidity/solidity_mapping.c line 27 column 3 function map_get_raw
Unwinding loop 47 iteration 1   file /home/samson/workspace/esbmc/src/c2goto/library/solidity/solidity_mapping.c line 27 column 3 function map_get_raw
Unwinding loop 47 iteration 2   file /home/samson/workspace/esbmc/src/c2goto/library/solidity/solidity_mapping.c line 27 column 3 function map_get_raw
Not unwinding loop 47 iteration 3   file /home/samson/workspace/esbmc/src/c2goto/library/solidity/solidity_mapping.c line 27 column 3 function map_get_raw
Unwinding loop 47 iteration 1   file /home/samson/workspace/esbmc/src/c2goto/library/solidity/solidity_mapping.c line 27 column 3 function map_get_raw
Unwinding loop 47 iteration 2   file /home/samson/workspace/esbmc/src/c2goto/library/solidity/solidity_mapping.c line 27 column 3 function map_get_raw
Not unwinding loop 47 iteration 3   file /home/samson/workspace/esbmc/src/c2goto/library/solidity/solidity_mapping.c line 27 column 3 function map_get_raw
Unwinding loop 47 iteration 1   file /home/samson/workspace/esbmc/src/c2goto/library/solidity/solidity_mapping.c line 27 column 3 function map_get_raw
Unwinding loop 47 iteration 2   file /home/samson/workspace/esbmc/src/c2goto/library/solidity/solidity_mapping.c line 27 column 3 function map_get_raw
Not unwinding loop 47 iteration 3   file /home/samson/workspace/esbmc/src/c2goto/library/solidity/solidity_mapping.c line 27 column 3 function map_get_raw
Unwinding loop 47 iteration 1   file /home/samson/workspace/esbmc/src/c2goto/library/solidity/solidity_mapping.c line 27 column 3 function map_get_raw
Unwinding loop 47 iteration 2   file /home/samson/workspace/esbmc/src/c2goto/library/solidity/solidity_mapping.c line 27 column 3 function map_get_raw
Not unwinding loop 47 iteration 3   file /home/samson/workspace/esbmc/src/c2goto/library/solidity/solidity_mapping.c line 27 column 3 function map_get_raw
Unwinding loop 47 iteration 1   file /home/samson/workspace/esbmc/src/c2goto/library/solidity/solidity_mapping.c line 27 column 3 function map_get_raw
Unwinding loop 47 iteration 2   file /home/samson/workspace/esbmc/src/c2goto/library/solidity/solidity_mapping.c line 27 column 3 function map_get_raw
Not unwinding loop 47 iteration 3   file /home/samson/workspace/esbmc/src/c2goto/library/solidity/solidity_mapping.c line 27 column 3 function map_get_raw
Unwinding loop 47 iteration 1   file /home/samson/workspace/esbmc/src/c2goto/library/solidity/solidity_mapping.c line 27 column 3 function map_get_raw
Unwinding loop 47 iteration 2   file /home/samson/workspace/esbmc/src/c2goto/library/solidity/solidity_mapping.c line 27 column 3 function map_get_raw
Not unwinding loop 47 iteration 3   file /home/samson/workspace/esbmc/src/c2goto/library/solidity/solidity_mapping.c line 27 column 3 function map_get_raw
Unwinding loop 47 iteration 1   file /home/samson/workspace/esbmc/src/c2goto/library/solidity/solidity_mapping.c line 27 column 3 function map_get_raw
Unwinding loop 47 iteration 2   file /home/samson/workspace/esbmc/src/c2goto/library/solidity/solidity_mapping.c line 27 column 3 function map_get_raw
Not unwinding loop 47 iteration 3   file /home/samson/workspace/esbmc/src/c2goto/library/solidity/solidity_mapping.c line 27 column 3 function map_get_raw
Unwinding loop 47 iteration 1   file /home/samson/workspace/esbmc/src/c2goto/library/solidity/solidity_mapping.c line 27 column 3 function map_get_raw
Unwinding loop 47 iteration 2   file /home/samson/workspace/esbmc/src/c2goto/library/solidity/solidity_mapping.c line 27 column 3 function map_get_raw
Not unwinding loop 47 iteration 3   file /home/samson/workspace/esbmc/src/c2goto/library/solidity/solidity_mapping.c line 27 column 3 function map_get_raw
Unwinding loop 47 iteration 1   file /home/samson/workspace/esbmc/src/c2goto/library/solidity/solidity_mapping.c line 27 column 3 function map_get_raw
Unwinding loop 47 iteration 2   file /home/samson/workspace/esbmc/src/c2goto/library/solidity/solidity_mapping.c line 27 column 3 function map_get_raw
Not unwinding loop 47 iteration 3   file /home/samson/workspace/esbmc/src/c2goto/library/solidity/solidity_mapping.c line 27 column 3 function map_get_raw
Unwinding loop 47 iteration 1   file /home/samson/workspace/esbmc/src/c2goto/library/solidity/solidity_mapping.c line 27 column 3 function map_get_raw
Unwinding loop 47 iteration 2   file /home/samson/workspace/esbmc/src/c2goto/library/solidity/solidity_mapping.c line 27 column 3 function map_get_raw
Not unwinding loop 47 iteration 3   file /home/samson/workspace/esbmc/src/c2goto/library/solidity/solidity_mapping.c line 27 column 3 function map_get_raw
Unwinding loop 47 iteration 1   file /home/samson/workspace/esbmc/src/c2goto/library/solidity/solidity_mapping.c line 27 column 3 function map_get_raw
Unwinding loop 47 iteration 2   file /home/samson/workspace/esbmc/src/c2goto/library/solidity/solidity_mapping.c line 27 column 3 function map_get_raw
Not unwinding loop 47 iteration 3   file /home/samson/workspace/esbmc/src/c2goto/library/solidity/solidity_mapping.c line 27 column 3 function map_get_raw
Unwinding loop 47 iteration 1   file /home/samson/workspace/esbmc/src/c2goto/library/solidity/solidity_mapping.c line 27 column 3 function map_get_raw
Unwinding loop 47 iteration 2   file /home/samson/workspace/esbmc/src/c2goto/library/solidity/solidity_mapping.c line 27 column 3 function map_get_raw
Not unwinding loop 47 iteration 3   file /home/samson/workspace/esbmc/src/c2goto/library/solidity/solidity_mapping.c line 27 column 3 function map_get_raw
Unwinding loop 47 iteration 1   file /home/samson/workspace/esbmc/src/c2goto/library/solidity/solidity_mapping.c line 27 column 3 function map_get_raw
Unwinding loop 47 iteration 2   file /home/samson/workspace/esbmc/src/c2goto/library/solidity/solidity_mapping.c line 27 column 3 function map_get_raw
Not unwinding loop 47 iteration 3   file /home/samson/workspace/esbmc/src/c2goto/library/solidity/solidity_mapping.c line 27 column 3 function map_get_raw
Unwinding loop 47 iteration 1   file /home/samson/workspace/esbmc/src/c2goto/library/solidity/solidity_mapping.c line 27 column 3 function map_get_raw
Unwinding loop 47 iteration 2   file /home/samson/workspace/esbmc/src/c2goto/library/solidity/solidity_mapping.c line 27 column 3 function map_get_raw
Not unwinding loop 47 iteration 3   file /home/samson/workspace/esbmc/src/c2goto/library/solidity/solidity_mapping.c line 27 column 3 function map_get_raw
Unwinding loop 47 iteration 1   file /home/samson/workspace/esbmc/src/c2goto/library/solidity/solidity_mapping.c line 27 column 3 function map_get_raw
Unwinding loop 47 iteration 2   file /home/samson/workspace/esbmc/src/c2goto/library/solidity/solidity_mapping.c line 27 column 3 function map_get_raw
Not unwinding loop 47 iteration 3   file /home/samson/workspace/esbmc/src/c2goto/library/solidity/solidity_mapping.c line 27 column 3 function map_get_raw
Unwinding loop 47 iteration 1   file /home/samson/workspace/esbmc/src/c2goto/library/solidity/solidity_mapping.c line 27 column 3 function map_get_raw
Unwinding loop 47 iteration 2   file /home/samson/workspace/esbmc/src/c2goto/library/solidity/solidity_mapping.c line 27 column 3 function map_get_raw
Not unwinding loop 47 iteration 3   file /home/samson/workspace/esbmc/src/c2goto/library/solidity/solidity_mapping.c line 27 column 3 function map_get_raw
Unwinding loop 47 iteration 1   file /home/samson/workspace/esbmc/src/c2goto/library/solidity/solidity_mapping.c line 27 column 3 function map_get_raw
Unwinding loop 47 iteration 2   file /home/samson/workspace/esbmc/src/c2goto/library/solidity/solidity_mapping.c line 27 column 3 function map_get_raw
Not unwinding loop 47 iteration 3   file /home/samson/workspace/esbmc/src/c2goto/library/solidity/solidity_mapping.c line 27 column 3 function map_get_raw
Unwinding loop 47 iteration 1   file /home/samson/workspace/esbmc/src/c2goto/library/solidity/solidity_mapping.c line 27 column 3 function map_get_raw
Unwinding loop 47 iteration 2   file /home/samson/workspace/esbmc/src/c2goto/library/solidity/solidity_mapping.c line 27 column 3 function map_get_raw
Not unwinding loop 47 iteration 3   file /home/samson/workspace/esbmc/src/c2goto/library/solidity/solidity_mapping.c line 27 column 3 function map_get_raw
Unwinding loop 47 iteration 1   file /home/samson/workspace/esbmc/src/c2goto/library/solidity/solidity_mapping.c line 27 column 3 function map_get_raw
Unwinding loop 47 iteration 2   file /home/samson/workspace/esbmc/src/c2goto/library/solidity/solidity_mapping.c line 27 column 3 function map_get_raw
Not unwinding loop 47 iteration 3   file /home/samson/workspace/esbmc/src/c2goto/library/solidity/solidity_mapping.c line 27 column 3 function map_get_raw
Unwinding loop 47 iteration 1   file /home/samson/workspace/esbmc/src/c2goto/library/solidity/solidity_mapping.c line 27 column 3 function map_get_raw
Unwinding loop 47 iteration 2   file /home/samson/workspace/esbmc/src/c2goto/library/solidity/solidity_mapping.c line 27 column 3 function map_get_raw
Not unwinding loop 47 iteration 3   file /home/samson/workspace/esbmc/src/c2goto/library/solidity/solidity_mapping.c line 27 column 3 function map_get_raw
Unwinding loop 47 iteration 1   file /home/samson/workspace/esbmc/src/c2goto/library/solidity/solidity_mapping.c line 27 column 3 function map_get_raw
Unwinding loop 47 iteration 2   file /home/samson/workspace/esbmc/src/c2goto/library/solidity/solidity_mapping.c line 27 column 3 function map_get_raw
Not unwinding loop 47 iteration 3   file /home/samson/workspace/esbmc/src/c2goto/library/solidity/solidity_mapping.c line 27 column 3 function map_get_raw
Unwinding loop 47 iteration 1   file /home/samson/workspace/esbmc/src/c2goto/library/solidity/solidity_mapping.c line 27 column 3 function map_get_raw
Unwinding loop 47 iteration 2   file /home/samson/workspace/esbmc/src/c2goto/library/solidity/solidity_mapping.c line 27 column 3 function map_get_raw
Not unwinding loop 47 iteration 3   file /home/samson/workspace/esbmc/src/c2goto/library/solidity/solidity_mapping.c line 27 column 3 function map_get_raw
Unwinding loop 47 iteration 1   file /home/samson/workspace/esbmc/src/c2goto/library/solidity/solidity_mapping.c line 27 column 3 function map_get_raw
Unwinding loop 47 iteration 2   file /home/samson/workspace/esbmc/src/c2goto/library/solidity/solidity_mapping.c line 27 column 3 function map_get_raw
Not unwinding loop 47 iteration 3   file /home/samson/workspace/esbmc/src/c2goto/library/solidity/solidity_mapping.c line 27 column 3 function map_get_raw
Unwinding loop 47 iteration 1   file /home/samson/workspace/esbmc/src/c2goto/library/solidity/solidity_mapping.c line 27 column 3 function map_get_raw
Unwinding loop 47 iteration 2   file /home/samson/workspace/esbmc/src/c2goto/library/solidity/solidity_mapping.c line 27 column 3 function map_get_raw
Not unwinding loop 47 iteration 3   file /home/samson/workspace/esbmc/src/c2goto/library/solidity/solidity_mapping.c line 27 column 3 function map_get_raw
Unwinding loop 47 iteration 1   file /home/samson/workspace/esbmc/src/c2goto/library/solidity/solidity_mapping.c line 27 column 3 function map_get_raw
Unwinding loop 47 iteration 2   file /home/samson/workspace/esbmc/src/c2goto/library/solidity/solidity_mapping.c line 27 column 3 function map_get_raw
Not unwinding loop 47 iteration 3   file /home/samson/workspace/esbmc/src/c2goto/library/solidity/solidity_mapping.c line 27 column 3 function map_get_raw
Unwinding loop 47 iteration 1   file /home/samson/workspace/esbmc/src/c2goto/library/solidity/solidity_mapping.c line 27 column 3 function map_get_raw
Unwinding loop 47 iteration 2   file /home/samson/workspace/esbmc/src/c2goto/library/solidity/solidity_mapping.c line 27 column 3 function map_get_raw
Not unwinding loop 47 iteration 3   file /home/samson/workspace/esbmc/src/c2goto/library/solidity/solidity_mapping.c line 27 column 3 function map_get_raw
Unwinding loop 47 iteration 1   file /home/samson/workspace/esbmc/src/c2goto/library/solidity/solidity_mapping.c line 27 column 3 function map_get_raw
Unwinding loop 47 iteration 2   file /home/samson/workspace/esbmc/src/c2goto/library/solidity/solidity_mapping.c line 27 column 3 function map_get_raw
Not unwinding loop 47 iteration 3   file /home/samson/workspace/esbmc/src/c2goto/library/solidity/solidity_mapping.c line 27 column 3 function map_get_raw
Unwinding loop 47 iteration 1   file /home/samson/workspace/esbmc/src/c2goto/library/solidity/solidity_mapping.c line 27 column 3 function map_get_raw
Unwinding loop 47 iteration 2   file /home/samson/workspace/esbmc/src/c2goto/library/solidity/solidity_mapping.c line 27 column 3 function map_get_raw
Not unwinding loop 47 iteration 3   file /home/samson/workspace/esbmc/src/c2goto/library/solidity/solidity_mapping.c line 27 column 3 function map_get_raw
Unwinding loop 47 iteration 1   file /home/samson/workspace/esbmc/src/c2goto/library/solidity/solidity_mapping.c line 27 column 3 function map_get_raw
Unwinding loop 47 iteration 2   file /home/samson/workspace/esbmc/src/c2goto/library/solidity/solidity_mapping.c line 27 column 3 function map_get_raw
Not unwinding loop 47 iteration 3   file /home/samson/workspace/esbmc/src/c2goto/library/solidity/solidity_mapping.c line 27 column 3 function map_get_raw
Unwinding loop 47 iteration 1   file /home/samson/workspace/esbmc/src/c2goto/library/solidity/solidity_mapping.c line 27 column 3 function map_get_raw
Unwinding loop 47 iteration 2   file /home/samson/workspace/esbmc/src/c2goto/library/solidity/solidity_mapping.c line 27 column 3 function map_get_raw
Not unwinding loop 47 iteration 3   file /home/samson/workspace/esbmc/src/c2goto/library/solidity/solidity_mapping.c line 27 column 3 function map_get_raw
Unwinding loop 47 iteration 1   file /home/samson/workspace/esbmc/src/c2goto/library/solidity/solidity_mapping.c line 27 column 3 function map_get_raw
Unwinding loop 47 iteration 2   file /home/samson/workspace/esbmc/src/c2goto/library/solidity/solidity_mapping.c line 27 column 3 function map_get_raw
Not unwinding loop 47 iteration 3   file /home/samson/workspace/esbmc/src/c2goto/library/solidity/solidity_mapping.c line 27 column 3 function map_get_raw
Unwinding loop 47 iteration 1   file /home/samson/workspace/esbmc/src/c2goto/library/solidity/solidity_mapping.c line 27 column 3 function map_get_raw
Unwinding loop 47 iteration 2   file /home/samson/workspace/esbmc/src/c2goto/library/solidity/solidity_mapping.c line 27 column 3 function map_get_raw
Not unwinding loop 47 iteration 3   file /home/samson/workspace/esbmc/src/c2goto/library/solidity/solidity_mapping.c line 27 column 3 function map_get_raw
Unwinding loop 47 iteration 1   file /home/samson/workspace/esbmc/src/c2goto/library/solidity/solidity_mapping.c line 27 column 3 function map_get_raw
Unwinding loop 47 iteration 2   file /home/samson/workspace/esbmc/src/c2goto/library/solidity/solidity_mapping.c line 27 column 3 function map_get_raw
Not unwinding loop 47 iteration 3   file /home/samson/workspace/esbmc/src/c2goto/library/solidity/solidity_mapping.c line 27 column 3 function map_get_raw
Unwinding loop 47 iteration 1   file /home/samson/workspace/esbmc/src/c2goto/library/solidity/solidity_mapping.c line 27 column 3 function map_get_raw
Unwinding loop 47 iteration 2   file /home/samson/workspace/esbmc/src/c2goto/library/solidity/solidity_mapping.c line 27 column 3 function map_get_raw
Not unwinding loop 47 iteration 3   file /home/samson/workspace/esbmc/src/c2goto/library/solidity/solidity_mapping.c line 27 column 3 function map_get_raw
Unwinding loop 47 iteration 1   file /home/samson/workspace/esbmc/src/c2goto/library/solidity/solidity_mapping.c line 27 column 3 function map_get_raw
Unwinding loop 47 iteration 2   file /home/samson/workspace/esbmc/src/c2goto/library/solidity/solidity_mapping.c line 27 column 3 function map_get_raw
Not unwinding loop 47 iteration 3   file /home/samson/workspace/esbmc/src/c2goto/library/solidity/solidity_mapping.c line 27 column 3 function map_get_raw
Unwinding loop 47 iteration 1   file /home/samson/workspace/esbmc/src/c2goto/library/solidity/solidity_mapping.c line 27 column 3 function map_get_raw
Unwinding loop 47 iteration 2   file /home/samson/workspace/esbmc/src/c2goto/library/solidity/solidity_mapping.c line 27 column 3 function map_get_raw
Not unwinding loop 47 iteration 3   file /home/samson/workspace/esbmc/src/c2goto/library/solidity/solidity_mapping.c line 27 column 3 function map_get_raw
Unwinding loop 47 iteration 1   file /home/samson/workspace/esbmc/src/c2goto/library/solidity/solidity_mapping.c line 27 column 3 function map_get_raw
Unwinding loop 47 iteration 2   file /home/samson/workspace/esbmc/src/c2goto/library/solidity/solidity_mapping.c line 27 column 3 function map_get_raw
Not unwinding loop 47 iteration 3   file /home/samson/workspace/esbmc/src/c2goto/library/solidity/solidity_mapping.c line 27 column 3 function map_get_raw
Unwinding loop 65 iteration 2   
Unwinding loop 47 iteration 1   file /home/samson/workspace/esbmc/src/c2goto/library/solidity/solidity_mapping.c line 27 column 3 function map_get_raw
Unwinding loop 47 iteration 2   file /home/samson/workspace/esbmc/src/c2goto/library/solidity/solidity_mapping.c line 27 column 3 function map_get_raw
Not unwinding loop 47 iteration 3   file /home/samson/workspace/esbmc/src/c2goto/library/solidity/solidity_mapping.c line 27 column 3 function map_get_raw
Unwinding loop 47 iteration 1   file /home/samson/workspace/esbmc/src/c2goto/library/solidity/solidity_mapping.c line 27 column 3 function map_get_raw
Unwinding loop 47 iteration 2   file /home/samson/workspace/esbmc/src/c2goto/library/solidity/solidity_mapping.c line 27 column 3 function map_get_raw
Not unwinding loop 47 iteration 3   file /home/samson/workspace/esbmc/src/c2goto/library/solidity/solidity_mapping.c line 27 column 3 function map_get_raw
Unwinding loop 47 iteration 1   file /home/samson/workspace/esbmc/src/c2goto/library/solidity/solidity_mapping.c line 27 column 3 function map_get_raw
Unwinding loop 47 iteration 2   file /home/samson/workspace/esbmc/src/c2goto/library/solidity/solidity_mapping.c line 27 column 3 function map_get_raw
Not unwinding loop 47 iteration 3   file /home/samson/workspace/esbmc/src/c2goto/library/solidity/solidity_mapping.c line 27 column 3 function map_get_raw
Unwinding loop 47 iteration 1   file /home/samson/workspace/esbmc/src/c2goto/library/solidity/solidity_mapping.c line 27 column 3 function map_get_raw
Unwinding loop 47 iteration 2   file /home/samson/workspace/esbmc/src/c2goto/library/solidity/solidity_mapping.c line 27 column 3 function map_get_raw
Not unwinding loop 47 iteration 3   file /home/samson/workspace/esbmc/src/c2goto/library/solidity/solidity_mapping.c line 27 column 3 function map_get_raw
Unwinding loop 47 iteration 1   file /home/samson/workspace/esbmc/src/c2goto/library/solidity/solidity_mapping.c line 27 column 3 function map_get_raw
Unwinding loop 47 iteration 2   file /home/samson/workspace/esbmc/src/c2goto/library/solidity/solidity_mapping.c line 27 column 3 function map_get_raw
Not unwinding loop 47 iteration 3   file /home/samson/workspace/esbmc/src/c2goto/library/solidity/solidity_mapping.c line 27 column 3 function map_get_raw
Unwinding loop 47 iteration 1   file /home/samson/workspace/esbmc/src/c2goto/library/solidity/solidity_mapping.c line 27 column 3 function map_get_raw
Unwinding loop 47 iteration 2   file /home/samson/workspace/esbmc/src/c2goto/library/solidity/solidity_mapping.c line 27 column 3 function map_get_raw
Not unwinding loop 47 iteration 3   file /home/samson/workspace/esbmc/src/c2goto/library/solidity/solidity_mapping.c line 27 column 3 function map_get_raw
Unwinding loop 47 iteration 1   file /home/samson/workspace/esbmc/src/c2goto/library/solidity/solidity_mapping.c line 27 column 3 function map_get_raw
Unwinding loop 47 iteration 2   file /home/samson/workspace/esbmc/src/c2goto/library/solidity/solidity_mapping.c line 27 column 3 function map_get_raw
Not unwinding loop 47 iteration 3   file /home/samson/workspace/esbmc/src/c2goto/library/solidity/solidity_mapping.c line 27 column 3 function map_get_raw
Unwinding loop 47 iteration 1   file /home/samson/workspace/esbmc/src/c2goto/library/solidity/solidity_mapping.c line 27 column 3 function map_get_raw
Unwinding loop 47 iteration 2   file /home/samson/workspace/esbmc/src/c2goto/library/solidity/solidity_mapping.c line 27 column 3 function map_get_raw
Not unwinding loop 47 iteration 3   file /home/samson/workspace/esbmc/src/c2goto/library/solidity/solidity_mapping.c line 27 column 3 function map_get_raw
Unwinding loop 47 iteration 1   file /home/samson/workspace/esbmc/src/c2goto/library/solidity/solidity_mapping.c line 27 column 3 function map_get_raw
Unwinding loop 47 iteration 2   file /home/samson/workspace/esbmc/src/c2goto/library/solidity/solidity_mapping.c line 27 column 3 function map_get_raw
Not unwinding loop 47 iteration 3   file /home/samson/workspace/esbmc/src/c2goto/library/solidity/solidity_mapping.c line 27 column 3 function map_get_raw
Unwinding loop 47 iteration 1   file /home/samson/workspace/esbmc/src/c2goto/library/solidity/solidity_mapping.c line 27 column 3 function map_get_raw
Unwinding loop 47 iteration 2   file /home/samson/workspace/esbmc/src/c2goto/library/solidity/solidity_mapping.c line 27 column 3 function map_get_raw
Not unwinding loop 47 iteration 3   file /home/samson/workspace/esbmc/src/c2goto/library/solidity/solidity_mapping.c line 27 column 3 function map_get_raw
Unwinding loop 47 iteration 1   file /home/samson/workspace/esbmc/src/c2goto/library/solidity/solidity_mapping.c line 27 column 3 function map_get_raw
Unwinding loop 47 iteration 2   file /home/samson/workspace/esbmc/src/c2goto/library/solidity/solidity_mapping.c line 27 column 3 function map_get_raw
Not unwinding loop 47 iteration 3   file /home/samson/workspace/esbmc/src/c2goto/library/solidity/solidity_mapping.c line 27 column 3 function map_get_raw
Unwinding loop 47 iteration 1   file /home/samson/workspace/esbmc/src/c2goto/library/solidity/solidity_mapping.c line 27 column 3 function map_get_raw
Unwinding loop 47 iteration 2   file /home/samson/workspace/esbmc/src/c2goto/library/solidity/solidity_mapping.c line 27 column 3 function map_get_raw
Not unwinding loop 47 iteration 3   file /home/samson/workspace/esbmc/src/c2goto/library/solidity/solidity_mapping.c line 27 column 3 function map_get_raw
Unwinding loop 47 iteration 1   file /home/samson/workspace/esbmc/src/c2goto/library/solidity/solidity_mapping.c line 27 column 3 function map_get_raw
Unwinding loop 47 iteration 2   file /home/samson/workspace/esbmc/src/c2goto/library/solidity/solidity_mapping.c line 27 column 3 function map_get_raw
Not unwinding loop 47 iteration 3   file /home/samson/workspace/esbmc/src/c2goto/library/solidity/solidity_mapping.c line 27 column 3 function map_get_raw
Unwinding loop 47 iteration 1   file /home/samson/workspace/esbmc/src/c2goto/library/solidity/solidity_mapping.c line 27 column 3 function map_get_raw
Unwinding loop 47 iteration 2   file /home/samson/workspace/esbmc/src/c2goto/library/solidity/solidity_mapping.c line 27 column 3 function map_get_raw
Not unwinding loop 47 iteration 3   file /home/samson/workspace/esbmc/src/c2goto/library/solidity/solidity_mapping.c line 27 column 3 function map_get_raw
Unwinding loop 47 iteration 1   file /home/samson/workspace/esbmc/src/c2goto/library/solidity/solidity_mapping.c line 27 column 3 function map_get_raw
Unwinding loop 47 iteration 2   file /home/samson/workspace/esbmc/src/c2goto/library/solidity/solidity_mapping.c line 27 column 3 function map_get_raw
Not unwinding loop 47 iteration 3   file /home/samson/workspace/esbmc/src/c2goto/library/solidity/solidity_mapping.c line 27 column 3 function map_get_raw
Unwinding loop 47 iteration 1   file /home/samson/workspace/esbmc/src/c2goto/library/solidity/solidity_mapping.c line 27 column 3 function map_get_raw
Unwinding loop 47 iteration 2   file /home/samson/workspace/esbmc/src/c2goto/library/solidity/solidity_mapping.c line 27 column 3 function map_get_raw
Not unwinding loop 47 iteration 3   file /home/samson/workspace/esbmc/src/c2goto/library/solidity/solidity_mapping.c line 27 column 3 function map_get_raw
Unwinding loop 47 iteration 1   file /home/samson/workspace/esbmc/src/c2goto/library/solidity/solidity_mapping.c line 27 column 3 function map_get_raw
Unwinding loop 47 iteration 2   file /home/samson/workspace/esbmc/src/c2goto/library/solidity/solidity_mapping.c line 27 column 3 function map_get_raw
Not unwinding loop 47 iteration 3   file /home/samson/workspace/esbmc/src/c2goto/library/solidity/solidity_mapping.c line 27 column 3 function map_get_raw
Unwinding loop 47 iteration 1   file /home/samson/workspace/esbmc/src/c2goto/library/solidity/solidity_mapping.c line 27 column 3 function map_get_raw
Unwinding loop 47 iteration 2   file /home/samson/workspace/esbmc/src/c2goto/library/solidity/solidity_mapping.c line 27 column 3 function map_get_raw
Not unwinding loop 47 iteration 3   file /home/samson/workspace/esbmc/src/c2goto/library/solidity/solidity_mapping.c line 27 column 3 function map_get_raw
Unwinding loop 47 iteration 1   file /home/samson/workspace/esbmc/src/c2goto/library/solidity/solidity_mapping.c line 27 column 3 function map_get_raw
Unwinding loop 47 iteration 2   file /home/samson/workspace/esbmc/src/c2goto/library/solidity/solidity_mapping.c line 27 column 3 function map_get_raw
Not unwinding loop 47 iteration 3   file /home/samson/workspace/esbmc/src/c2goto/library/solidity/solidity_mapping.c line 27 column 3 function map_get_raw
Unwinding loop 47 iteration 1   file /home/samson/workspace/esbmc/src/c2goto/library/solidity/solidity_mapping.c line 27 column 3 function map_get_raw
Unwinding loop 47 iteration 2   file /home/samson/workspace/esbmc/src/c2goto/library/solidity/solidity_mapping.c line 27 column 3 function map_get_raw
Not unwinding loop 47 iteration 3   file /home/samson/workspace/esbmc/src/c2goto/library/solidity/solidity_mapping.c line 27 column 3 function map_get_raw
Unwinding loop 47 iteration 1   file /home/samson/workspace/esbmc/src/c2goto/library/solidity/solidity_mapping.c line 27 column 3 function map_get_raw
Unwinding loop 47 iteration 2   file /home/samson/workspace/esbmc/src/c2goto/library/solidity/solidity_mapping.c line 27 column 3 function map_get_raw
Not unwinding loop 47 iteration 3   file /home/samson/workspace/esbmc/src/c2goto/library/solidity/solidity_mapping.c line 27 column 3 function map_get_raw
Unwinding loop 47 iteration 1   file /home/samson/workspace/esbmc/src/c2goto/library/solidity/solidity_mapping.c line 27 column 3 function map_get_raw
Unwinding loop 47 iteration 2   file /home/samson/workspace/esbmc/src/c2goto/library/solidity/solidity_mapping.c line 27 column 3 function map_get_raw
Not unwinding loop 47 iteration 3   file /home/samson/workspace/esbmc/src/c2goto/library/solidity/solidity_mapping.c line 27 column 3 function map_get_raw
Unwinding loop 47 iteration 1   file /home/samson/workspace/esbmc/src/c2goto/library/solidity/solidity_mapping.c line 27 column 3 function map_get_raw
Unwinding loop 47 iteration 2   file /home/samson/workspace/esbmc/src/c2goto/library/solidity/solidity_mapping.c line 27 column 3 function map_get_raw
Not unwinding loop 47 iteration 3   file /home/samson/workspace/esbmc/src/c2goto/library/solidity/solidity_mapping.c line 27 column 3 function map_get_raw
Unwinding loop 47 iteration 1   file /home/samson/workspace/esbmc/src/c2goto/library/solidity/solidity_mapping.c line 27 column 3 function map_get_raw
Unwinding loop 47 iteration 2   file /home/samson/workspace/esbmc/src/c2goto/library/solidity/solidity_mapping.c line 27 column 3 function map_get_raw
Not unwinding loop 47 iteration 3   file /home/samson/workspace/esbmc/src/c2goto/library/solidity/solidity_mapping.c line 27 column 3 function map_get_raw
Unwinding loop 47 iteration 1   file /home/samson/workspace/esbmc/src/c2goto/library/solidity/solidity_mapping.c line 27 column 3 function map_get_raw
Unwinding loop 47 iteration 2   file /home/samson/workspace/esbmc/src/c2goto/library/solidity/solidity_mapping.c line 27 column 3 function map_get_raw
Not unwinding loop 47 iteration 3   file /home/samson/workspace/esbmc/src/c2goto/library/solidity/solidity_mapping.c line 27 column 3 function map_get_raw
Unwinding loop 47 iteration 1   file /home/samson/workspace/esbmc/src/c2goto/library/solidity/solidity_mapping.c line 27 column 3 function map_get_raw
Unwinding loop 47 iteration 2   file /home/samson/workspace/esbmc/src/c2goto/library/solidity/solidity_mapping.c line 27 column 3 function map_get_raw
Not unwinding loop 47 iteration 3   file /home/samson/workspace/esbmc/src/c2goto/library/solidity/solidity_mapping.c line 27 column 3 function map_get_raw
Unwinding loop 47 iteration 1   file /home/samson/workspace/esbmc/src/c2goto/library/solidity/solidity_mapping.c line 27 column 3 function map_get_raw
Unwinding loop 47 iteration 2   file /home/samson/workspace/esbmc/src/c2goto/library/solidity/solidity_mapping.c line 27 column 3 function map_get_raw
Not unwinding loop 47 iteration 3   file /home/samson/workspace/esbmc/src/c2goto/library/solidity/solidity_mapping.c line 27 column 3 function map_get_raw
Unwinding loop 47 iteration 1   file /home/samson/workspace/esbmc/src/c2goto/library/solidity/solidity_mapping.c line 27 column 3 function map_get_raw
Unwinding loop 47 iteration 2   file /home/samson/workspace/esbmc/src/c2goto/library/solidity/solidity_mapping.c line 27 column 3 function map_get_raw
Not unwinding loop 47 iteration 3   file /home/samson/workspace/esbmc/src/c2goto/library/solidity/solidity_mapping.c line 27 column 3 function map_get_raw
Unwinding loop 47 iteration 1   file /home/samson/workspace/esbmc/src/c2goto/library/solidity/solidity_mapping.c line 27 column 3 function map_get_raw
Unwinding loop 47 iteration 2   file /home/samson/workspace/esbmc/src/c2goto/library/solidity/solidity_mapping.c line 27 column 3 function map_get_raw
Not unwinding loop 47 iteration 3   file /home/samson/workspace/esbmc/src/c2goto/library/solidity/solidity_mapping.c line 27 column 3 function map_get_raw
Unwinding loop 47 iteration 1   file /home/samson/workspace/esbmc/src/c2goto/library/solidity/solidity_mapping.c line 27 column 3 function map_get_raw
Unwinding loop 47 iteration 2   file /home/samson/workspace/esbmc/src/c2goto/library/solidity/solidity_mapping.c line 27 column 3 function map_get_raw
Not unwinding loop 47 iteration 3   file /home/samson/workspace/esbmc/src/c2goto/library/solidity/solidity_mapping.c line 27 column 3 function map_get_raw
Unwinding loop 47 iteration 1   file /home/samson/workspace/esbmc/src/c2goto/library/solidity/solidity_mapping.c line 27 column 3 function map_get_raw
Unwinding loop 47 iteration 2   file /home/samson/workspace/esbmc/src/c2goto/library/solidity/solidity_mapping.c line 27 column 3 function map_get_raw
Not unwinding loop 47 iteration 3   file /home/samson/workspace/esbmc/src/c2goto/library/solidity/solidity_mapping.c line 27 column 3 function map_get_raw
Unwinding loop 47 iteration 1   file /home/samson/workspace/esbmc/src/c2goto/library/solidity/solidity_mapping.c line 27 column 3 function map_get_raw
Unwinding loop 47 iteration 2   file /home/samson/workspace/esbmc/src/c2goto/library/solidity/solidity_mapping.c line 27 column 3 function map_get_raw
Not unwinding loop 47 iteration 3   file /home/samson/workspace/esbmc/src/c2goto/library/solidity/solidity_mapping.c line 27 column 3 function map_get_raw
Unwinding loop 47 iteration 1   file /home/samson/workspace/esbmc/src/c2goto/library/solidity/solidity_mapping.c line 27 column 3 function map_get_raw
Unwinding loop 47 iteration 2   file /home/samson/workspace/esbmc/src/c2goto/library/solidity/solidity_mapping.c line 27 column 3 function map_get_raw
Not unwinding loop 47 iteration 3   file /home/samson/workspace/esbmc/src/c2goto/library/solidity/solidity_mapping.c line 27 column 3 function map_get_raw
Unwinding loop 47 iteration 1   file /home/samson/workspace/esbmc/src/c2goto/library/solidity/solidity_mapping.c line 27 column 3 function map_get_raw
Unwinding loop 47 iteration 2   file /home/samson/workspace/esbmc/src/c2goto/library/solidity/solidity_mapping.c line 27 column 3 function map_get_raw
Not unwinding loop 47 iteration 3   file /home/samson/workspace/esbmc/src/c2goto/library/solidity/solidity_mapping.c line 27 column 3 function map_get_raw
Unwinding loop 47 iteration 1   file /home/samson/workspace/esbmc/src/c2goto/library/solidity/solidity_mapping.c line 27 column 3 function map_get_raw
Unwinding loop 47 iteration 2   file /home/samson/workspace/esbmc/src/c2goto/library/solidity/solidity_mapping.c line 27 column 3 function map_get_raw
Not unwinding loop 47 iteration 3   file /home/samson/workspace/esbmc/src/c2goto/library/solidity/solidity_mapping.c line 27 column 3 function map_get_raw
Unwinding loop 47 iteration 1   file /home/samson/workspace/esbmc/src/c2goto/library/solidity/solidity_mapping.c line 27 column 3 function map_get_raw
Unwinding loop 47 iteration 2   file /home/samson/workspace/esbmc/src/c2goto/library/solidity/solidity_mapping.c line 27 column 3 function map_get_raw
Not unwinding loop 47 iteration 3   file /home/samson/workspace/esbmc/src/c2goto/library/solidity/solidity_mapping.c line 27 column 3 function map_get_raw
Unwinding loop 47 iteration 1   file /home/samson/workspace/esbmc/src/c2goto/library/solidity/solidity_mapping.c line 27 column 3 function map_get_raw
Unwinding loop 47 iteration 2   file /home/samson/workspace/esbmc/src/c2goto/library/solidity/solidity_mapping.c line 27 column 3 function map_get_raw
Not unwinding loop 47 iteration 3   file /home/samson/workspace/esbmc/src/c2goto/library/solidity/solidity_mapping.c line 27 column 3 function map_get_raw
Unwinding loop 47 iteration 1   file /home/samson/workspace/esbmc/src/c2goto/library/solidity/solidity_mapping.c line 27 column 3 function map_get_raw
Unwinding loop 47 iteration 2   file /home/samson/workspace/esbmc/src/c2goto/library/solidity/solidity_mapping.c line 27 column 3 function map_get_raw
Not unwinding loop 47 iteration 3   file /home/samson/workspace/esbmc/src/c2goto/library/solidity/solidity_mapping.c line 27 column 3 function map_get_raw
Unwinding loop 47 iteration 1   file /home/samson/workspace/esbmc/src/c2goto/library/solidity/solidity_mapping.c line 27 column 3 function map_get_raw
Unwinding loop 47 iteration 2   file /home/samson/workspace/esbmc/src/c2goto/library/solidity/solidity_mapping.c line 27 column 3 function map_get_raw
Not unwinding loop 47 iteration 3   file /home/samson/workspace/esbmc/src/c2goto/library/solidity/solidity_mapping.c line 27 column 3 function map_get_raw
Unwinding loop 47 iteration 1   file /home/samson/workspace/esbmc/src/c2goto/library/solidity/solidity_mapping.c line 27 column 3 function map_get_raw
Unwinding loop 47 iteration 2   file /home/samson/workspace/esbmc/src/c2goto/library/solidity/solidity_mapping.c line 27 column 3 function map_get_raw
Not unwinding loop 47 iteration 3   file /home/samson/workspace/esbmc/src/c2goto/library/solidity/solidity_mapping.c line 27 column 3 function map_get_raw
Unwinding loop 47 iteration 1   file /home/samson/workspace/esbmc/src/c2goto/library/solidity/solidity_mapping.c line 27 column 3 function map_get_raw
Unwinding loop 47 iteration 2   file /home/samson/workspace/esbmc/src/c2goto/library/solidity/solidity_mapping.c line 27 column 3 function map_get_raw
Not unwinding loop 47 iteration 3   file /home/samson/workspace/esbmc/src/c2goto/library/solidity/solidity_mapping.c line 27 column 3 function map_get_raw
Unwinding loop 47 iteration 1   file /home/samson/workspace/esbmc/src/c2goto/library/solidity/solidity_mapping.c line 27 column 3 function map_get_raw
Unwinding loop 47 iteration 2   file /home/samson/workspace/esbmc/src/c2goto/library/solidity/solidity_mapping.c line 27 column 3 function map_get_raw
Not unwinding loop 47 iteration 3   file /home/samson/workspace/esbmc/src/c2goto/library/solidity/solidity_mapping.c line 27 column 3 function map_get_raw
Unwinding loop 47 iteration 1   file /home/samson/workspace/esbmc/src/c2goto/library/solidity/solidity_mapping.c line 27 column 3 function map_get_raw
Unwinding loop 47 iteration 2   file /home/samson/workspace/esbmc/src/c2goto/library/solidity/solidity_mapping.c line 27 column 3 function map_get_raw
Not unwinding loop 47 iteration 3   file /home/samson/workspace/esbmc/src/c2goto/library/solidity/solidity_mapping.c line 27 column 3 function map_get_raw
Unwinding loop 47 iteration 1   file /home/samson/workspace/esbmc/src/c2goto/library/solidity/solidity_mapping.c line 27 column 3 function map_get_raw
Unwinding loop 47 iteration 2   file /home/samson/workspace/esbmc/src/c2goto/library/solidity/solidity_mapping.c line 27 column 3 function map_get_raw
Not unwinding loop 47 iteration 3   file /home/samson/workspace/esbmc/src/c2goto/library/solidity/solidity_mapping.c line 27 column 3 function map_get_raw
Unwinding loop 47 iteration 1   file /home/samson/workspace/esbmc/src/c2goto/library/solidity/solidity_mapping.c line 27 column 3 function map_get_raw
Unwinding loop 47 iteration 2   file /home/samson/workspace/esbmc/src/c2goto/library/solidity/solidity_mapping.c line 27 column 3 function map_get_raw
Not unwinding loop 47 iteration 3   file /home/samson/workspace/esbmc/src/c2goto/library/solidity/solidity_mapping.c line 27 column 3 function map_get_raw
Unwinding loop 47 iteration 1   file /home/samson/workspace/esbmc/src/c2goto/library/solidity/solidity_mapping.c line 27 column 3 function map_get_raw
Unwinding loop 47 iteration 2   file /home/samson/workspace/esbmc/src/c2goto/library/solidity/solidity_mapping.c line 27 column 3 function map_get_raw
Not unwinding loop 47 iteration 3   file /home/samson/workspace/esbmc/src/c2goto/library/solidity/solidity_mapping.c line 27 column 3 function map_get_raw
Unwinding loop 47 iteration 1   file /home/samson/workspace/esbmc/src/c2goto/library/solidity/solidity_mapping.c line 27 column 3 function map_get_raw
Unwinding loop 47 iteration 2   file /home/samson/workspace/esbmc/src/c2goto/library/solidity/solidity_mapping.c line 27 column 3 function map_get_raw
Not unwinding loop 47 iteration 3   file /home/samson/workspace/esbmc/src/c2goto/library/solidity/solidity_mapping.c line 27 column 3 function map_get_raw
Unwinding loop 47 iteration 1   file /home/samson/workspace/esbmc/src/c2goto/library/solidity/solidity_mapping.c line 27 column 3 function map_get_raw
Unwinding loop 47 iteration 2   file /home/samson/workspace/esbmc/src/c2goto/library/solidity/solidity_mapping.c line 27 column 3 function map_get_raw
Not unwinding loop 47 iteration 3   file /home/samson/workspace/esbmc/src/c2goto/library/solidity/solidity_mapping.c line 27 column 3 function map_get_raw
Unwinding loop 47 iteration 1   file /home/samson/workspace/esbmc/src/c2goto/library/solidity/solidity_mapping.c line 27 column 3 function map_get_raw
Unwinding loop 47 iteration 2   file /home/samson/workspace/esbmc/src/c2goto/library/solidity/solidity_mapping.c line 27 column 3 function map_get_raw
Not unwinding loop 47 iteration 3   file /home/samson/workspace/esbmc/src/c2goto/library/solidity/solidity_mapping.c line 27 column 3 function map_get_raw
Unwinding loop 47 iteration 1   file /home/samson/workspace/esbmc/src/c2goto/library/solidity/solidity_mapping.c line 27 column 3 function map_get_raw
Unwinding loop 47 iteration 2   file /home/samson/workspace/esbmc/src/c2goto/library/solidity/solidity_mapping.c line 27 column 3 function map_get_raw
Not unwinding loop 47 iteration 3   file /home/samson/workspace/esbmc/src/c2goto/library/solidity/solidity_mapping.c line 27 column 3 function map_get_raw
Unwinding loop 47 iteration 1   file /home/samson/workspace/esbmc/src/c2goto/library/solidity/solidity_mapping.c line 27 column 3 function map_get_raw
Unwinding loop 47 iteration 2   file /home/samson/workspace/esbmc/src/c2goto/library/solidity/solidity_mapping.c line 27 column 3 function map_get_raw
Not unwinding loop 47 iteration 3   file /home/samson/workspace/esbmc/src/c2goto/library/solidity/solidity_mapping.c line 27 column 3 function map_get_raw
Unwinding loop 47 iteration 1   file /home/samson/workspace/esbmc/src/c2goto/library/solidity/solidity_mapping.c line 27 column 3 function map_get_raw
Unwinding loop 47 iteration 2   file /home/samson/workspace/esbmc/src/c2goto/library/solidity/solidity_mapping.c line 27 column 3 function map_get_raw
Not unwinding loop 47 iteration 3   file /home/samson/workspace/esbmc/src/c2goto/library/solidity/solidity_mapping.c line 27 column 3 function map_get_raw
Unwinding loop 47 iteration 1   file /home/samson/workspace/esbmc/src/c2goto/library/solidity/solidity_mapping.c line 27 column 3 function map_get_raw
Unwinding loop 47 iteration 2   file /home/samson/workspace/esbmc/src/c2goto/library/solidity/solidity_mapping.c line 27 column 3 function map_get_raw
Not unwinding loop 47 iteration 3   file /home/samson/workspace/esbmc/src/c2goto/library/solidity/solidity_mapping.c line 27 column 3 function map_get_raw
Unwinding loop 47 iteration 1   file /home/samson/workspace/esbmc/src/c2goto/library/solidity/solidity_mapping.c line 27 column 3 function map_get_raw
Unwinding loop 47 iteration 2   file /home/samson/workspace/esbmc/src/c2goto/library/solidity/solidity_mapping.c line 27 column 3 function map_get_raw
Not unwinding loop 47 iteration 3   file /home/samson/workspace/esbmc/src/c2goto/library/solidity/solidity_mapping.c line 27 column 3 function map_get_raw
Unwinding loop 47 iteration 1   file /home/samson/workspace/esbmc/src/c2goto/library/solidity/solidity_mapping.c line 27 column 3 function map_get_raw
Unwinding loop 47 iteration 2   file /home/samson/workspace/esbmc/src/c2goto/library/solidity/solidity_mapping.c line 27 column 3 function map_get_raw
Not unwinding loop 47 iteration 3   file /home/samson/workspace/esbmc/src/c2goto/library/solidity/solidity_mapping.c line 27 column 3 function map_get_raw
Unwinding loop 47 iteration 1   file /home/samson/workspace/esbmc/src/c2goto/library/solidity/solidity_mapping.c line 27 column 3 function map_get_raw
Unwinding loop 47 iteration 2   file /home/samson/workspace/esbmc/src/c2goto/library/solidity/solidity_mapping.c line 27 column 3 function map_get_raw
Not unwinding loop 47 iteration 3   file /home/samson/workspace/esbmc/src/c2goto/library/solidity/solidity_mapping.c line 27 column 3 function map_get_raw
Unwinding loop 47 iteration 1   file /home/samson/workspace/esbmc/src/c2goto/library/solidity/solidity_mapping.c line 27 column 3 function map_get_raw
Unwinding loop 47 iteration 2   file /home/samson/workspace/esbmc/src/c2goto/library/solidity/solidity_mapping.c line 27 column 3 function map_get_raw
Not unwinding loop 47 iteration 3   file /home/samson/workspace/esbmc/src/c2goto/library/solidity/solidity_mapping.c line 27 column 3 function map_get_raw
Unwinding loop 47 iteration 1   file /home/samson/workspace/esbmc/src/c2goto/library/solidity/solidity_mapping.c line 27 column 3 function map_get_raw
Unwinding loop 47 iteration 2   file /home/samson/workspace/esbmc/src/c2goto/library/solidity/solidity_mapping.c line 27 column 3 function map_get_raw
Not unwinding loop 47 iteration 3   file /home/samson/workspace/esbmc/src/c2goto/library/solidity/solidity_mapping.c line 27 column 3 function map_get_raw
Unwinding loop 47 iteration 1   file /home/samson/workspace/esbmc/src/c2goto/library/solidity/solidity_mapping.c line 27 column 3 function map_get_raw
Unwinding loop 47 iteration 2   file /home/samson/workspace/esbmc/src/c2goto/library/solidity/solidity_mapping.c line 27 column 3 function map_get_raw
Not unwinding loop 47 iteration 3   file /home/samson/workspace/esbmc/src/c2goto/library/solidity/solidity_mapping.c line 27 column 3 function map_get_raw
Unwinding loop 47 iteration 1   file /home/samson/workspace/esbmc/src/c2goto/library/solidity/solidity_mapping.c line 27 column 3 function map_get_raw
Unwinding loop 47 iteration 2   file /home/samson/workspace/esbmc/src/c2goto/library/solidity/solidity_mapping.c line 27 column 3 function map_get_raw
Not unwinding loop 47 iteration 3   file /home/samson/workspace/esbmc/src/c2goto/library/solidity/solidity_mapping.c line 27 column 3 function map_get_raw
Unwinding loop 47 iteration 1   file /home/samson/workspace/esbmc/src/c2goto/library/solidity/solidity_mapping.c line 27 column 3 function map_get_raw
Unwinding loop 47 iteration 2   file /home/samson/workspace/esbmc/src/c2goto/library/solidity/solidity_mapping.c line 27 column 3 function map_get_raw
Not unwinding loop 47 iteration 3   file /home/samson/workspace/esbmc/src/c2goto/library/solidity/solidity_mapping.c line 27 column 3 function map_get_raw
Unwinding loop 47 iteration 1   file /home/samson/workspace/esbmc/src/c2goto/library/solidity/solidity_mapping.c line 27 column 3 function map_get_raw
Unwinding loop 47 iteration 2   file /home/samson/workspace/esbmc/src/c2goto/library/solidity/solidity_mapping.c line 27 column 3 function map_get_raw
Not unwinding loop 47 iteration 3   file /home/samson/workspace/esbmc/src/c2goto/library/solidity/solidity_mapping.c line 27 column 3 function map_get_raw
Unwinding loop 47 iteration 1   file /home/samson/workspace/esbmc/src/c2goto/library/solidity/solidity_mapping.c line 27 column 3 function map_get_raw
Unwinding loop 47 iteration 2   file /home/samson/workspace/esbmc/src/c2goto/library/solidity/solidity_mapping.c line 27 column 3 function map_get_raw
Not unwinding loop 47 iteration 3   file /home/samson/workspace/esbmc/src/c2goto/library/solidity/solidity_mapping.c line 27 column 3 function map_get_raw
Unwinding loop 47 iteration 1   file /home/samson/workspace/esbmc/src/c2goto/library/solidity/solidity_mapping.c line 27 column 3 function map_get_raw
Unwinding loop 47 iteration 2   file /home/samson/workspace/esbmc/src/c2goto/library/solidity/solidity_mapping.c line 27 column 3 function map_get_raw
Not unwinding loop 47 iteration 3   file /home/samson/workspace/esbmc/src/c2goto/library/solidity/solidity_mapping.c line 27 column 3 function map_get_raw
Unwinding loop 47 iteration 1   file /home/samson/workspace/esbmc/src/c2goto/library/solidity/solidity_mapping.c line 27 column 3 function map_get_raw
Unwinding loop 47 iteration 2   file /home/samson/workspace/esbmc/src/c2goto/library/solidity/solidity_mapping.c line 27 column 3 function map_get_raw
Not unwinding loop 47 iteration 3   file /home/samson/workspace/esbmc/src/c2goto/library/solidity/solidity_mapping.c line 27 column 3 function map_get_raw
Unwinding loop 47 iteration 1   file /home/samson/workspace/esbmc/src/c2goto/library/solidity/solidity_mapping.c line 27 column 3 function map_get_raw
Unwinding loop 47 iteration 2   file /home/samson/workspace/esbmc/src/c2goto/library/solidity/solidity_mapping.c line 27 column 3 function map_get_raw
Not unwinding loop 47 iteration 3   file /home/samson/workspace/esbmc/src/c2goto/library/solidity/solidity_mapping.c line 27 column 3 function map_get_raw
Unwinding loop 47 iteration 1   file /home/samson/workspace/esbmc/src/c2goto/library/solidity/solidity_mapping.c line 27 column 3 function map_get_raw
Unwinding loop 47 iteration 2   file /home/samson/workspace/esbmc/src/c2goto/library/solidity/solidity_mapping.c line 27 column 3 function map_get_raw
Not unwinding loop 47 iteration 3   file /home/samson/workspace/esbmc/src/c2goto/library/solidity/solidity_mapping.c line 27 column 3 function map_get_raw
Unwinding loop 47 iteration 1   file /home/samson/workspace/esbmc/src/c2goto/library/solidity/solidity_mapping.c line 27 column 3 function map_get_raw
Unwinding loop 47 iteration 2   file /home/samson/workspace/esbmc/src/c2goto/library/solidity/solidity_mapping.c line 27 column 3 function map_get_raw
Not unwinding loop 47 iteration 3   file /home/samson/workspace/esbmc/src/c2goto/library/solidity/solidity_mapping.c line 27 column 3 function map_get_raw
Unwinding loop 47 iteration 1   file /home/samson/workspace/esbmc/src/c2goto/library/solidity/solidity_mapping.c line 27 column 3 function map_get_raw
Unwinding loop 47 iteration 2   file /home/samson/workspace/esbmc/src/c2goto/library/solidity/solidity_mapping.c line 27 column 3 function map_get_raw
Not unwinding loop 47 iteration 3   file /home/samson/workspace/esbmc/src/c2goto/library/solidity/solidity_mapping.c line 27 column 3 function map_get_raw
Unwinding loop 47 iteration 1   file /home/samson/workspace/esbmc/src/c2goto/library/solidity/solidity_mapping.c line 27 column 3 function map_get_raw
Unwinding loop 47 iteration 2   file /home/samson/workspace/esbmc/src/c2goto/library/solidity/solidity_mapping.c line 27 column 3 function map_get_raw
Not unwinding loop 47 iteration 3   file /home/samson/workspace/esbmc/src/c2goto/library/solidity/solidity_mapping.c line 27 column 3 function map_get_raw
Unwinding loop 47 iteration 1   file /home/samson/workspace/esbmc/src/c2goto/library/solidity/solidity_mapping.c line 27 column 3 function map_get_raw
Unwinding loop 47 iteration 2   file /home/samson/workspace/esbmc/src/c2goto/library/solidity/solidity_mapping.c line 27 column 3 function map_get_raw
Not unwinding loop 47 iteration 3   file /home/samson/workspace/esbmc/src/c2goto/library/solidity/solidity_mapping.c line 27 column 3 function map_get_raw
Unwinding loop 47 iteration 1   file /home/samson/workspace/esbmc/src/c2goto/library/solidity/solidity_mapping.c line 27 column 3 function map_get_raw
Unwinding loop 47 iteration 2   file /home/samson/workspace/esbmc/src/c2goto/library/solidity/solidity_mapping.c line 27 column 3 function map_get_raw
Not unwinding loop 47 iteration 3   file /home/samson/workspace/esbmc/src/c2goto/library/solidity/solidity_mapping.c line 27 column 3 function map_get_raw
Unwinding loop 47 iteration 1   file /home/samson/workspace/esbmc/src/c2goto/library/solidity/solidity_mapping.c line 27 column 3 function map_get_raw
Unwinding loop 47 iteration 2   file /home/samson/workspace/esbmc/src/c2goto/library/solidity/solidity_mapping.c line 27 column 3 function map_get_raw
Not unwinding loop 47 iteration 3   file /home/samson/workspace/esbmc/src/c2goto/library/solidity/solidity_mapping.c line 27 column 3 function map_get_raw
Unwinding loop 47 iteration 1   file /home/samson/workspace/esbmc/src/c2goto/library/solidity/solidity_mapping.c line 27 column 3 function map_get_raw
Unwinding loop 47 iteration 2   file /home/samson/workspace/esbmc/src/c2goto/library/solidity/solidity_mapping.c line 27 column 3 function map_get_raw
Not unwinding loop 47 iteration 3   file /home/samson/workspace/esbmc/src/c2goto/library/solidity/solidity_mapping.c line 27 column 3 function map_get_raw
Unwinding loop 47 iteration 1   file /home/samson/workspace/esbmc/src/c2goto/library/solidity/solidity_mapping.c line 27 column 3 function map_get_raw
Unwinding loop 47 iteration 2   file /home/samson/workspace/esbmc/src/c2goto/library/solidity/solidity_mapping.c line 27 column 3 function map_get_raw
Not unwinding loop 47 iteration 3   file /home/samson/workspace/esbmc/src/c2goto/library/solidity/solidity_mapping.c line 27 column 3 function map_get_raw
Unwinding loop 47 iteration 1   file /home/samson/workspace/esbmc/src/c2goto/library/solidity/solidity_mapping.c line 27 column 3 function map_get_raw
Unwinding loop 47 iteration 2   file /home/samson/workspace/esbmc/src/c2goto/library/solidity/solidity_mapping.c line 27 column 3 function map_get_raw
Not unwinding loop 47 iteration 3   file /home/samson/workspace/esbmc/src/c2goto/library/solidity/solidity_mapping.c line 27 column 3 function map_get_raw
Not unwinding loop 65 iteration 3   
Symex completed in: 1.113s (10261 assignments)
Caching time: 0.001s (removed 0 assertions)
Slicing time: 0.031s (removed 4585 assignments)
Generated 60 VCC(s), 60 remaining after simplification (5676 assignments)
Encoding remaining VCC(s) using bit-vector/floating-point arithmetic
Encoding to solver time: 0.224s
Solving with solver CVC5 1.1.2
ERROR: Out of memory

ERROR: SMT solver failed
timeout: the monitored command dumped core
Aborted
