=== BINARY STAMP ===
-rwxr-xr-x 1 samson samson 501247608 Aug  3 02:30 /home/samson/workspace/esbmc/build/src/esbmc/esbmc
-rw-r--r-- 1 samson samson 15749 Aug  3 18:46 /home/samson/workspace/esbmc/notes/coverage/poc/B2_ExtcallSuccess.sol
-rw-r--r-- 1 samson samson 38324 Aug  3 18:47 /home/samson/workspace/esbmc/notes/coverage/poc/B2_ExtcallSuccess.solast
0601b4b5ae harvesting the extcall success bit WOULD move these paths: the same pair that gives 0 certified with the bit missing gives 2 with it in the payload
=== END STAMP ===
################ HARVEST-VERBOSE UNIT=ctrlBool START ################
Target: 64-bit little-endian x86_64-unknown-linux with esbmclibc
Solidity: auto-selecting 'bitwuzla' as SMT backend (Z3 is much slower on 256-bit bit-vector arithmetic). Override with --z3 / --cvc5 / --bitwuzla / --boolector or --default-solver.
Parsing /home/samson/workspace/esbmc/notes/coverage/poc/B2_ExtcallSuccess.solast
Converting
WARNING: [approx] inline assembly at notes/coverage/poc/B2_ExtcallSuccess.sol:107: over-approximating - unsupported Yul construct 'YulFunctionCall:call' (5947:33:0); supported subset: let / := / arithmetic+bitwise+shift / lt/gt/eq/slt/sgt/iszero / and/or/xor/not / shl/shr / if / switch / for / break / continue / sload(X.slot) / sstore(X.slot, v) on scalar state vars
WARNING: Solidity harness: transaction sequence bounded to 1 tx (default). A VERIFICATION SUCCESSFUL result is bounded -- it means no violation within 1 transaction(s), NOT an unbounded proof; bugs requiring more transactions are not explored. Use --solidity-precise (or --solidity-max-tx 0) for an unbounded proof.
Generating GOTO Program
GOTO program creation time: 0.250s
--solidity-path-coverage: no --unwind given; bounding symbolic execution at 4 to match the path enumeration's own loop bound. Without it an external call (modelled as nondet re-entry into this contract's dispatcher) or any loop runs unbounded until the memory limit. Pass --unwind N to choose a different bound
Adding Solidity complete-path coverage assertions...
--solidity-path-coverage with --cov-report-json: exempting 25 symbol(s) from slicing so each path's counterexample values survive into the report (1 contract object(s), 9 contract-scope store(s), 15 environment); slicing stays enabled for everything else
unit 'sol:@C@B2_ExtcallSuccess@F@ctrlBool#121': 3 path(s) after expansion, 2 before, 0 call(s) expanded
unit 'sol:@C@B2_ExtcallSuccess@F@ctrlBool#121': 2 decision site(s) accumulated into tr, 0 of them never traversed by any enumerated path (unreachable code)
--solidity-path-coverage: --focus-function 'ctrlBool' narrowed INSTRUMENTATION to 1 unit(s); 3 other in-scope unit(s) were not enumerated at all. Their paths are absent from the denominator ON PURPOSE: the dispatcher cannot enter them in this run, so no exploration could ever witness them and counting them made the reported coverage a contract-level number wearing a unit-level label. Internal-call EXPANSION still ran for every unit, so this unit's path identity is unchanged -- a callee's decisions are still part of it
--solidity-path-coverage: instrumented 3 complete path(s) across 1 unit(s) (loop bound = 4 iterations)
--solidity-path-coverage: path distribution — 1 unit(s), 3 path(s) total, max 3 in 'sol:@C@B2_ExtcallSuccess@F@ctrlBool#121', mean 3.0; before internal-call expansion the same units had 2 path(s), so expansion multiplied them by 1.50x
GOTO program processing time: 0.005s
Starting Bounded Model Checking
Symex completed in: 0.001s (181 assignments)
Caching time: 0.001s (removed 0 assertions)
Slicing time: 0.000s (removed 94 assignments)
Generated 3 VCC(s), 3 remaining after simplification (87 assignments)
Slicing time: 0.000s (removed 0 assignments)
Solving claim 'ctrlBool:path:7 at' with solver Bitwuzla 0.8.2
Encoding remaining VCC(s) using bit-vector/floating-point arithmetic
Encoding to solver time: 0.001s
Solving with solver Bitwuzla 0.8.2
Runtime decision procedure: 0.003s
✗ FAILED: 'ctrlBool:path:7 at'
ce step: sym='c:@block_timestamp' name='block_timestamp' fn='' nondet='-'
   stack[0]: <empty>
ce step: sym='c:@block_prevrandao' name='block_prevrandao' fn='' nondet='-'
   stack[0]: <empty>
ce step: sym='c:@block_difficulty' name='block_difficulty' fn='' nondet='-'
   stack[0]: <empty>
ce step: sym='c:@tx_origin' name='tx_origin' fn='' nondet='-'
   stack[0]: <empty>
ce step: sym='c:@block_basefee' name='block_basefee' fn='' nondet='-'
   stack[0]: <empty>
ce step: sym='c:@block_number' name='block_number' fn='' nondet='-'
   stack[0]: <empty>
ce step: sym='c:@msg_sig' name='msg_sig' fn='' nondet='-'
   stack[0]: <empty>
ce step: sym='c:@block_chainid' name='block_chainid' fn='' nondet='-'
   stack[0]: <empty>
ce step: sym='c:@block_gaslimit' name='block_gaslimit' fn='' nondet='-'
   stack[0]: <empty>
ce step: sym='c:@msg_sender' name='msg_sender' fn='' nondet='-'
   stack[0]: <empty>
ce step: sym='c:@msg_value' name='msg_value' fn='' nondet='-'
   stack[0]: <empty>
ce step: sym='c:@msg_data' name='msg_data' fn='' nondet='-'
   stack[0]: <empty>
ce step: sym='c:@block_blobbasefee' name='block_blobbasefee' fn='' nondet='-'
   stack[0]: <empty>
ce step: sym='c:@block_coinbase' name='block_coinbase' fn='' nondet='-'
   stack[0]: <empty>
ce step: sym='c:@tx_gasprice' name='tx_gasprice' fn='' nondet='-'
   stack[0]: <empty>
ce step: sym='sol:@C@B2_ExtcallSuccess@$B2_ExtcallSuccess_bind_cname_list' name='$B2_ExtcallSuccess_bind_cname_list' fn='' nondet='-'
   stack[0]: <empty>
ce step: sym='c:@msg_data' name='msg_data' fn='initialize' nondet='nondet$symex::nondet3'
   stack[3]: c:@F@initialize < sol:@F@_sol_init_ < sol:@C@B2_ExtcallSuccess@F@B2_ExtcallSuccess#
ce step: sym='c:@F@initialize::$tmp::return_value$_nondet_uint$1' name='return_value$_nondet_uint$1' fn='initialize' nondet='nondet$symex::nondet4'
   stack[3]: c:@F@initialize < sol:@F@_sol_init_ < sol:@C@B2_ExtcallSuccess@F@B2_ExtcallSuccess#
ce step: sym='c:@msg_sender' name='msg_sender' fn='initialize' nondet='c:@F@initialize::$tmp::return_value$_nondet_uint$1'
   stack[3]: c:@F@initialize < sol:@F@_sol_init_ < sol:@C@B2_ExtcallSuccess@F@B2_ExtcallSuccess#
ce step: sym='c:@msg_sig' name='msg_sig' fn='initialize' nondet='nondet$symex::nondet5'
   stack[3]: c:@F@initialize < sol:@F@_sol_init_ < sol:@C@B2_ExtcallSuccess@F@B2_ExtcallSuccess#
ce step: sym='c:@msg_value' name='msg_value' fn='initialize' nondet='nondet$symex::nondet6'
   stack[3]: c:@F@initialize < sol:@F@_sol_init_ < sol:@C@B2_ExtcallSuccess@F@B2_ExtcallSuccess#
ce step: sym='c:@tx_gasprice' name='tx_gasprice' fn='initialize' nondet='nondet$symex::nondet7'
   stack[3]: c:@F@initialize < sol:@F@_sol_init_ < sol:@C@B2_ExtcallSuccess@F@B2_ExtcallSuccess#
ce step: sym='c:@F@initialize::$tmp::return_value$_nondet_uint$2' name='return_value$_nondet_uint$2' fn='initialize' nondet='nondet$symex::nondet8'
   stack[3]: c:@F@initialize < sol:@F@_sol_init_ < sol:@C@B2_ExtcallSuccess@F@B2_ExtcallSuccess#
ce step: sym='c:@tx_origin' name='tx_origin' fn='initialize' nondet='c:@F@initialize::$tmp::return_value$_nondet_uint$2'
   stack[3]: c:@F@initialize < sol:@F@_sol_init_ < sol:@C@B2_ExtcallSuccess@F@B2_ExtcallSuccess#
ce step: sym='c:@block_basefee' name='block_basefee' fn='initialize' nondet='nondet$symex::nondet9'
   stack[3]: c:@F@initialize < sol:@F@_sol_init_ < sol:@C@B2_ExtcallSuccess@F@B2_ExtcallSuccess#
ce step: sym='c:@block_blobbasefee' name='block_blobbasefee' fn='initialize' nondet='nondet$symex::nondet10'
   stack[3]: c:@F@initialize < sol:@F@_sol_init_ < sol:@C@B2_ExtcallSuccess@F@B2_ExtcallSuccess#
ce step: sym='c:@block_chainid' name='block_chainid' fn='initialize' nondet='nondet$symex::nondet11'
   stack[3]: c:@F@initialize < sol:@F@_sol_init_ < sol:@C@B2_ExtcallSuccess@F@B2_ExtcallSuccess#
ce step: sym='c:@F@initialize::$tmp::return_value$_nondet_uint$3' name='return_value$_nondet_uint$3' fn='initialize' nondet='nondet$symex::nondet12'
   stack[3]: c:@F@initialize < sol:@F@_sol_init_ < sol:@C@B2_ExtcallSuccess@F@B2_ExtcallSuccess#
ce step: sym='c:@block_coinbase' name='block_coinbase' fn='initialize' nondet='c:@F@initialize::$tmp::return_value$_nondet_uint$3'
   stack[3]: c:@F@initialize < sol:@F@_sol_init_ < sol:@C@B2_ExtcallSuccess@F@B2_ExtcallSuccess#
ce step: sym='c:@block_difficulty' name='block_difficulty' fn='initialize' nondet='nondet$symex::nondet13'
   stack[3]: c:@F@initialize < sol:@F@_sol_init_ < sol:@C@B2_ExtcallSuccess@F@B2_ExtcallSuccess#
ce step: sym='c:@block_gaslimit' name='block_gaslimit' fn='initialize' nondet='nondet$symex::nondet14'
   stack[3]: c:@F@initialize < sol:@F@_sol_init_ < sol:@C@B2_ExtcallSuccess@F@B2_ExtcallSuccess#
ce step: sym='c:@block_number' name='block_number' fn='initialize' nondet='nondet$symex::nondet15'
   stack[3]: c:@F@initialize < sol:@F@_sol_init_ < sol:@C@B2_ExtcallSuccess@F@B2_ExtcallSuccess#
ce step: sym='c:@block_prevrandao' name='block_prevrandao' fn='initialize' nondet='nondet$symex::nondet16'
   stack[3]: c:@F@initialize < sol:@F@_sol_init_ < sol:@C@B2_ExtcallSuccess@F@B2_ExtcallSuccess#
ce step: sym='c:@block_timestamp' name='block_timestamp' fn='initialize' nondet='nondet$symex::nondet17'
   stack[3]: c:@F@initialize < sol:@F@_sol_init_ < sol:@C@B2_ExtcallSuccess@F@B2_ExtcallSuccess#
ce step: sym='<not-a-symbol>' name='$B2_ExtcallSuccess_bind_cname_list[0]' fn='' nondet='-'
   stack[3]: sol:@F@initialize_B2_ExtcallSuccess_bind_cname# < sol:@F@_sol_init_ < sol:@C@B2_ExtcallSuccess@F@B2_ExtcallSuccess#
ce step: sym='c:@F@_ESBMC_get_unique_address::$tmp::return_value$_nondet_uint$1' name='return_value$_nondet_uint$1' fn='_ESBMC_get_unique_address' nondet='nondet$symex::nondet19'
   stack[2]: c:@F@_ESBMC_get_unique_address < sol:@C@B2_ExtcallSuccess@F@B2_ExtcallSuccess#
ce step: sym='c:solidity_address.c@4018@F@_ESBMC_get_unique_address@tmp' name='tmp' fn='_ESBMC_get_unique_address' nondet='c:@F@_ESBMC_get_unique_address::$tmp::return_value$_nondet_uint$1'
   stack[2]: c:@F@_ESBMC_get_unique_address < sol:@C@B2_ExtcallSuccess@F@B2_ExtcallSuccess#
ce step: sym='<not-a-symbol>' name='_ESBMC_Object_B2_ExtcallSuccess.$address' fn='_ESBMC_get_unique_address' nondet='c:solidity_address.c@4018@F@_ESBMC_get_unique_address@tmp'
   stack[2]: c:@F@_ESBMC_get_unique_address < sol:@C@B2_ExtcallSuccess@F@B2_ExtcallSuccess#
ce step: sym='<not-a-symbol>' name='this->$codehash' fn='' nondet='nondet$symex::nondet20'
   stack[1]: sol:@C@B2_ExtcallSuccess@F@B2_ExtcallSuccess#
ce step: sym='c:@F@_ESBMC_nondet_init_balance::$tmp::return_value$_nondet_uint256$1' name='return_value$_nondet_uint256$1' fn='_ESBMC_nondet_init_balance' nondet='nondet$symex::nondet21'
   stack[2]: c:@F@_ESBMC_nondet_init_balance < sol:@C@B2_ExtcallSuccess@F@B2_ExtcallSuccess#
ce step: sym='c:solidity_misc.c@1589@F@_ESBMC_nondet_init_balance@b' name='b' fn='_ESBMC_nondet_init_balance' nondet='c:@F@_ESBMC_nondet_init_balance::$tmp::return_value$_nondet_uint256$1'
   stack[2]: c:@F@_ESBMC_nondet_init_balance < sol:@C@B2_ExtcallSuccess@F@B2_ExtcallSuccess#
ce step: sym='<not-a-symbol>' name='_ESBMC_Object_B2_ExtcallSuccess.$balance' fn='_ESBMC_nondet_init_balance' nondet='c:solidity_misc.c@1589@F@_ESBMC_nondet_init_balance@b'
   stack[2]: c:@F@_ESBMC_nondet_init_balance < sol:@C@B2_ExtcallSuccess@F@B2_ExtcallSuccess#
ce step: sym='<not-a-symbol>' name='this->$code' fn='' nondet='nondet$symex::nondet22'
   stack[1]: sol:@C@B2_ExtcallSuccess@F@B2_ExtcallSuccess#
ce step: sym='<not-a-symbol>' name='this->_ESBMC_bind_cname' fn='' nondet='-'
   stack[1]: sol:@C@B2_ExtcallSuccess@F@B2_ExtcallSuccess#
ce step: sym='<not-a-symbol>' name='this->tag' fn='' nondet='-'
   stack[1]: sol:@C@B2_ExtcallSuccess@F@B2_ExtcallSuccess#
ce step: sym='c:@msg_data' name='msg_data' fn='_sol_per_tx_reseed' nondet='nondet$symex::nondet24'
   stack[2]: c:@F@_sol_per_tx_reseed < sol:@C@B2_ExtcallSuccess@F@_ESBMC_Main_B2_ExtcallSuccess#
ce step: sym='c:@F@_sol_per_tx_reseed::$tmp::return_value$_nondet_uint$1' name='return_value$_nondet_uint$1' fn='_sol_per_tx_reseed' nondet='nondet$symex::nondet25'
   stack[2]: c:@F@_sol_per_tx_reseed < sol:@C@B2_ExtcallSuccess@F@_ESBMC_Main_B2_ExtcallSuccess#
ce step: sym='c:@msg_sender' name='msg_sender' fn='_sol_per_tx_reseed' nondet='c:@F@_sol_per_tx_reseed::$tmp::return_value$_nondet_uint$1'
   stack[2]: c:@F@_sol_per_tx_reseed < sol:@C@B2_ExtcallSuccess@F@_ESBMC_Main_B2_ExtcallSuccess#
ce step: sym='c:@msg_value' name='msg_value' fn='_sol_per_tx_reseed' nondet='nondet$symex::nondet26'
   stack[2]: c:@F@_sol_per_tx_reseed < sol:@C@B2_ExtcallSuccess@F@_ESBMC_Main_B2_ExtcallSuccess#
ce step: sym='c:@F@_sol_per_tx_reseed::$tmp::return_value$_nondet_uint$2' name='return_value$_nondet_uint$2' fn='_sol_per_tx_reseed' nondet='nondet$symex::nondet27'
   stack[2]: c:@F@_sol_per_tx_reseed < sol:@C@B2_ExtcallSuccess@F@_ESBMC_Main_B2_ExtcallSuccess#
ce step: sym='c:@tx_origin' name='tx_origin' fn='_sol_per_tx_reseed' nondet='c:@F@_sol_per_tx_reseed::$tmp::return_value$_nondet_uint$2'
   stack[2]: c:@F@_sol_per_tx_reseed < sol:@C@B2_ExtcallSuccess@F@_ESBMC_Main_B2_ExtcallSuccess#
ce step: sym='c:@tx_gasprice' name='tx_gasprice' fn='_sol_per_tx_reseed' nondet='nondet$symex::nondet28'
   stack[2]: c:@F@_sol_per_tx_reseed < sol:@C@B2_ExtcallSuccess@F@_ESBMC_Main_B2_ExtcallSuccess#
ce step: sym='c:@F@_sol_per_tx_reseed::$tmp::return_value$_nondet_uint256$3' name='return_value$_nondet_uint256$3' fn='_sol_per_tx_reseed' nondet='nondet$symex::nondet29'
   stack[2]: c:@F@_sol_per_tx_reseed < sol:@C@B2_ExtcallSuccess@F@_ESBMC_Main_B2_ExtcallSuccess#
ce step: sym='c:solidity_misc.c@6424@F@_sol_per_tx_reseed@_new_bn' name='_new_bn' fn='_sol_per_tx_reseed' nondet='c:@F@_sol_per_tx_reseed::$tmp::return_value$_nondet_uint256$3'
   stack[2]: c:@F@_sol_per_tx_reseed < sol:@C@B2_ExtcallSuccess@F@_ESBMC_Main_B2_ExtcallSuccess#
ce step: sym='c:@block_number' name='block_number' fn='_sol_per_tx_reseed' nondet='c:solidity_misc.c@6424@F@_sol_per_tx_reseed@_new_bn'
   stack[2]: c:@F@_sol_per_tx_reseed < sol:@C@B2_ExtcallSuccess@F@_ESBMC_Main_B2_ExtcallSuccess#
ce step: sym='c:@F@_sol_per_tx_reseed::$tmp::return_value$_nondet_uint256$4' name='return_value$_nondet_uint256$4' fn='_sol_per_tx_reseed' nondet='nondet$symex::nondet30'
   stack[2]: c:@F@_sol_per_tx_reseed < sol:@C@B2_ExtcallSuccess@F@_ESBMC_Main_B2_ExtcallSuccess#
ce step: sym='c:solidity_misc.c@6534@F@_sol_per_tx_reseed@_new_ts' name='_new_ts' fn='_sol_per_tx_reseed' nondet='c:@F@_sol_per_tx_reseed::$tmp::return_value$_nondet_uint256$4'
   stack[2]: c:@F@_sol_per_tx_reseed < sol:@C@B2_ExtcallSuccess@F@_ESBMC_Main_B2_ExtcallSuccess#
ce step: sym='c:@block_timestamp' name='block_timestamp' fn='_sol_per_tx_reseed' nondet='c:solidity_misc.c@6534@F@_sol_per_tx_reseed@_new_ts'
   stack[2]: c:@F@_sol_per_tx_reseed < sol:@C@B2_ExtcallSuccess@F@_ESBMC_Main_B2_ExtcallSuccess#
ce step: sym='c:@block_basefee' name='block_basefee' fn='_sol_per_tx_reseed' nondet='nondet$symex::nondet31'
   stack[2]: c:@F@_sol_per_tx_reseed < sol:@C@B2_ExtcallSuccess@F@_ESBMC_Main_B2_ExtcallSuccess#
ce step: sym='c:@block_blobbasefee' name='block_blobbasefee' fn='_sol_per_tx_reseed' nondet='nondet$symex::nondet32'
   stack[2]: c:@F@_sol_per_tx_reseed < sol:@C@B2_ExtcallSuccess@F@_ESBMC_Main_B2_ExtcallSuccess#
ce step: sym='c:@F@_sol_per_tx_reseed::$tmp::return_value$_nondet_uint$5' name='return_value$_nondet_uint$5' fn='_sol_per_tx_reseed' nondet='nondet$symex::nondet33'
   stack[2]: c:@F@_sol_per_tx_reseed < sol:@C@B2_ExtcallSuccess@F@_ESBMC_Main_B2_ExtcallSuccess#
ce step: sym='c:@block_coinbase' name='block_coinbase' fn='_sol_per_tx_reseed' nondet='c:@F@_sol_per_tx_reseed::$tmp::return_value$_nondet_uint$5'
   stack[2]: c:@F@_sol_per_tx_reseed < sol:@C@B2_ExtcallSuccess@F@_ESBMC_Main_B2_ExtcallSuccess#
ce step: sym='c:@block_difficulty' name='block_difficulty' fn='_sol_per_tx_reseed' nondet='nondet$symex::nondet34'
   stack[2]: c:@F@_sol_per_tx_reseed < sol:@C@B2_ExtcallSuccess@F@_ESBMC_Main_B2_ExtcallSuccess#
ce step: sym='c:@block_gaslimit' name='block_gaslimit' fn='_sol_per_tx_reseed' nondet='nondet$symex::nondet35'
   stack[2]: c:@F@_sol_per_tx_reseed < sol:@C@B2_ExtcallSuccess@F@_ESBMC_Main_B2_ExtcallSuccess#
ce step: sym='c:@block_prevrandao' name='block_prevrandao' fn='_sol_per_tx_reseed' nondet='nondet$symex::nondet36'
   stack[2]: c:@F@_sol_per_tx_reseed < sol:@C@B2_ExtcallSuccess@F@_ESBMC_Main_B2_ExtcallSuccess#
ce step: sym='sol:@C@B2_ExtcallSuccess@_ESBMC_Nondet_Extcall_B2_ExtcallSuccess#::$tmp::return_value$_nondet_bool$1' name='return_value$_nondet_bool$1' fn='' nondet='nondet$symex::nondet37'
   stack[2]: sol:@C@B2_ExtcallSuccess@_ESBMC_Nondet_Extcall_B2_ExtcallSuccess# < sol:@C@B2_ExtcallSuccess@F@_ESBMC_Main_B2_ExtcallSuccess#
ce step: sym='sol:@C@B2_ExtcallSuccess@F@ctrlBool@amount#99' name='amount' fn='' nondet='nondet$symex::nondet38'
   stack[0]: <empty>
ce step: sym='sol:@C@B2_ExtcallSuccess@F@ctrlBool@ok#101' name='ok' fn='' nondet='nondet$symex::nondet39'
   stack[0]: <empty>
ce step: sym='path_cov::__ESBMC_path_tr$0' name='path_tr$0' fn='ctrlBool' nondet='-'
   stack[3]: sol:@C@B2_ExtcallSuccess@F@ctrlBool#121 < sol:@C@B2_ExtcallSuccess@_ESBMC_Nondet_Extcall_B2_ExtcallSuccess# < sol:@C@B2_ExtcallSuccess@F@_ESBMC_Main_B2_ExtcallSuccess#
ce step: sym='goto_symex::guard' name='goto_symex::guard' fn='ctrlBool' nondet='-'
   stack[3]: sol:@C@B2_ExtcallSuccess@F@ctrlBool#121 < sol:@C@B2_ExtcallSuccess@_ESBMC_Nondet_Extcall_B2_ExtcallSuccess# < sol:@C@B2_ExtcallSuccess@F@_ESBMC_Main_B2_ExtcallSuccess#
ce step: sym='path_cov::__ESBMC_path_tr$0' name='path_tr$0' fn='ctrlBool' nondet='-'
   stack[3]: sol:@C@B2_ExtcallSuccess@F@ctrlBool#121 < sol:@C@B2_ExtcallSuccess@_ESBMC_Nondet_Extcall_B2_ExtcallSuccess# < sol:@C@B2_ExtcallSuccess@F@_ESBMC_Main_B2_ExtcallSuccess#
ce step: sym='sol:@_ESBMC_Object_B2_ExtcallSuccess#' name='_ESBMC_Object_B2_ExtcallSuccess' fn='ctrlBool' nondet='-'
   stack[3]: sol:@C@B2_ExtcallSuccess@F@ctrlBool#121 < sol:@C@B2_ExtcallSuccess@_ESBMC_Nondet_Extcall_B2_ExtcallSuccess# < sol:@C@B2_ExtcallSuccess@F@_ESBMC_Main_B2_ExtcallSuccess#
ce step: sym='<not-a-symbol>' name='this->tag' fn='ctrlBool' nondet='-'
   stack[3]: sol:@C@B2_ExtcallSuccess@F@ctrlBool#121 < sol:@C@B2_ExtcallSuccess@_ESBMC_Nondet_Extcall_B2_ExtcallSuccess# < sol:@C@B2_ExtcallSuccess@F@_ESBMC_Main_B2_ExtcallSuccess#
ce step: sym='sol:@_ESBMC_Object_B2_ExtcallSuccess#' name='_ESBMC_Object_B2_ExtcallSuccess' fn='' nondet='sol:@_ESBMC_Object_B2_ExtcallSuccess#'
   stack[3]: sol:@C@B2_ExtcallSuccess@F@ctrlBool#121 < sol:@C@B2_ExtcallSuccess@_ESBMC_Nondet_Extcall_B2_ExtcallSuccess# < sol:@C@B2_ExtcallSuccess@F@_ESBMC_Main_B2_ExtcallSuccess#
ce step: sym='path_cov::__ESBMC_path_cnt$1' name='path_cnt$1' fn='' nondet='-'
   stack[3]: sol:@C@B2_ExtcallSuccess@F@ctrlBool#121 < sol:@C@B2_ExtcallSuccess@_ESBMC_Nondet_Extcall_B2_ExtcallSuccess# < sol:@C@B2_ExtcallSuccess@F@_ESBMC_Main_B2_ExtcallSuccess#
ce step: sym='sol:@_ESBMC_Object_B2_ExtcallSuccess#' name='_ESBMC_Object_B2_ExtcallSuccess' fn='' nondet='sol:@_ESBMC_Object_B2_ExtcallSuccess#'
   stack[3]: sol:@C@B2_ExtcallSuccess@F@ctrlBool#121 < sol:@C@B2_ExtcallSuccess@_ESBMC_Nondet_Extcall_B2_ExtcallSuccess# < sol:@C@B2_ExtcallSuccess@F@_ESBMC_Main_B2_ExtcallSuccess#
ce step: sym='path_cov::__ESBMC_path_tr$0' name='path_tr$0' fn='' nondet='path_cov::__ESBMC_path_tr$0'
   stack[3]: sol:@C@B2_ExtcallSuccess@F@ctrlBool#121 < sol:@C@B2_ExtcallSuccess@_ESBMC_Nondet_Extcall_B2_ExtcallSuccess# < sol:@C@B2_ExtcallSuccess@F@_ESBMC_Main_B2_ExtcallSuccess#
--solidity-path-coverage: CE journal cov-ce-journal.json updated after claim 1 of 3: 1 witnessed path(s) on disk, 1 with non-empty inputs (complete=false)

[Counterexample]


State 1 file /home/samson/workspace/esbmc/src/c2goto/library/solidity/solidity_blockchain.c line 73 column 1 thread 0
----------------------------------------------------
  block_timestamp = 0 (00000000 00000000 00000000 00000000 00000000 00000000 00000000 00000000 00000000 00000000 00000000 00000000 00000000 00000000 00000000 00000000 00000000 00000000 00000000 00000000 00000000 00000000 00000000 00000000 00000000 00000000 00000000 00000000 00000000 00000000 00000000 00000000)

State 2 file /home/samson/workspace/esbmc/src/c2goto/library/solidity/solidity_blockchain.c line 72 column 1 thread 0
----------------------------------------------------
  block_prevrandao = 0 (00000000 00000000 00000000 00000000 00000000 00000000 00000000 00000000 00000000 00000000 00000000 00000000 00000000 00000000 00000000 00000000 00000000 00000000 00000000 00000000 00000000 00000000 00000000 00000000 00000000 00000000 00000000 00000000 00000000 00000000 00000000 00000000)

State 3 file /home/samson/workspace/esbmc/src/c2goto/library/solidity/solidity_blockchain.c line 69 column 1 thread 0
----------------------------------------------------
  block_difficulty = 0 (00000000 00000000 00000000 00000000 00000000 00000000 00000000 00000000 00000000 00000000 00000000 00000000 00000000 00000000 00000000 00000000 00000000 00000000 00000000 00000000 00000000 00000000 00000000 00000000 00000000 00000000 00000000 00000000 00000000 00000000 00000000 00000000)

State 4 file /home/samson/workspace/esbmc/src/c2goto/library/solidity/solidity_blockchain.c line 62 column 1 thread 0
----------------------------------------------------
  tx_origin = 0 (00000000 00000000 00000000 00000000 00000000 00000000 00000000 00000000 00000000 00000000 00000000 00000000 00000000 00000000 00000000 00000000 00000000 00000000 00000000 00000000)

State 5 file /home/samson/workspace/esbmc/src/c2goto/library/solidity/solidity_blockchain.c line 65 column 1 thread 0
----------------------------------------------------
  block_basefee = 0 (00000000 00000000 00000000 00000000 00000000 00000000 00000000 00000000 00000000 00000000 00000000 00000000 00000000 00000000 00000000 00000000 00000000 00000000 00000000 00000000 00000000 00000000 00000000 00000000 00000000 00000000 00000000 00000000 00000000 00000000 00000000 00000000)

State 6 file /home/samson/workspace/esbmc/src/c2goto/library/solidity/solidity_blockchain.c line 71 column 1 thread 0
----------------------------------------------------
  block_number = 0 (00000000 00000000 00000000 00000000 00000000 00000000 00000000 00000000 00000000 00000000 00000000 00000000 00000000 00000000 00000000 00000000 00000000 00000000 00000000 00000000 00000000 00000000 00000000 00000000 00000000 00000000 00000000 00000000 00000000 00000000 00000000 00000000)

State 7 file /home/samson/workspace/esbmc/src/c2goto/library/solidity/solidity_blockchain.c line 30 column 1 thread 0
----------------------------------------------------
  msg_sig = 0 (00000000 00000000 00000000 00000000)

State 8 file /home/samson/workspace/esbmc/src/c2goto/library/solidity/solidity_blockchain.c line 67 column 1 thread 0
----------------------------------------------------
  block_chainid = 0 (00000000 00000000 00000000 00000000 00000000 00000000 00000000 00000000 00000000 00000000 00000000 00000000 00000000 00000000 00000000 00000000 00000000 00000000 00000000 00000000 00000000 00000000 00000000 00000000 00000000 00000000 00000000 00000000 00000000 00000000 00000000 00000000)

State 9 file /home/samson/workspace/esbmc/src/c2goto/library/solidity/solidity_blockchain.c line 70 column 1 thread 0
----------------------------------------------------
  block_gaslimit = 0 (00000000 00000000 00000000 00000000 00000000 00000000 00000000 00000000 00000000 00000000 00000000 00000000 00000000 00000000 00000000 00000000 00000000 00000000 00000000 00000000 00000000 00000000 00000000 00000000 00000000 00000000 00000000 00000000 00000000 00000000 00000000 00000000)

State 10 file /home/samson/workspace/esbmc/src/c2goto/library/solidity/solidity_blockchain.c line 29 column 1 thread 0
----------------------------------------------------
  msg_sender = 0 (00000000 00000000 00000000 00000000 00000000 00000000 00000000 00000000 00000000 00000000 00000000 00000000 00000000 00000000 00000000 00000000 00000000 00000000 00000000 00000000)

State 11 file /home/samson/workspace/esbmc/src/c2goto/library/solidity/solidity_blockchain.c line 31 column 1 thread 0
----------------------------------------------------
  msg_value = 0 (00000000 00000000 00000000 00000000 00000000 00000000 00000000 00000000 00000000 00000000 00000000 00000000 00000000 00000000 00000000 00000000 00000000 00000000 00000000 00000000 00000000 00000000 00000000 00000000 00000000 00000000 00000000 00000000 00000000 00000000 00000000 00000000)

State 12 file /home/samson/workspace/esbmc/src/c2goto/library/solidity/solidity_blockchain.c line 28 column 1 thread 0
----------------------------------------------------
  msg_data = 0 (00000000 00000000 00000000 00000000 00000000 00000000 00000000 00000000 00000000 00000000 00000000 00000000 00000000 00000000 00000000 00000000 00000000 00000000 00000000 00000000 00000000 00000000 00000000 00000000 00000000 00000000 00000000 00000000 00000000 00000000 00000000 00000000)

State 13 file /home/samson/workspace/esbmc/src/c2goto/library/solidity/solidity_blockchain.c line 66 column 1 thread 0
----------------------------------------------------
  block_blobbasefee = 0 (00000000 00000000 00000000 00000000 00000000 00000000 00000000 00000000 00000000 00000000 00000000 00000000 00000000 00000000 00000000 00000000 00000000 00000000 00000000 00000000 00000000 00000000 00000000 00000000 00000000 00000000 00000000 00000000 00000000 00000000 00000000 00000000)

State 14 file /home/samson/workspace/esbmc/src/c2goto/library/solidity/solidity_blockchain.c line 68 column 1 thread 0
----------------------------------------------------
  block_coinbase = 0 (00000000 00000000 00000000 00000000 00000000 00000000 00000000 00000000 00000000 00000000 00000000 00000000 00000000 00000000 00000000 00000000 00000000 00000000 00000000 00000000)

State 15 file /home/samson/workspace/esbmc/src/c2goto/library/solidity/solidity_blockchain.c line 61 column 1 thread 0
----------------------------------------------------
  tx_gasprice = 0 (00000000 00000000 00000000 00000000 00000000 00000000 00000000 00000000 00000000 00000000 00000000 00000000 00000000 00000000 00000000 00000000 00000000 00000000 00000000 00000000 00000000 00000000 00000000 00000000 00000000 00000000 00000000 00000000 00000000 00000000 00000000 00000000)

State 16  thread 0
----------------------------------------------------
  $B2_ExtcallSuccess_bind_cname_list = { 0 }

State 17 file /home/samson/workspace/esbmc/src/c2goto/library/solidity/solidity_misc.c line 122 column 14 function initialize thread 0
----------------------------------------------------
  msg_data = 0 (00000000 00000000 00000000 00000000 00000000 00000000 00000000 00000000 00000000 00000000 00000000 00000000 00000000 00000000 00000000 00000000 00000000 00000000 00000000 00000000 00000000 00000000 00000000 00000000 00000000 00000000 00000000 00000000 00000000 00000000 00000000 00000000)

State 18 file /home/samson/workspace/esbmc/src/c2goto/library/solidity/solidity_misc.c line 123 column 27 function initialize thread 0
----------------------------------------------------
  return_value$_nondet_uint$1 = 0 (00000000 00000000 00000000 00000000)

State 19 file /home/samson/workspace/esbmc/src/c2goto/library/solidity/solidity_misc.c line 123 column 3 function initialize thread 0
----------------------------------------------------
  msg_sender = 0 (00000000 00000000 00000000 00000000 00000000 00000000 00000000 00000000 00000000 00000000 00000000 00000000 00000000 00000000 00000000 00000000 00000000 00000000 00000000 00000000)

State 20 file /home/samson/workspace/esbmc/src/c2goto/library/solidity/solidity_misc.c line 124 column 13 function initialize thread 0
----------------------------------------------------
  msg_sig = 0 (00000000 00000000 00000000 00000000)

State 21 file /home/samson/workspace/esbmc/src/c2goto/library/solidity/solidity_misc.c line 125 column 15 function initialize thread 0
----------------------------------------------------
  msg_value = 0 (00000000 00000000 00000000 00000000 00000000 00000000 00000000 00000000 00000000 00000000 00000000 00000000 00000000 00000000 00000000 00000000 00000000 00000000 00000000 00000000 00000000 00000000 00000000 00000000 00000000 00000000 00000000 00000000 00000000 00000000 00000000 00000000)

State 22 file /home/samson/workspace/esbmc/src/c2goto/library/solidity/solidity_misc.c line 134 column 17 function initialize thread 0
----------------------------------------------------
  tx_gasprice = 0 (00000000 00000000 00000000 00000000 00000000 00000000 00000000 00000000 00000000 00000000 00000000 00000000 00000000 00000000 00000000 00000000 00000000 00000000 00000000 00000000 00000000 00000000 00000000 00000000 00000000 00000000 00000000 00000000 00000000 00000000 00000000 00000000)

State 23 file /home/samson/workspace/esbmc/src/c2goto/library/solidity/solidity_misc.c line 136 column 26 function initialize thread 0
----------------------------------------------------
  return_value$_nondet_uint$2 = 0 (00000000 00000000 00000000 00000000)

State 24 file /home/samson/workspace/esbmc/src/c2goto/library/solidity/solidity_misc.c line 136 column 3 function initialize thread 0
----------------------------------------------------
  tx_origin = 0 (00000000 00000000 00000000 00000000 00000000 00000000 00000000 00000000 00000000 00000000 00000000 00000000 00000000 00000000 00000000 00000000 00000000 00000000 00000000 00000000)

State 25 file /home/samson/workspace/esbmc/src/c2goto/library/solidity/solidity_misc.c line 138 column 19 function initialize thread 0
----------------------------------------------------
  block_basefee = 0 (00000000 00000000 00000000 00000000 00000000 00000000 00000000 00000000 00000000 00000000 00000000 00000000 00000000 00000000 00000000 00000000 00000000 00000000 00000000 00000000 00000000 00000000 00000000 00000000 00000000 00000000 00000000 00000000 00000000 00000000 00000000 00000000)

State 26 file /home/samson/workspace/esbmc/src/c2goto/library/solidity/solidity_misc.c line 139 column 23 function initialize thread 0
----------------------------------------------------
  block_blobbasefee = 0 (00000000 00000000 00000000 00000000 00000000 00000000 00000000 00000000 00000000 00000000 00000000 00000000 00000000 00000000 00000000 00000000 00000000 00000000 00000000 00000000 00000000 00000000 00000000 00000000 00000000 00000000 00000000 00000000 00000000 00000000 00000000 00000000)

State 27 file /home/samson/workspace/esbmc/src/c2goto/library/solidity/solidity_misc.c line 140 column 19 function initialize thread 0
----------------------------------------------------
  block_chainid = 0 (00000000 00000000 00000000 00000000 00000000 00000000 00000000 00000000 00000000 00000000 00000000 00000000 00000000 00000000 00000000 00000000 00000000 00000000 00000000 00000000 00000000 00000000 00000000 00000000 00000000 00000000 00000000 00000000 00000000 00000000 00000000 00000000)

State 28 file /home/samson/workspace/esbmc/src/c2goto/library/solidity/solidity_misc.c line 141 column 31 function initialize thread 0
----------------------------------------------------
  return_value$_nondet_uint$3 = 0 (00000000 00000000 00000000 00000000)

State 29 file /home/samson/workspace/esbmc/src/c2goto/library/solidity/solidity_misc.c line 141 column 3 function initialize thread 0
----------------------------------------------------
  block_coinbase = 0 (00000000 00000000 00000000 00000000 00000000 00000000 00000000 00000000 00000000 00000000 00000000 00000000 00000000 00000000 00000000 00000000 00000000 00000000 00000000 00000000)

State 30 file /home/samson/workspace/esbmc/src/c2goto/library/solidity/solidity_misc.c line 142 column 22 function initialize thread 0
----------------------------------------------------
  block_difficulty = 0 (00000000 00000000 00000000 00000000 00000000 00000000 00000000 00000000 00000000 00000000 00000000 00000000 00000000 00000000 00000000 00000000 00000000 00000000 00000000 00000000 00000000 00000000 00000000 00000000 00000000 00000000 00000000 00000000 00000000 00000000 00000000 00000000)

State 31 file /home/samson/workspace/esbmc/src/c2goto/library/solidity/solidity_misc.c line 143 column 20 function initialize thread 0
----------------------------------------------------
  block_gaslimit = 0 (00000000 00000000 00000000 00000000 00000000 00000000 00000000 00000000 00000000 00000000 00000000 00000000 00000000 00000000 00000000 00000000 00000000 00000000 00000000 00000000 00000000 00000000 00000000 00000000 00000000 00000000 00000000 00000000 00000000 00000000 00000000 00000000)

State 32 file /home/samson/workspace/esbmc/src/c2goto/library/solidity/solidity_misc.c line 144 column 18 function initialize thread 0
----------------------------------------------------
  block_number = 0xFFFFFFFFFFFFFFFFFFFFFFFFFFFFFFFFFFFFFFFFFFFFFFFFFFFFFFFFFFFFFFFF (11111111 11111111 11111111 11111111 11111111 11111111 11111111 11111111 11111111 11111111 11111111 11111111 11111111 11111111 11111111 11111111 11111111 11111111 11111111 11111111 11111111 11111111 11111111 11111111 11111111 11111111 11111111 11111111 11111111 11111111 11111111 11111111)

State 33 file /home/samson/workspace/esbmc/src/c2goto/library/solidity/solidity_misc.c line 145 column 22 function initialize thread 0
----------------------------------------------------
  block_prevrandao = 0 (00000000 00000000 00000000 00000000 00000000 00000000 00000000 00000000 00000000 00000000 00000000 00000000 00000000 00000000 00000000 00000000 00000000 00000000 00000000 00000000 00000000 00000000 00000000 00000000 00000000 00000000 00000000 00000000 00000000 00000000 00000000 00000000)

State 34 file /home/samson/workspace/esbmc/src/c2goto/library/solidity/solidity_misc.c line 146 column 21 function initialize thread 0
----------------------------------------------------
  block_timestamp = 0xFFFFFFFFFFFFFFFFFFFFFFFFFFFFFFFFFFFFFFFFFFFFFFFFFFFFFFFFFFFFFFFF (11111111 11111111 11111111 11111111 11111111 11111111 11111111 11111111 11111111 11111111 11111111 11111111 11111111 11111111 11111111 11111111 11111111 11111111 11111111 11111111 11111111 11111111 11111111 11111111 11111111 11111111 11111111 11111111 11111111 11111111 11111111 11111111)

State 35  thread 0
----------------------------------------------------
  $B2_ExtcallSuccess_bind_cname_list[0] = &"B2_ExtcallSuccess"[0]

State 36 file /home/samson/workspace/esbmc/src/c2goto/library/solidity/solidity_address.c line 95 column 32 function _ESBMC_get_unique_address thread 0
----------------------------------------------------
  return_value$_nondet_uint$1 = 4294967295 (11111111 11111111 11111111 11111111)

State 37 file /home/samson/workspace/esbmc/src/c2goto/library/solidity/solidity_address.c line 95 column 5 function _ESBMC_get_unique_address thread 0
----------------------------------------------------
  tmp = 4294967295 (00000000 00000000 00000000 00000000 00000000 00000000 00000000 00000000 00000000 00000000 00000000 00000000 00000000 00000000 00000000 00000000 11111111 11111111 11111111 11111111)

State 39 file /home/samson/workspace/esbmc/src/c2goto/library/solidity/solidity_address.c line 114 column 5 function _ESBMC_get_unique_address thread 0
----------------------------------------------------
  _ESBMC_Object_B2_ExtcallSuccess.$address = { .tag=nil, .anon_pad$1=nil, .$address=tmp, .anon_pad$3=nil,
    .$codehash=nil, .$balance=nil, .$code=nil,
    ._ESBMC_bind_cname=nil, .anon_pad$8=nil }

State 40  thread 0
----------------------------------------------------
  this->$codehash = { .tag=0, .anon_pad$1=0, .$address=4294967295, .anon_pad$3=0,
    .$codehash=0, .$balance=0, .$code=0,
    ._ESBMC_bind_cname={ .pointer_object=nil, .pointer_offset=nil }, .anon_pad$8=0 }

State 41 file /home/samson/workspace/esbmc/src/c2goto/library/solidity/solidity_misc.c line 44 column 17 function _ESBMC_nondet_init_balance thread 0
----------------------------------------------------
  return_value$_nondet_uint256$1 = 0 (00000000 00000000 00000000 00000000 00000000 00000000 00000000 00000000 00000000 00000000 00000000 00000000 00000000 00000000 00000000 00000000 00000000 00000000 00000000 00000000 00000000 00000000 00000000 00000000 00000000 00000000 00000000 00000000 00000000 00000000 00000000 00000000)

State 42 file /home/samson/workspace/esbmc/src/c2goto/library/solidity/solidity_misc.c line 44 column 3 function _ESBMC_nondet_init_balance thread 0
----------------------------------------------------
  b = 0 (00000000 00000000 00000000 00000000 00000000 00000000 00000000 00000000 00000000 00000000 00000000 00000000 00000000 00000000 00000000 00000000 00000000 00000000 00000000 00000000 00000000 00000000 00000000 00000000 00000000 00000000 00000000 00000000 00000000 00000000 00000000 00000000)

State 44 file /home/samson/workspace/esbmc/src/c2goto/library/solidity/solidity_misc.c line 46 column 3 function _ESBMC_nondet_init_balance thread 0
----------------------------------------------------
  _ESBMC_Object_B2_ExtcallSuccess.$balance = { .tag=0, .anon_pad$1=0, .$address=4294967295, .anon_pad$3=0,
    .$codehash=0, .$balance=0, .$code=0,
    ._ESBMC_bind_cname={ .pointer_object=nil, .pointer_offset=nil }, .anon_pad$8=0 }

State 45  thread 0
----------------------------------------------------
  this->$code = { .tag=0, .anon_pad$1=0, .$address=4294967295, .anon_pad$3=0,
    .$codehash=0, .$balance=0, .$code=0,
    ._ESBMC_bind_cname={ .pointer_object=nil, .pointer_offset=nil }, .anon_pad$8=0 }

State 46  thread 0
----------------------------------------------------
  this->_ESBMC_bind_cname = { .tag=0, .anon_pad$1=0, .$address=4294967295, .anon_pad$3=0,
    .$codehash=0, .$balance=0, .$code=0,
    ._ESBMC_bind_cname=&"B2_ExtcallSuccess"[0], .anon_pad$8=0 }

State 47  thread 0
----------------------------------------------------
  this->tag = { .tag=0, .anon_pad$1=0, .$address=4294967295, .anon_pad$3=0,
    .$codehash=0, .$balance=0, .$code=0,
    ._ESBMC_bind_cname=&"B2_ExtcallSuccess"[0], .anon_pad$8=0 }

State 48 file /home/samson/workspace/esbmc/src/c2goto/library/solidity/solidity_misc.c line 169 column 14 function _sol_per_tx_reseed thread 0
----------------------------------------------------
  msg_data = 0 (00000000 00000000 00000000 00000000 00000000 00000000 00000000 00000000 00000000 00000000 00000000 00000000 00000000 00000000 00000000 00000000 00000000 00000000 00000000 00000000 00000000 00000000 00000000 00000000 00000000 00000000 00000000 00000000 00000000 00000000 00000000 00000000)

State 49 file /home/samson/workspace/esbmc/src/c2goto/library/solidity/solidity_misc.c line 170 column 27 function _sol_per_tx_reseed thread 0
----------------------------------------------------
  return_value$_nondet_uint$1 = 0 (00000000 00000000 00000000 00000000)

State 50 file /home/samson/workspace/esbmc/src/c2goto/library/solidity/solidity_misc.c line 170 column 3 function _sol_per_tx_reseed thread 0
----------------------------------------------------
  msg_sender = 0 (00000000 00000000 00000000 00000000 00000000 00000000 00000000 00000000 00000000 00000000 00000000 00000000 00000000 00000000 00000000 00000000 00000000 00000000 00000000 00000000)

State 51 file /home/samson/workspace/esbmc/src/c2goto/library/solidity/solidity_misc.c line 171 column 15 function _sol_per_tx_reseed thread 0
----------------------------------------------------
  msg_value = 0 (00000000 00000000 00000000 00000000 00000000 00000000 00000000 00000000 00000000 00000000 00000000 00000000 00000000 00000000 00000000 00000000 00000000 00000000 00000000 00000000 00000000 00000000 00000000 00000000 00000000 00000000 00000000 00000000 00000000 00000000 00000000 00000000)

State 52 file /home/samson/workspace/esbmc/src/c2goto/library/solidity/solidity_misc.c line 172 column 26 function _sol_per_tx_reseed thread 0
----------------------------------------------------
  return_value$_nondet_uint$2 = 0 (00000000 00000000 00000000 00000000)

State 53 file /home/samson/workspace/esbmc/src/c2goto/library/solidity/solidity_misc.c line 172 column 3 function _sol_per_tx_reseed thread 0
----------------------------------------------------
  tx_origin = 0 (00000000 00000000 00000000 00000000 00000000 00000000 00000000 00000000 00000000 00000000 00000000 00000000 00000000 00000000 00000000 00000000 00000000 00000000 00000000 00000000)

State 54 file /home/samson/workspace/esbmc/src/c2goto/library/solidity/solidity_misc.c line 173 column 17 function _sol_per_tx_reseed thread 0
----------------------------------------------------
  tx_gasprice = 0 (00000000 00000000 00000000 00000000 00000000 00000000 00000000 00000000 00000000 00000000 00000000 00000000 00000000 00000000 00000000 00000000 00000000 00000000 00000000 00000000 00000000 00000000 00000000 00000000 00000000 00000000 00000000 00000000 00000000 00000000 00000000 00000000)

State 55 file /home/samson/workspace/esbmc/src/c2goto/library/solidity/solidity_misc.c line 192 column 23 function _sol_per_tx_reseed thread 0
----------------------------------------------------
  return_value$_nondet_uint256$3 = 0xFFFFFFFFFFFFFFFFFFFFFFFFFFFFFFFFFFFFFFFFFFFFFFFFFFFFFFFFFFFFFFFF (11111111 11111111 11111111 11111111 11111111 11111111 11111111 11111111 11111111 11111111 11111111 11111111 11111111 11111111 11111111 11111111 11111111 11111111 11111111 11111111 11111111 11111111 11111111 11111111 11111111 11111111 11111111 11111111 11111111 11111111 11111111 11111111)

State 56 file /home/samson/workspace/esbmc/src/c2goto/library/solidity/solidity_misc.c line 192 column 3 function _sol_per_tx_reseed thread 0
----------------------------------------------------
  _new_bn = 0xFFFFFFFFFFFFFFFFFFFFFFFFFFFFFFFFFFFFFFFFFFFFFFFFFFFFFFFFFFFFFFFF (11111111 11111111 11111111 11111111 11111111 11111111 11111111 11111111 11111111 11111111 11111111 11111111 11111111 11111111 11111111 11111111 11111111 11111111 11111111 11111111 11111111 11111111 11111111 11111111 11111111 11111111 11111111 11111111 11111111 11111111 11111111 11111111)

State 58 file /home/samson/workspace/esbmc/src/c2goto/library/solidity/solidity_misc.c line 194 column 3 function _sol_per_tx_reseed thread 0
----------------------------------------------------
  block_number = 0xFFFFFFFFFFFFFFFFFFFFFFFFFFFFFFFFFFFFFFFFFFFFFFFFFFFFFFFFFFFFFFFF (11111111 11111111 11111111 11111111 11111111 11111111 11111111 11111111 11111111 11111111 11111111 11111111 11111111 11111111 11111111 11111111 11111111 11111111 11111111 11111111 11111111 11111111 11111111 11111111 11111111 11111111 11111111 11111111 11111111 11111111 11111111 11111111)

State 59 file /home/samson/workspace/esbmc/src/c2goto/library/solidity/solidity_misc.c line 196 column 23 function _sol_per_tx_reseed thread 0
----------------------------------------------------
  return_value$_nondet_uint256$4 = 0xFFFFFFFFFFFFFFFFFFFFFFFFFFFFFFFFFFFFFFFFFFFFFFFFFFFFFFFFFFFFFFFF (11111111 11111111 11111111 11111111 11111111 11111111 11111111 11111111 11111111 11111111 11111111 11111111 11111111 11111111 11111111 11111111 11111111 11111111 11111111 11111111 11111111 11111111 11111111 11111111 11111111 11111111 11111111 11111111 11111111 11111111 11111111 11111111)

State 60 file /home/samson/workspace/esbmc/src/c2goto/library/solidity/solidity_misc.c line 196 column 3 function _sol_per_tx_reseed thread 0
----------------------------------------------------
  _new_ts = 0xFFFFFFFFFFFFFFFFFFFFFFFFFFFFFFFFFFFFFFFFFFFFFFFFFFFFFFFFFFFFFFFF (11111111 11111111 11111111 11111111 11111111 11111111 11111111 11111111 11111111 11111111 11111111 11111111 11111111 11111111 11111111 11111111 11111111 11111111 11111111 11111111 11111111 11111111 11111111 11111111 11111111 11111111 11111111 11111111 11111111 11111111 11111111 11111111)

State 62 file /home/samson/workspace/esbmc/src/c2goto/library/solidity/solidity_misc.c line 198 column 3 function _sol_per_tx_reseed thread 0
----------------------------------------------------
  block_timestamp = 0xFFFFFFFFFFFFFFFFFFFFFFFFFFFFFFFFFFFFFFFFFFFFFFFFFFFFFFFFFFFFFFFF (11111111 11111111 11111111 11111111 11111111 11111111 11111111 11111111 11111111 11111111 11111111 11111111 11111111 11111111 11111111 11111111 11111111 11111111 11111111 11111111 11111111 11111111 11111111 11111111 11111111 11111111 11111111 11111111 11111111 11111111 11111111 11111111)

State 63 file /home/samson/workspace/esbmc/src/c2goto/library/solidity/solidity_misc.c line 200 column 19 function _sol_per_tx_reseed thread 0
----------------------------------------------------
  block_basefee = 0 (00000000 00000000 00000000 00000000 00000000 00000000 00000000 00000000 00000000 00000000 00000000 00000000 00000000 00000000 00000000 00000000 00000000 00000000 00000000 00000000 00000000 00000000 00000000 00000000 00000000 00000000 00000000 00000000 00000000 00000000 00000000 00000000)

State 64 file /home/samson/workspace/esbmc/src/c2goto/library/solidity/solidity_misc.c line 201 column 23 function _sol_per_tx_reseed thread 0
----------------------------------------------------
  block_blobbasefee = 0 (00000000 00000000 00000000 00000000 00000000 00000000 00000000 00000000 00000000 00000000 00000000 00000000 00000000 00000000 00000000 00000000 00000000 00000000 00000000 00000000 00000000 00000000 00000000 00000000 00000000 00000000 00000000 00000000 00000000 00000000 00000000 00000000)

State 65 file /home/samson/workspace/esbmc/src/c2goto/library/solidity/solidity_misc.c line 202 column 31 function _sol_per_tx_reseed thread 0
----------------------------------------------------
  return_value$_nondet_uint$5 = 0 (00000000 00000000 00000000 00000000)

State 66 file /home/samson/workspace/esbmc/src/c2goto/library/solidity/solidity_misc.c line 202 column 3 function _sol_per_tx_reseed thread 0
----------------------------------------------------
  block_coinbase = 0 (00000000 00000000 00000000 00000000 00000000 00000000 00000000 00000000 00000000 00000000 00000000 00000000 00000000 00000000 00000000 00000000 00000000 00000000 00000000 00000000)

State 67 file /home/samson/workspace/esbmc/src/c2goto/library/solidity/solidity_misc.c line 203 column 22 function _sol_per_tx_reseed thread 0
----------------------------------------------------
  block_difficulty = 0 (00000000 00000000 00000000 00000000 00000000 00000000 00000000 00000000 00000000 00000000 00000000 00000000 00000000 00000000 00000000 00000000 00000000 00000000 00000000 00000000 00000000 00000000 00000000 00000000 00000000 00000000 00000000 00000000 00000000 00000000 00000000 00000000)

State 68 file /home/samson/workspace/esbmc/src/c2goto/library/solidity/solidity_misc.c line 204 column 20 function _sol_per_tx_reseed thread 0
----------------------------------------------------
  block_gaslimit = 0 (00000000 00000000 00000000 00000000 00000000 00000000 00000000 00000000 00000000 00000000 00000000 00000000 00000000 00000000 00000000 00000000 00000000 00000000 00000000 00000000 00000000 00000000 00000000 00000000 00000000 00000000 00000000 00000000 00000000 00000000 00000000 00000000)

State 69 file /home/samson/workspace/esbmc/src/c2goto/library/solidity/solidity_misc.c line 205 column 22 function _sol_per_tx_reseed thread 0
----------------------------------------------------
  block_prevrandao = 0 (00000000 00000000 00000000 00000000 00000000 00000000 00000000 00000000 00000000 00000000 00000000 00000000 00000000 00000000 00000000 00000000 00000000 00000000 00000000 00000000 00000000 00000000 00000000 00000000 00000000 00000000 00000000 00000000 00000000 00000000 00000000 00000000)

State 70  thread 0
----------------------------------------------------
  return_value$_nondet_bool$1 = 1

State 71  thread 0
----------------------------------------------------
  amount = 0 (00000000 00000000 00000000 00000000 00000000 00000000 00000000 00000000 00000000 00000000 00000000 00000000 00000000 00000000 00000000 00000000 00000000 00000000 00000000 00000000 00000000 00000000 00000000 00000000 00000000 00000000 00000000 00000000 00000000 00000000 00000000 00000000)

State 72  thread 0
----------------------------------------------------
  ok = 0

State 73 file notes/coverage/poc/B2_ExtcallSuccess.sol line 273 function ctrlBool thread 0
----------------------------------------------------
  path_tr$0 = 3 (00000000 00000000 00000000 00000000 00000000 00000000 00000000 00000011)

State 74 file notes/coverage/poc/B2_ExtcallSuccess.sol line 273 function ctrlBool thread 0
----------------------------------------------------
  goto_symex::guard = 0

State 75 file notes/coverage/poc/B2_ExtcallSuccess.sol line 274 function ctrlBool thread 0
----------------------------------------------------
  path_tr$0 = 7 (00000000 00000000 00000000 00000000 00000000 00000000 00000000 00000111)

State 76 file notes/coverage/poc/B2_ExtcallSuccess.sol line 277 function ctrlBool thread 0
----------------------------------------------------
  _ESBMC_Object_B2_ExtcallSuccess = { .tag=0, .anon_pad$1=0, .$address=4294967295, .anon_pad$3=0,
    .$codehash=0, .$balance=0, .$code=0,
    ._ESBMC_bind_cname=&"B2_ExtcallSuccess"[0], .anon_pad$8=0 }

State 77 file notes/coverage/poc/B2_ExtcallSuccess.sol line 277 function ctrlBool thread 0
----------------------------------------------------
  this->tag = { .tag=2, .anon_pad$1=0, .$address=4294967295, .anon_pad$3=0,
    .$codehash=0, .$balance=0, .$code=0,
    ._ESBMC_bind_cname=&"B2_ExtcallSuccess"[0], .anon_pad$8=0 }

State 78  thread 0
----------------------------------------------------
  _ESBMC_Object_B2_ExtcallSuccess = { .tag=2, .anon_pad$1=0, .$address=4294967295, .anon_pad$3=0,
    .$codehash=0, .$balance=0, .$code=0,
    ._ESBMC_bind_cname=&"B2_ExtcallSuccess"[0], .anon_pad$8=0 }

State 82  thread 0
----------------------------------------------------
Violated property:
  sol:@C@B2_ExtcallSuccess@F@ctrlBool#121:path:7
  path_tr$0 != 7 || path_cnt$1 != 2

Slicing time: 0.000s (removed 0 assignments)
Solving claim 'ctrlBool:path:6 at' with solver Bitwuzla 0.8.2
Encoding remaining VCC(s) using bit-vector/floating-point arithmetic
Encoding to solver time: 0.000s
Solving with solver Bitwuzla 0.8.2
Runtime decision procedure: 0.002s
✗ FAILED: 'ctrlBool:path:6 at'
ce step: sym='c:@block_timestamp' name='block_timestamp' fn='' nondet='-'
   stack[0]: <empty>
ce step: sym='c:@block_prevrandao' name='block_prevrandao' fn='' nondet='-'
   stack[0]: <empty>
ce step: sym='c:@block_difficulty' name='block_difficulty' fn='' nondet='-'
   stack[0]: <empty>
ce step: sym='c:@tx_origin' name='tx_origin' fn='' nondet='-'
   stack[0]: <empty>
ce step: sym='c:@block_basefee' name='block_basefee' fn='' nondet='-'
   stack[0]: <empty>
ce step: sym='c:@block_number' name='block_number' fn='' nondet='-'
   stack[0]: <empty>
ce step: sym='c:@msg_sig' name='msg_sig' fn='' nondet='-'
   stack[0]: <empty>
ce step: sym='c:@block_chainid' name='block_chainid' fn='' nondet='-'
   stack[0]: <empty>
ce step: sym='c:@block_gaslimit' name='block_gaslimit' fn='' nondet='-'
   stack[0]: <empty>
ce step: sym='c:@msg_sender' name='msg_sender' fn='' nondet='-'
   stack[0]: <empty>
ce step: sym='c:@msg_value' name='msg_value' fn='' nondet='-'
   stack[0]: <empty>
ce step: sym='c:@msg_data' name='msg_data' fn='' nondet='-'
   stack[0]: <empty>
ce step: sym='c:@block_blobbasefee' name='block_blobbasefee' fn='' nondet='-'
   stack[0]: <empty>
ce step: sym='c:@block_coinbase' name='block_coinbase' fn='' nondet='-'
   stack[0]: <empty>
ce step: sym='c:@tx_gasprice' name='tx_gasprice' fn='' nondet='-'
   stack[0]: <empty>
ce step: sym='sol:@C@B2_ExtcallSuccess@$B2_ExtcallSuccess_bind_cname_list' name='$B2_ExtcallSuccess_bind_cname_list' fn='' nondet='-'
   stack[0]: <empty>
ce step: sym='c:@msg_data' name='msg_data' fn='initialize' nondet='nondet$symex::nondet3'
   stack[3]: c:@F@initialize < sol:@F@_sol_init_ < sol:@C@B2_ExtcallSuccess@F@B2_ExtcallSuccess#
ce step: sym='c:@F@initialize::$tmp::return_value$_nondet_uint$1' name='return_value$_nondet_uint$1' fn='initialize' nondet='nondet$symex::nondet4'
   stack[3]: c:@F@initialize < sol:@F@_sol_init_ < sol:@C@B2_ExtcallSuccess@F@B2_ExtcallSuccess#
ce step: sym='c:@msg_sender' name='msg_sender' fn='initialize' nondet='c:@F@initialize::$tmp::return_value$_nondet_uint$1'
   stack[3]: c:@F@initialize < sol:@F@_sol_init_ < sol:@C@B2_ExtcallSuccess@F@B2_ExtcallSuccess#
ce step: sym='c:@msg_sig' name='msg_sig' fn='initialize' nondet='nondet$symex::nondet5'
   stack[3]: c:@F@initialize < sol:@F@_sol_init_ < sol:@C@B2_ExtcallSuccess@F@B2_ExtcallSuccess#
ce step: sym='c:@msg_value' name='msg_value' fn='initialize' nondet='nondet$symex::nondet6'
   stack[3]: c:@F@initialize < sol:@F@_sol_init_ < sol:@C@B2_ExtcallSuccess@F@B2_ExtcallSuccess#
ce step: sym='c:@tx_gasprice' name='tx_gasprice' fn='initialize' nondet='nondet$symex::nondet7'
   stack[3]: c:@F@initialize < sol:@F@_sol_init_ < sol:@C@B2_ExtcallSuccess@F@B2_ExtcallSuccess#
ce step: sym='c:@F@initialize::$tmp::return_value$_nondet_uint$2' name='return_value$_nondet_uint$2' fn='initialize' nondet='nondet$symex::nondet8'
   stack[3]: c:@F@initialize < sol:@F@_sol_init_ < sol:@C@B2_ExtcallSuccess@F@B2_ExtcallSuccess#
ce step: sym='c:@tx_origin' name='tx_origin' fn='initialize' nondet='c:@F@initialize::$tmp::return_value$_nondet_uint$2'
   stack[3]: c:@F@initialize < sol:@F@_sol_init_ < sol:@C@B2_ExtcallSuccess@F@B2_ExtcallSuccess#
ce step: sym='c:@block_basefee' name='block_basefee' fn='initialize' nondet='nondet$symex::nondet9'
   stack[3]: c:@F@initialize < sol:@F@_sol_init_ < sol:@C@B2_ExtcallSuccess@F@B2_ExtcallSuccess#
ce step: sym='c:@block_blobbasefee' name='block_blobbasefee' fn='initialize' nondet='nondet$symex::nondet10'
   stack[3]: c:@F@initialize < sol:@F@_sol_init_ < sol:@C@B2_ExtcallSuccess@F@B2_ExtcallSuccess#
ce step: sym='c:@block_chainid' name='block_chainid' fn='initialize' nondet='nondet$symex::nondet11'
   stack[3]: c:@F@initialize < sol:@F@_sol_init_ < sol:@C@B2_ExtcallSuccess@F@B2_ExtcallSuccess#
ce step: sym='c:@F@initialize::$tmp::return_value$_nondet_uint$3' name='return_value$_nondet_uint$3' fn='initialize' nondet='nondet$symex::nondet12'
   stack[3]: c:@F@initialize < sol:@F@_sol_init_ < sol:@C@B2_ExtcallSuccess@F@B2_ExtcallSuccess#
ce step: sym='c:@block_coinbase' name='block_coinbase' fn='initialize' nondet='c:@F@initialize::$tmp::return_value$_nondet_uint$3'
   stack[3]: c:@F@initialize < sol:@F@_sol_init_ < sol:@C@B2_ExtcallSuccess@F@B2_ExtcallSuccess#
ce step: sym='c:@block_difficulty' name='block_difficulty' fn='initialize' nondet='nondet$symex::nondet13'
   stack[3]: c:@F@initialize < sol:@F@_sol_init_ < sol:@C@B2_ExtcallSuccess@F@B2_ExtcallSuccess#
ce step: sym='c:@block_gaslimit' name='block_gaslimit' fn='initialize' nondet='nondet$symex::nondet14'
   stack[3]: c:@F@initialize < sol:@F@_sol_init_ < sol:@C@B2_ExtcallSuccess@F@B2_ExtcallSuccess#
ce step: sym='c:@block_number' name='block_number' fn='initialize' nondet='nondet$symex::nondet15'
   stack[3]: c:@F@initialize < sol:@F@_sol_init_ < sol:@C@B2_ExtcallSuccess@F@B2_ExtcallSuccess#
ce step: sym='c:@block_prevrandao' name='block_prevrandao' fn='initialize' nondet='nondet$symex::nondet16'
   stack[3]: c:@F@initialize < sol:@F@_sol_init_ < sol:@C@B2_ExtcallSuccess@F@B2_ExtcallSuccess#
ce step: sym='c:@block_timestamp' name='block_timestamp' fn='initialize' nondet='nondet$symex::nondet17'
   stack[3]: c:@F@initialize < sol:@F@_sol_init_ < sol:@C@B2_ExtcallSuccess@F@B2_ExtcallSuccess#
ce step: sym='<not-a-symbol>' name='$B2_ExtcallSuccess_bind_cname_list[0]' fn='' nondet='-'
   stack[3]: sol:@F@initialize_B2_ExtcallSuccess_bind_cname# < sol:@F@_sol_init_ < sol:@C@B2_ExtcallSuccess@F@B2_ExtcallSuccess#
ce step: sym='c:@F@_ESBMC_get_unique_address::$tmp::return_value$_nondet_uint$1' name='return_value$_nondet_uint$1' fn='_ESBMC_get_unique_address' nondet='nondet$symex::nondet19'
   stack[2]: c:@F@_ESBMC_get_unique_address < sol:@C@B2_ExtcallSuccess@F@B2_ExtcallSuccess#
ce step: sym='c:solidity_address.c@4018@F@_ESBMC_get_unique_address@tmp' name='tmp' fn='_ESBMC_get_unique_address' nondet='c:@F@_ESBMC_get_unique_address::$tmp::return_value$_nondet_uint$1'
   stack[2]: c:@F@_ESBMC_get_unique_address < sol:@C@B2_ExtcallSuccess@F@B2_ExtcallSuccess#
ce step: sym='<not-a-symbol>' name='_ESBMC_Object_B2_ExtcallSuccess.$address' fn='_ESBMC_get_unique_address' nondet='c:solidity_address.c@4018@F@_ESBMC_get_unique_address@tmp'
   stack[2]: c:@F@_ESBMC_get_unique_address < sol:@C@B2_ExtcallSuccess@F@B2_ExtcallSuccess#
ce step: sym='<not-a-symbol>' name='this->$codehash' fn='' nondet='nondet$symex::nondet20'
   stack[1]: sol:@C@B2_ExtcallSuccess@F@B2_ExtcallSuccess#
ce step: sym='c:@F@_ESBMC_nondet_init_balance::$tmp::return_value$_nondet_uint256$1' name='return_value$_nondet_uint256$1' fn='_ESBMC_nondet_init_balance' nondet='nondet$symex::nondet21'
   stack[2]: c:@F@_ESBMC_nondet_init_balance < sol:@C@B2_ExtcallSuccess@F@B2_ExtcallSuccess#
ce step: sym='c:solidity_misc.c@1589@F@_ESBMC_nondet_init_balance@b' name='b' fn='_ESBMC_nondet_init_balance' nondet='c:@F@_ESBMC_nondet_init_balance::$tmp::return_value$_nondet_uint256$1'
   stack[2]: c:@F@_ESBMC_nondet_init_balance < sol:@C@B2_ExtcallSuccess@F@B2_ExtcallSuccess#
ce step: sym='<not-a-symbol>' name='_ESBMC_Object_B2_ExtcallSuccess.$balance' fn='_ESBMC_nondet_init_balance' nondet='c:solidity_misc.c@1589@F@_ESBMC_nondet_init_balance@b'
   stack[2]: c:@F@_ESBMC_nondet_init_balance < sol:@C@B2_ExtcallSuccess@F@B2_ExtcallSuccess#
ce step: sym='<not-a-symbol>' name='this->$code' fn='' nondet='nondet$symex::nondet22'
   stack[1]: sol:@C@B2_ExtcallSuccess@F@B2_ExtcallSuccess#
ce step: sym='<not-a-symbol>' name='this->_ESBMC_bind_cname' fn='' nondet='-'
   stack[1]: sol:@C@B2_ExtcallSuccess@F@B2_ExtcallSuccess#
ce step: sym='<not-a-symbol>' name='this->tag' fn='' nondet='-'
   stack[1]: sol:@C@B2_ExtcallSuccess@F@B2_ExtcallSuccess#
ce step: sym='c:@msg_data' name='msg_data' fn='_sol_per_tx_reseed' nondet='nondet$symex::nondet24'
   stack[2]: c:@F@_sol_per_tx_reseed < sol:@C@B2_ExtcallSuccess@F@_ESBMC_Main_B2_ExtcallSuccess#
ce step: sym='c:@F@_sol_per_tx_reseed::$tmp::return_value$_nondet_uint$1' name='return_value$_nondet_uint$1' fn='_sol_per_tx_reseed' nondet='nondet$symex::nondet25'
   stack[2]: c:@F@_sol_per_tx_reseed < sol:@C@B2_ExtcallSuccess@F@_ESBMC_Main_B2_ExtcallSuccess#
ce step: sym='c:@msg_sender' name='msg_sender' fn='_sol_per_tx_reseed' nondet='c:@F@_sol_per_tx_reseed::$tmp::return_value$_nondet_uint$1'
   stack[2]: c:@F@_sol_per_tx_reseed < sol:@C@B2_ExtcallSuccess@F@_ESBMC_Main_B2_ExtcallSuccess#
ce step: sym='c:@msg_value' name='msg_value' fn='_sol_per_tx_reseed' nondet='nondet$symex::nondet26'
   stack[2]: c:@F@_sol_per_tx_reseed < sol:@C@B2_ExtcallSuccess@F@_ESBMC_Main_B2_ExtcallSuccess#
ce step: sym='c:@F@_sol_per_tx_reseed::$tmp::return_value$_nondet_uint$2' name='return_value$_nondet_uint$2' fn='_sol_per_tx_reseed' nondet='nondet$symex::nondet27'
   stack[2]: c:@F@_sol_per_tx_reseed < sol:@C@B2_ExtcallSuccess@F@_ESBMC_Main_B2_ExtcallSuccess#
ce step: sym='c:@tx_origin' name='tx_origin' fn='_sol_per_tx_reseed' nondet='c:@F@_sol_per_tx_reseed::$tmp::return_value$_nondet_uint$2'
   stack[2]: c:@F@_sol_per_tx_reseed < sol:@C@B2_ExtcallSuccess@F@_ESBMC_Main_B2_ExtcallSuccess#
ce step: sym='c:@tx_gasprice' name='tx_gasprice' fn='_sol_per_tx_reseed' nondet='nondet$symex::nondet28'
   stack[2]: c:@F@_sol_per_tx_reseed < sol:@C@B2_ExtcallSuccess@F@_ESBMC_Main_B2_ExtcallSuccess#
ce step: sym='c:@F@_sol_per_tx_reseed::$tmp::return_value$_nondet_uint256$3' name='return_value$_nondet_uint256$3' fn='_sol_per_tx_reseed' nondet='nondet$symex::nondet29'
   stack[2]: c:@F@_sol_per_tx_reseed < sol:@C@B2_ExtcallSuccess@F@_ESBMC_Main_B2_ExtcallSuccess#
ce step: sym='c:solidity_misc.c@6424@F@_sol_per_tx_reseed@_new_bn' name='_new_bn' fn='_sol_per_tx_reseed' nondet='c:@F@_sol_per_tx_reseed::$tmp::return_value$_nondet_uint256$3'
   stack[2]: c:@F@_sol_per_tx_reseed < sol:@C@B2_ExtcallSuccess@F@_ESBMC_Main_B2_ExtcallSuccess#
ce step: sym='c:@block_number' name='block_number' fn='_sol_per_tx_reseed' nondet='c:solidity_misc.c@6424@F@_sol_per_tx_reseed@_new_bn'
   stack[2]: c:@F@_sol_per_tx_reseed < sol:@C@B2_ExtcallSuccess@F@_ESBMC_Main_B2_ExtcallSuccess#
ce step: sym='c:@F@_sol_per_tx_reseed::$tmp::return_value$_nondet_uint256$4' name='return_value$_nondet_uint256$4' fn='_sol_per_tx_reseed' nondet='nondet$symex::nondet30'
   stack[2]: c:@F@_sol_per_tx_reseed < sol:@C@B2_ExtcallSuccess@F@_ESBMC_Main_B2_ExtcallSuccess#
ce step: sym='c:solidity_misc.c@6534@F@_sol_per_tx_reseed@_new_ts' name='_new_ts' fn='_sol_per_tx_reseed' nondet='c:@F@_sol_per_tx_reseed::$tmp::return_value$_nondet_uint256$4'
   stack[2]: c:@F@_sol_per_tx_reseed < sol:@C@B2_ExtcallSuccess@F@_ESBMC_Main_B2_ExtcallSuccess#
ce step: sym='c:@block_timestamp' name='block_timestamp' fn='_sol_per_tx_reseed' nondet='c:solidity_misc.c@6534@F@_sol_per_tx_reseed@_new_ts'
   stack[2]: c:@F@_sol_per_tx_reseed < sol:@C@B2_ExtcallSuccess@F@_ESBMC_Main_B2_ExtcallSuccess#
ce step: sym='c:@block_basefee' name='block_basefee' fn='_sol_per_tx_reseed' nondet='nondet$symex::nondet31'
   stack[2]: c:@F@_sol_per_tx_reseed < sol:@C@B2_ExtcallSuccess@F@_ESBMC_Main_B2_ExtcallSuccess#
ce step: sym='c:@block_blobbasefee' name='block_blobbasefee' fn='_sol_per_tx_reseed' nondet='nondet$symex::nondet32'
   stack[2]: c:@F@_sol_per_tx_reseed < sol:@C@B2_ExtcallSuccess@F@_ESBMC_Main_B2_ExtcallSuccess#
ce step: sym='c:@F@_sol_per_tx_reseed::$tmp::return_value$_nondet_uint$5' name='return_value$_nondet_uint$5' fn='_sol_per_tx_reseed' nondet='nondet$symex::nondet33'
   stack[2]: c:@F@_sol_per_tx_reseed < sol:@C@B2_ExtcallSuccess@F@_ESBMC_Main_B2_ExtcallSuccess#
ce step: sym='c:@block_coinbase' name='block_coinbase' fn='_sol_per_tx_reseed' nondet='c:@F@_sol_per_tx_reseed::$tmp::return_value$_nondet_uint$5'
   stack[2]: c:@F@_sol_per_tx_reseed < sol:@C@B2_ExtcallSuccess@F@_ESBMC_Main_B2_ExtcallSuccess#
ce step: sym='c:@block_difficulty' name='block_difficulty' fn='_sol_per_tx_reseed' nondet='nondet$symex::nondet34'
   stack[2]: c:@F@_sol_per_tx_reseed < sol:@C@B2_ExtcallSuccess@F@_ESBMC_Main_B2_ExtcallSuccess#
ce step: sym='c:@block_gaslimit' name='block_gaslimit' fn='_sol_per_tx_reseed' nondet='nondet$symex::nondet35'
   stack[2]: c:@F@_sol_per_tx_reseed < sol:@C@B2_ExtcallSuccess@F@_ESBMC_Main_B2_ExtcallSuccess#
ce step: sym='c:@block_prevrandao' name='block_prevrandao' fn='_sol_per_tx_reseed' nondet='nondet$symex::nondet36'
   stack[2]: c:@F@_sol_per_tx_reseed < sol:@C@B2_ExtcallSuccess@F@_ESBMC_Main_B2_ExtcallSuccess#
ce step: sym='sol:@C@B2_ExtcallSuccess@_ESBMC_Nondet_Extcall_B2_ExtcallSuccess#::$tmp::return_value$_nondet_bool$1' name='return_value$_nondet_bool$1' fn='' nondet='nondet$symex::nondet37'
   stack[2]: sol:@C@B2_ExtcallSuccess@_ESBMC_Nondet_Extcall_B2_ExtcallSuccess# < sol:@C@B2_ExtcallSuccess@F@_ESBMC_Main_B2_ExtcallSuccess#
ce step: sym='sol:@C@B2_ExtcallSuccess@F@ctrlBool@amount#99' name='amount' fn='' nondet='nondet$symex::nondet38'
   stack[0]: <empty>
ce step: sym='sol:@C@B2_ExtcallSuccess@F@ctrlBool@ok#101' name='ok' fn='' nondet='nondet$symex::nondet39'
   stack[0]: <empty>
ce step: sym='path_cov::__ESBMC_path_tr$0' name='path_tr$0' fn='ctrlBool' nondet='-'
   stack[3]: sol:@C@B2_ExtcallSuccess@F@ctrlBool#121 < sol:@C@B2_ExtcallSuccess@_ESBMC_Nondet_Extcall_B2_ExtcallSuccess# < sol:@C@B2_ExtcallSuccess@F@_ESBMC_Main_B2_ExtcallSuccess#
ce step: sym='goto_symex::guard' name='goto_symex::guard' fn='ctrlBool' nondet='-'
   stack[3]: sol:@C@B2_ExtcallSuccess@F@ctrlBool#121 < sol:@C@B2_ExtcallSuccess@_ESBMC_Nondet_Extcall_B2_ExtcallSuccess# < sol:@C@B2_ExtcallSuccess@F@_ESBMC_Main_B2_ExtcallSuccess#
ce step: sym='path_cov::__ESBMC_path_tr$0' name='path_tr$0' fn='ctrlBool' nondet='-'
   stack[3]: sol:@C@B2_ExtcallSuccess@F@ctrlBool#121 < sol:@C@B2_ExtcallSuccess@_ESBMC_Nondet_Extcall_B2_ExtcallSuccess# < sol:@C@B2_ExtcallSuccess@F@_ESBMC_Main_B2_ExtcallSuccess#
ce step: sym='<not-a-symbol>' name='this->tag' fn='ctrlBool' nondet='-'
   stack[3]: sol:@C@B2_ExtcallSuccess@F@ctrlBool#121 < sol:@C@B2_ExtcallSuccess@_ESBMC_Nondet_Extcall_B2_ExtcallSuccess# < sol:@C@B2_ExtcallSuccess@F@_ESBMC_Main_B2_ExtcallSuccess#
ce step: sym='sol:@_ESBMC_Object_B2_ExtcallSuccess#' name='_ESBMC_Object_B2_ExtcallSuccess' fn='ctrlBool' nondet='-'
   stack[3]: sol:@C@B2_ExtcallSuccess@F@ctrlBool#121 < sol:@C@B2_ExtcallSuccess@_ESBMC_Nondet_Extcall_B2_ExtcallSuccess# < sol:@C@B2_ExtcallSuccess@F@_ESBMC_Main_B2_ExtcallSuccess#
ce step: sym='sol:@_ESBMC_Object_B2_ExtcallSuccess#' name='_ESBMC_Object_B2_ExtcallSuccess' fn='' nondet='sol:@_ESBMC_Object_B2_ExtcallSuccess#'
   stack[3]: sol:@C@B2_ExtcallSuccess@F@ctrlBool#121 < sol:@C@B2_ExtcallSuccess@_ESBMC_Nondet_Extcall_B2_ExtcallSuccess# < sol:@C@B2_ExtcallSuccess@F@_ESBMC_Main_B2_ExtcallSuccess#
ce step: sym='path_cov::__ESBMC_path_cnt$1' name='path_cnt$1' fn='' nondet='-'
   stack[3]: sol:@C@B2_ExtcallSuccess@F@ctrlBool#121 < sol:@C@B2_ExtcallSuccess@_ESBMC_Nondet_Extcall_B2_ExtcallSuccess# < sol:@C@B2_ExtcallSuccess@F@_ESBMC_Main_B2_ExtcallSuccess#
ce step: sym='sol:@_ESBMC_Object_B2_ExtcallSuccess#' name='_ESBMC_Object_B2_ExtcallSuccess' fn='' nondet='sol:@_ESBMC_Object_B2_ExtcallSuccess#'
   stack[3]: sol:@C@B2_ExtcallSuccess@F@ctrlBool#121 < sol:@C@B2_ExtcallSuccess@_ESBMC_Nondet_Extcall_B2_ExtcallSuccess# < sol:@C@B2_ExtcallSuccess@F@_ESBMC_Main_B2_ExtcallSuccess#
ce step: sym='path_cov::__ESBMC_path_tr$0' name='path_tr$0' fn='' nondet='path_cov::__ESBMC_path_tr$0'
   stack[3]: sol:@C@B2_ExtcallSuccess@F@ctrlBool#121 < sol:@C@B2_ExtcallSuccess@_ESBMC_Nondet_Extcall_B2_ExtcallSuccess# < sol:@C@B2_ExtcallSuccess@F@_ESBMC_Main_B2_ExtcallSuccess#
--solidity-path-coverage: CE journal cov-ce-journal.json updated after claim 2 of 3: 2 witnessed path(s) on disk, 2 with non-empty inputs (complete=false)

[Counterexample]


State 1 file /home/samson/workspace/esbmc/src/c2goto/library/solidity/solidity_blockchain.c line 73 column 1 thread 0
----------------------------------------------------
  block_timestamp = 0 (00000000 00000000 00000000 00000000 00000000 00000000 00000000 00000000 00000000 00000000 00000000 00000000 00000000 00000000 00000000 00000000 00000000 00000000 00000000 00000000 00000000 00000000 00000000 00000000 00000000 00000000 00000000 00000000 00000000 00000000 00000000 00000000)

State 2 file /home/samson/workspace/esbmc/src/c2goto/library/solidity/solidity_blockchain.c line 72 column 1 thread 0
----------------------------------------------------
  block_prevrandao = 0 (00000000 00000000 00000000 00000000 00000000 00000000 00000000 00000000 00000000 00000000 00000000 00000000 00000000 00000000 00000000 00000000 00000000 00000000 00000000 00000000 00000000 00000000 00000000 00000000 00000000 00000000 00000000 00000000 00000000 00000000 00000000 00000000)

State 3 file /home/samson/workspace/esbmc/src/c2goto/library/solidity/solidity_blockchain.c line 69 column 1 thread 0
----------------------------------------------------
  block_difficulty = 0 (00000000 00000000 00000000 00000000 00000000 00000000 00000000 00000000 00000000 00000000 00000000 00000000 00000000 00000000 00000000 00000000 00000000 00000000 00000000 00000000 00000000 00000000 00000000 00000000 00000000 00000000 00000000 00000000 00000000 00000000 00000000 00000000)

State 4 file /home/samson/workspace/esbmc/src/c2goto/library/solidity/solidity_blockchain.c line 62 column 1 thread 0
----------------------------------------------------
  tx_origin = 0 (00000000 00000000 00000000 00000000 00000000 00000000 00000000 00000000 00000000 00000000 00000000 00000000 00000000 00000000 00000000 00000000 00000000 00000000 00000000 00000000)

State 5 file /home/samson/workspace/esbmc/src/c2goto/library/solidity/solidity_blockchain.c line 65 column 1 thread 0
----------------------------------------------------
  block_basefee = 0 (00000000 00000000 00000000 00000000 00000000 00000000 00000000 00000000 00000000 00000000 00000000 00000000 00000000 00000000 00000000 00000000 00000000 00000000 00000000 00000000 00000000 00000000 00000000 00000000 00000000 00000000 00000000 00000000 00000000 00000000 00000000 00000000)

State 6 file /home/samson/workspace/esbmc/src/c2goto/library/solidity/solidity_blockchain.c line 71 column 1 thread 0
----------------------------------------------------
  block_number = 0 (00000000 00000000 00000000 00000000 00000000 00000000 00000000 00000000 00000000 00000000 00000000 00000000 00000000 00000000 00000000 00000000 00000000 00000000 00000000 00000000 00000000 00000000 00000000 00000000 00000000 00000000 00000000 00000000 00000000 00000000 00000000 00000000)

State 7 file /home/samson/workspace/esbmc/src/c2goto/library/solidity/solidity_blockchain.c line 30 column 1 thread 0
----------------------------------------------------
  msg_sig = 0 (00000000 00000000 00000000 00000000)

State 8 file /home/samson/workspace/esbmc/src/c2goto/library/solidity/solidity_blockchain.c line 67 column 1 thread 0
----------------------------------------------------
  block_chainid = 0 (00000000 00000000 00000000 00000000 00000000 00000000 00000000 00000000 00000000 00000000 00000000 00000000 00000000 00000000 00000000 00000000 00000000 00000000 00000000 00000000 00000000 00000000 00000000 00000000 00000000 00000000 00000000 00000000 00000000 00000000 00000000 00000000)

State 9 file /home/samson/workspace/esbmc/src/c2goto/library/solidity/solidity_blockchain.c line 70 column 1 thread 0
----------------------------------------------------
  block_gaslimit = 0 (00000000 00000000 00000000 00000000 00000000 00000000 00000000 00000000 00000000 00000000 00000000 00000000 00000000 00000000 00000000 00000000 00000000 00000000 00000000 00000000 00000000 00000000 00000000 00000000 00000000 00000000 00000000 00000000 00000000 00000000 00000000 00000000)

State 10 file /home/samson/workspace/esbmc/src/c2goto/library/solidity/solidity_blockchain.c line 29 column 1 thread 0
----------------------------------------------------
  msg_sender = 0 (00000000 00000000 00000000 00000000 00000000 00000000 00000000 00000000 00000000 00000000 00000000 00000000 00000000 00000000 00000000 00000000 00000000 00000000 00000000 00000000)

State 11 file /home/samson/workspace/esbmc/src/c2goto/library/solidity/solidity_blockchain.c line 31 column 1 thread 0
----------------------------------------------------
  msg_value = 0 (00000000 00000000 00000000 00000000 00000000 00000000 00000000 00000000 00000000 00000000 00000000 00000000 00000000 00000000 00000000 00000000 00000000 00000000 00000000 00000000 00000000 00000000 00000000 00000000 00000000 00000000 00000000 00000000 00000000 00000000 00000000 00000000)

State 12 file /home/samson/workspace/esbmc/src/c2goto/library/solidity/solidity_blockchain.c line 28 column 1 thread 0
----------------------------------------------------
  msg_data = 0 (00000000 00000000 00000000 00000000 00000000 00000000 00000000 00000000 00000000 00000000 00000000 00000000 00000000 00000000 00000000 00000000 00000000 00000000 00000000 00000000 00000000 00000000 00000000 00000000 00000000 00000000 00000000 00000000 00000000 00000000 00000000 00000000)

State 13 file /home/samson/workspace/esbmc/src/c2goto/library/solidity/solidity_blockchain.c line 66 column 1 thread 0
----------------------------------------------------
  block_blobbasefee = 0 (00000000 00000000 00000000 00000000 00000000 00000000 00000000 00000000 00000000 00000000 00000000 00000000 00000000 00000000 00000000 00000000 00000000 00000000 00000000 00000000 00000000 00000000 00000000 00000000 00000000 00000000 00000000 00000000 00000000 00000000 00000000 00000000)

State 14 file /home/samson/workspace/esbmc/src/c2goto/library/solidity/solidity_blockchain.c line 68 column 1 thread 0
----------------------------------------------------
  block_coinbase = 0 (00000000 00000000 00000000 00000000 00000000 00000000 00000000 00000000 00000000 00000000 00000000 00000000 00000000 00000000 00000000 00000000 00000000 00000000 00000000 00000000)

State 15 file /home/samson/workspace/esbmc/src/c2goto/library/solidity/solidity_blockchain.c line 61 column 1 thread 0
----------------------------------------------------
  tx_gasprice = 0 (00000000 00000000 00000000 00000000 00000000 00000000 00000000 00000000 00000000 00000000 00000000 00000000 00000000 00000000 00000000 00000000 00000000 00000000 00000000 00000000 00000000 00000000 00000000 00000000 00000000 00000000 00000000 00000000 00000000 00000000 00000000 00000000)

State 16  thread 0
----------------------------------------------------
  $B2_ExtcallSuccess_bind_cname_list = { 0 }

State 17 file /home/samson/workspace/esbmc/src/c2goto/library/solidity/solidity_misc.c line 122 column 14 function initialize thread 0
----------------------------------------------------
  msg_data = 0 (00000000 00000000 00000000 00000000 00000000 00000000 00000000 00000000 00000000 00000000 00000000 00000000 00000000 00000000 00000000 00000000 00000000 00000000 00000000 00000000 00000000 00000000 00000000 00000000 00000000 00000000 00000000 00000000 00000000 00000000 00000000 00000000)

State 18 file /home/samson/workspace/esbmc/src/c2goto/library/solidity/solidity_misc.c line 123 column 27 function initialize thread 0
----------------------------------------------------
  return_value$_nondet_uint$1 = 0 (00000000 00000000 00000000 00000000)

State 19 file /home/samson/workspace/esbmc/src/c2goto/library/solidity/solidity_misc.c line 123 column 3 function initialize thread 0
----------------------------------------------------
  msg_sender = 0 (00000000 00000000 00000000 00000000 00000000 00000000 00000000 00000000 00000000 00000000 00000000 00000000 00000000 00000000 00000000 00000000 00000000 00000000 00000000 00000000)

State 20 file /home/samson/workspace/esbmc/src/c2goto/library/solidity/solidity_misc.c line 124 column 13 function initialize thread 0
----------------------------------------------------
  msg_sig = 0 (00000000 00000000 00000000 00000000)

State 21 file /home/samson/workspace/esbmc/src/c2goto/library/solidity/solidity_misc.c line 125 column 15 function initialize thread 0
----------------------------------------------------
  msg_value = 0 (00000000 00000000 00000000 00000000 00000000 00000000 00000000 00000000 00000000 00000000 00000000 00000000 00000000 00000000 00000000 00000000 00000000 00000000 00000000 00000000 00000000 00000000 00000000 00000000 00000000 00000000 00000000 00000000 00000000 00000000 00000000 00000000)

State 22 file /home/samson/workspace/esbmc/src/c2goto/library/solidity/solidity_misc.c line 134 column 17 function initialize thread 0
----------------------------------------------------
  tx_gasprice = 0 (00000000 00000000 00000000 00000000 00000000 00000000 00000000 00000000 00000000 00000000 00000000 00000000 00000000 00000000 00000000 00000000 00000000 00000000 00000000 00000000 00000000 00000000 00000000 00000000 00000000 00000000 00000000 00000000 00000000 00000000 00000000 00000000)

State 23 file /home/samson/workspace/esbmc/src/c2goto/library/solidity/solidity_misc.c line 136 column 26 function initialize thread 0
----------------------------------------------------
  return_value$_nondet_uint$2 = 0 (00000000 00000000 00000000 00000000)

State 24 file /home/samson/workspace/esbmc/src/c2goto/library/solidity/solidity_misc.c line 136 column 3 function initialize thread 0
----------------------------------------------------
  tx_origin = 0 (00000000 00000000 00000000 00000000 00000000 00000000 00000000 00000000 00000000 00000000 00000000 00000000 00000000 00000000 00000000 00000000 00000000 00000000 00000000 00000000)

State 25 file /home/samson/workspace/esbmc/src/c2goto/library/solidity/solidity_misc.c line 138 column 19 function initialize thread 0
----------------------------------------------------
  block_basefee = 0 (00000000 00000000 00000000 00000000 00000000 00000000 00000000 00000000 00000000 00000000 00000000 00000000 00000000 00000000 00000000 00000000 00000000 00000000 00000000 00000000 00000000 00000000 00000000 00000000 00000000 00000000 00000000 00000000 00000000 00000000 00000000 00000000)

State 26 file /home/samson/workspace/esbmc/src/c2goto/library/solidity/solidity_misc.c line 139 column 23 function initialize thread 0
----------------------------------------------------
  block_blobbasefee = 0 (00000000 00000000 00000000 00000000 00000000 00000000 00000000 00000000 00000000 00000000 00000000 00000000 00000000 00000000 00000000 00000000 00000000 00000000 00000000 00000000 00000000 00000000 00000000 00000000 00000000 00000000 00000000 00000000 00000000 00000000 00000000 00000000)

State 27 file /home/samson/workspace/esbmc/src/c2goto/library/solidity/solidity_misc.c line 140 column 19 function initialize thread 0
----------------------------------------------------
  block_chainid = 0 (00000000 00000000 00000000 00000000 00000000 00000000 00000000 00000000 00000000 00000000 00000000 00000000 00000000 00000000 00000000 00000000 00000000 00000000 00000000 00000000 00000000 00000000 00000000 00000000 00000000 00000000 00000000 00000000 00000000 00000000 00000000 00000000)

State 28 file /home/samson/workspace/esbmc/src/c2goto/library/solidity/solidity_misc.c line 141 column 31 function initialize thread 0
----------------------------------------------------
  return_value$_nondet_uint$3 = 0 (00000000 00000000 00000000 00000000)

State 29 file /home/samson/workspace/esbmc/src/c2goto/library/solidity/solidity_misc.c line 141 column 3 function initialize thread 0
----------------------------------------------------
  block_coinbase = 0 (00000000 00000000 00000000 00000000 00000000 00000000 00000000 00000000 00000000 00000000 00000000 00000000 00000000 00000000 00000000 00000000 00000000 00000000 00000000 00000000)

State 30 file /home/samson/workspace/esbmc/src/c2goto/library/solidity/solidity_misc.c line 142 column 22 function initialize thread 0
----------------------------------------------------
  block_difficulty = 0 (00000000 00000000 00000000 00000000 00000000 00000000 00000000 00000000 00000000 00000000 00000000 00000000 00000000 00000000 00000000 00000000 00000000 00000000 00000000 00000000 00000000 00000000 00000000 00000000 00000000 00000000 00000000 00000000 00000000 00000000 00000000 00000000)

State 31 file /home/samson/workspace/esbmc/src/c2goto/library/solidity/solidity_misc.c line 143 column 20 function initialize thread 0
----------------------------------------------------
  block_gaslimit = 0 (00000000 00000000 00000000 00000000 00000000 00000000 00000000 00000000 00000000 00000000 00000000 00000000 00000000 00000000 00000000 00000000 00000000 00000000 00000000 00000000 00000000 00000000 00000000 00000000 00000000 00000000 00000000 00000000 00000000 00000000 00000000 00000000)

State 32 file /home/samson/workspace/esbmc/src/c2goto/library/solidity/solidity_misc.c line 144 column 18 function initialize thread 0
----------------------------------------------------
  block_number = 0xFFFFFFFFFFFFFFFFFFFFFFFFFFFFFFFFFFFFFFFFFFFFFFFFFFFFFFFFFFFFFFFF (11111111 11111111 11111111 11111111 11111111 11111111 11111111 11111111 11111111 11111111 11111111 11111111 11111111 11111111 11111111 11111111 11111111 11111111 11111111 11111111 11111111 11111111 11111111 11111111 11111111 11111111 11111111 11111111 11111111 11111111 11111111 11111111)

State 33 file /home/samson/workspace/esbmc/src/c2goto/library/solidity/solidity_misc.c line 145 column 22 function initialize thread 0
----------------------------------------------------
  block_prevrandao = 0 (00000000 00000000 00000000 00000000 00000000 00000000 00000000 00000000 00000000 00000000 00000000 00000000 00000000 00000000 00000000 00000000 00000000 00000000 00000000 00000000 00000000 00000000 00000000 00000000 00000000 00000000 00000000 00000000 00000000 00000000 00000000 00000000)

State 34 file /home/samson/workspace/esbmc/src/c2goto/library/solidity/solidity_misc.c line 146 column 21 function initialize thread 0
----------------------------------------------------
  block_timestamp = 0xFFFFFFFFFFFFFFFFFFFFFFFFFFFFFFFFFFFFFFFFFFFFFFFFFFFFFFFFFFFFFFFF (11111111 11111111 11111111 11111111 11111111 11111111 11111111 11111111 11111111 11111111 11111111 11111111 11111111 11111111 11111111 11111111 11111111 11111111 11111111 11111111 11111111 11111111 11111111 11111111 11111111 11111111 11111111 11111111 11111111 11111111 11111111 11111111)

State 35  thread 0
----------------------------------------------------
  $B2_ExtcallSuccess_bind_cname_list[0] = &"B2_ExtcallSuccess"[0]

State 36 file /home/samson/workspace/esbmc/src/c2goto/library/solidity/solidity_address.c line 95 column 32 function _ESBMC_get_unique_address thread 0
----------------------------------------------------
  return_value$_nondet_uint$1 = 4294967295 (11111111 11111111 11111111 11111111)

State 37 file /home/samson/workspace/esbmc/src/c2goto/library/solidity/solidity_address.c line 95 column 5 function _ESBMC_get_unique_address thread 0
----------------------------------------------------
  tmp = 4294967295 (00000000 00000000 00000000 00000000 00000000 00000000 00000000 00000000 00000000 00000000 00000000 00000000 00000000 00000000 00000000 00000000 11111111 11111111 11111111 11111111)

State 39 file /home/samson/workspace/esbmc/src/c2goto/library/solidity/solidity_address.c line 114 column 5 function _ESBMC_get_unique_address thread 0
----------------------------------------------------
  _ESBMC_Object_B2_ExtcallSuccess.$address = { .tag=nil, .anon_pad$1=nil, .$address=tmp, .anon_pad$3=nil,
    .$codehash=nil, .$balance=nil, .$code=nil,
    ._ESBMC_bind_cname=nil, .anon_pad$8=nil }

State 40  thread 0
----------------------------------------------------
  this->$codehash = { .tag=0, .anon_pad$1=0, .$address=4294967295, .anon_pad$3=0,
    .$codehash=0, .$balance=0, .$code=0,
    ._ESBMC_bind_cname={ .pointer_object=nil, .pointer_offset=nil }, .anon_pad$8=0 }

State 41 file /home/samson/workspace/esbmc/src/c2goto/library/solidity/solidity_misc.c line 44 column 17 function _ESBMC_nondet_init_balance thread 0
----------------------------------------------------
  return_value$_nondet_uint256$1 = 0 (00000000 00000000 00000000 00000000 00000000 00000000 00000000 00000000 00000000 00000000 00000000 00000000 00000000 00000000 00000000 00000000 00000000 00000000 00000000 00000000 00000000 00000000 00000000 00000000 00000000 00000000 00000000 00000000 00000000 00000000 00000000 00000000)

State 42 file /home/samson/workspace/esbmc/src/c2goto/library/solidity/solidity_misc.c line 44 column 3 function _ESBMC_nondet_init_balance thread 0
----------------------------------------------------
  b = 0 (00000000 00000000 00000000 00000000 00000000 00000000 00000000 00000000 00000000 00000000 00000000 00000000 00000000 00000000 00000000 00000000 00000000 00000000 00000000 00000000 00000000 00000000 00000000 00000000 00000000 00000000 00000000 00000000 00000000 00000000 00000000 00000000)

State 44 file /home/samson/workspace/esbmc/src/c2goto/library/solidity/solidity_misc.c line 46 column 3 function _ESBMC_nondet_init_balance thread 0
----------------------------------------------------
  _ESBMC_Object_B2_ExtcallSuccess.$balance = { .tag=0, .anon_pad$1=0, .$address=4294967295, .anon_pad$3=0,
    .$codehash=0, .$balance=0, .$code=0,
    ._ESBMC_bind_cname={ .pointer_object=nil, .pointer_offset=nil }, .anon_pad$8=0 }

State 45  thread 0
----------------------------------------------------
  this->$code = { .tag=0, .anon_pad$1=0, .$address=4294967295, .anon_pad$3=0,
    .$codehash=0, .$balance=0, .$code=0,
    ._ESBMC_bind_cname={ .pointer_object=nil, .pointer_offset=nil }, .anon_pad$8=0 }

State 46  thread 0
----------------------------------------------------
  this->_ESBMC_bind_cname = { .tag=0, .anon_pad$1=0, .$address=4294967295, .anon_pad$3=0,
    .$codehash=0, .$balance=0, .$code=0,
    ._ESBMC_bind_cname=&"B2_ExtcallSuccess"[0], .anon_pad$8=0 }

State 47  thread 0
----------------------------------------------------
  this->tag = { .tag=0, .anon_pad$1=0, .$address=4294967295, .anon_pad$3=0,
    .$codehash=0, .$balance=0, .$code=0,
    ._ESBMC_bind_cname=&"B2_ExtcallSuccess"[0], .anon_pad$8=0 }

State 48 file /home/samson/workspace/esbmc/src/c2goto/library/solidity/solidity_misc.c line 169 column 14 function _sol_per_tx_reseed thread 0
----------------------------------------------------
  msg_data = 0 (00000000 00000000 00000000 00000000 00000000 00000000 00000000 00000000 00000000 00000000 00000000 00000000 00000000 00000000 00000000 00000000 00000000 00000000 00000000 00000000 00000000 00000000 00000000 00000000 00000000 00000000 00000000 00000000 00000000 00000000 00000000 00000000)

State 49 file /home/samson/workspace/esbmc/src/c2goto/library/solidity/solidity_misc.c line 170 column 27 function _sol_per_tx_reseed thread 0
----------------------------------------------------
  return_value$_nondet_uint$1 = 0 (00000000 00000000 00000000 00000000)

State 50 file /home/samson/workspace/esbmc/src/c2goto/library/solidity/solidity_misc.c line 170 column 3 function _sol_per_tx_reseed thread 0
----------------------------------------------------
  msg_sender = 0 (00000000 00000000 00000000 00000000 00000000 00000000 00000000 00000000 00000000 00000000 00000000 00000000 00000000 00000000 00000000 00000000 00000000 00000000 00000000 00000000)

State 51 file /home/samson/workspace/esbmc/src/c2goto/library/solidity/solidity_misc.c line 171 column 15 function _sol_per_tx_reseed thread 0
----------------------------------------------------
  msg_value = 0 (00000000 00000000 00000000 00000000 00000000 00000000 00000000 00000000 00000000 00000000 00000000 00000000 00000000 00000000 00000000 00000000 00000000 00000000 00000000 00000000 00000000 00000000 00000000 00000000 00000000 00000000 00000000 00000000 00000000 00000000 00000000 00000000)

State 52 file /home/samson/workspace/esbmc/src/c2goto/library/solidity/solidity_misc.c line 172 column 26 function _sol_per_tx_reseed thread 0
----------------------------------------------------
  return_value$_nondet_uint$2 = 0 (00000000 00000000 00000000 00000000)

State 53 file /home/samson/workspace/esbmc/src/c2goto/library/solidity/solidity_misc.c line 172 column 3 function _sol_per_tx_reseed thread 0
----------------------------------------------------
  tx_origin = 0 (00000000 00000000 00000000 00000000 00000000 00000000 00000000 00000000 00000000 00000000 00000000 00000000 00000000 00000000 00000000 00000000 00000000 00000000 00000000 00000000)

State 54 file /home/samson/workspace/esbmc/src/c2goto/library/solidity/solidity_misc.c line 173 column 17 function _sol_per_tx_reseed thread 0
----------------------------------------------------
  tx_gasprice = 0 (00000000 00000000 00000000 00000000 00000000 00000000 00000000 00000000 00000000 00000000 00000000 00000000 00000000 00000000 00000000 00000000 00000000 00000000 00000000 00000000 00000000 00000000 00000000 00000000 00000000 00000000 00000000 00000000 00000000 00000000 00000000 00000000)

State 55 file /home/samson/workspace/esbmc/src/c2goto/library/solidity/solidity_misc.c line 192 column 23 function _sol_per_tx_reseed thread 0
----------------------------------------------------
  return_value$_nondet_uint256$3 = 0xFFFFFFFFFFFFFFFFFFFFFFFFFFFFFFFFFFFFFFFFFFFFFFFFFFFFFFFFFFFFFFFF (11111111 11111111 11111111 11111111 11111111 11111111 11111111 11111111 11111111 11111111 11111111 11111111 11111111 11111111 11111111 11111111 11111111 11111111 11111111 11111111 11111111 11111111 11111111 11111111 11111111 11111111 11111111 11111111 11111111 11111111 11111111 11111111)

State 56 file /home/samson/workspace/esbmc/src/c2goto/library/solidity/solidity_misc.c line 192 column 3 function _sol_per_tx_reseed thread 0
----------------------------------------------------
  _new_bn = 0xFFFFFFFFFFFFFFFFFFFFFFFFFFFFFFFFFFFFFFFFFFFFFFFFFFFFFFFFFFFFFFFF (11111111 11111111 11111111 11111111 11111111 11111111 11111111 11111111 11111111 11111111 11111111 11111111 11111111 11111111 11111111 11111111 11111111 11111111 11111111 11111111 11111111 11111111 11111111 11111111 11111111 11111111 11111111 11111111 11111111 11111111 11111111 11111111)

State 58 file /home/samson/workspace/esbmc/src/c2goto/library/solidity/solidity_misc.c line 194 column 3 function _sol_per_tx_reseed thread 0
----------------------------------------------------
  block_number = 0xFFFFFFFFFFFFFFFFFFFFFFFFFFFFFFFFFFFFFFFFFFFFFFFFFFFFFFFFFFFFFFFF (11111111 11111111 11111111 11111111 11111111 11111111 11111111 11111111 11111111 11111111 11111111 11111111 11111111 11111111 11111111 11111111 11111111 11111111 11111111 11111111 11111111 11111111 11111111 11111111 11111111 11111111 11111111 11111111 11111111 11111111 11111111 11111111)

State 59 file /home/samson/workspace/esbmc/src/c2goto/library/solidity/solidity_misc.c line 196 column 23 function _sol_per_tx_reseed thread 0
----------------------------------------------------
  return_value$_nondet_uint256$4 = 0xFFFFFFFFFFFFFFFFFFFFFFFFFFFFFFFFFFFFFFFFFFFFFFFFFFFFFFFFFFFFFFFF (11111111 11111111 11111111 11111111 11111111 11111111 11111111 11111111 11111111 11111111 11111111 11111111 11111111 11111111 11111111 11111111 11111111 11111111 11111111 11111111 11111111 11111111 11111111 11111111 11111111 11111111 11111111 11111111 11111111 11111111 11111111 11111111)

State 60 file /home/samson/workspace/esbmc/src/c2goto/library/solidity/solidity_misc.c line 196 column 3 function _sol_per_tx_reseed thread 0
----------------------------------------------------
  _new_ts = 0xFFFFFFFFFFFFFFFFFFFFFFFFFFFFFFFFFFFFFFFFFFFFFFFFFFFFFFFFFFFFFFFF (11111111 11111111 11111111 11111111 11111111 11111111 11111111 11111111 11111111 11111111 11111111 11111111 11111111 11111111 11111111 11111111 11111111 11111111 11111111 11111111 11111111 11111111 11111111 11111111 11111111 11111111 11111111 11111111 11111111 11111111 11111111 11111111)

State 62 file /home/samson/workspace/esbmc/src/c2goto/library/solidity/solidity_misc.c line 198 column 3 function _sol_per_tx_reseed thread 0
----------------------------------------------------
  block_timestamp = 0xFFFFFFFFFFFFFFFFFFFFFFFFFFFFFFFFFFFFFFFFFFFFFFFFFFFFFFFFFFFFFFFF (11111111 11111111 11111111 11111111 11111111 11111111 11111111 11111111 11111111 11111111 11111111 11111111 11111111 11111111 11111111 11111111 11111111 11111111 11111111 11111111 11111111 11111111 11111111 11111111 11111111 11111111 11111111 11111111 11111111 11111111 11111111 11111111)

State 63 file /home/samson/workspace/esbmc/src/c2goto/library/solidity/solidity_misc.c line 200 column 19 function _sol_per_tx_reseed thread 0
----------------------------------------------------
  block_basefee = 0 (00000000 00000000 00000000 00000000 00000000 00000000 00000000 00000000 00000000 00000000 00000000 00000000 00000000 00000000 00000000 00000000 00000000 00000000 00000000 00000000 00000000 00000000 00000000 00000000 00000000 00000000 00000000 00000000 00000000 00000000 00000000 00000000)

State 64 file /home/samson/workspace/esbmc/src/c2goto/library/solidity/solidity_misc.c line 201 column 23 function _sol_per_tx_reseed thread 0
----------------------------------------------------
  block_blobbasefee = 0 (00000000 00000000 00000000 00000000 00000000 00000000 00000000 00000000 00000000 00000000 00000000 00000000 00000000 00000000 00000000 00000000 00000000 00000000 00000000 00000000 00000000 00000000 00000000 00000000 00000000 00000000 00000000 00000000 00000000 00000000 00000000 00000000)

State 65 file /home/samson/workspace/esbmc/src/c2goto/library/solidity/solidity_misc.c line 202 column 31 function _sol_per_tx_reseed thread 0
----------------------------------------------------
  return_value$_nondet_uint$5 = 0 (00000000 00000000 00000000 00000000)

State 66 file /home/samson/workspace/esbmc/src/c2goto/library/solidity/solidity_misc.c line 202 column 3 function _sol_per_tx_reseed thread 0
----------------------------------------------------
  block_coinbase = 0 (00000000 00000000 00000000 00000000 00000000 00000000 00000000 00000000 00000000 00000000 00000000 00000000 00000000 00000000 00000000 00000000 00000000 00000000 00000000 00000000)

State 67 file /home/samson/workspace/esbmc/src/c2goto/library/solidity/solidity_misc.c line 203 column 22 function _sol_per_tx_reseed thread 0
----------------------------------------------------
  block_difficulty = 0 (00000000 00000000 00000000 00000000 00000000 00000000 00000000 00000000 00000000 00000000 00000000 00000000 00000000 00000000 00000000 00000000 00000000 00000000 00000000 00000000 00000000 00000000 00000000 00000000 00000000 00000000 00000000 00000000 00000000 00000000 00000000 00000000)

State 68 file /home/samson/workspace/esbmc/src/c2goto/library/solidity/solidity_misc.c line 204 column 20 function _sol_per_tx_reseed thread 0
----------------------------------------------------
  block_gaslimit = 0 (00000000 00000000 00000000 00000000 00000000 00000000 00000000 00000000 00000000 00000000 00000000 00000000 00000000 00000000 00000000 00000000 00000000 00000000 00000000 00000000 00000000 00000000 00000000 00000000 00000000 00000000 00000000 00000000 00000000 00000000 00000000 00000000)

State 69 file /home/samson/workspace/esbmc/src/c2goto/library/solidity/solidity_misc.c line 205 column 22 function _sol_per_tx_reseed thread 0
----------------------------------------------------
  block_prevrandao = 0 (00000000 00000000 00000000 00000000 00000000 00000000 00000000 00000000 00000000 00000000 00000000 00000000 00000000 00000000 00000000 00000000 00000000 00000000 00000000 00000000 00000000 00000000 00000000 00000000 00000000 00000000 00000000 00000000 00000000 00000000 00000000 00000000)

State 70  thread 0
----------------------------------------------------
  return_value$_nondet_bool$1 = 1

State 71  thread 0
----------------------------------------------------
  amount = 0 (00000000 00000000 00000000 00000000 00000000 00000000 00000000 00000000 00000000 00000000 00000000 00000000 00000000 00000000 00000000 00000000 00000000 00000000 00000000 00000000 00000000 00000000 00000000 00000000 00000000 00000000 00000000 00000000 00000000 00000000 00000000 00000000)

State 72  thread 0
----------------------------------------------------
  ok = 1

State 73 file notes/coverage/poc/B2_ExtcallSuccess.sol line 273 function ctrlBool thread 0
----------------------------------------------------
  path_tr$0 = 3 (00000000 00000000 00000000 00000000 00000000 00000000 00000000 00000011)

State 74 file notes/coverage/poc/B2_ExtcallSuccess.sol line 273 function ctrlBool thread 0
----------------------------------------------------
  goto_symex::guard = 0

State 75 file notes/coverage/poc/B2_ExtcallSuccess.sol line 274 function ctrlBool thread 0
----------------------------------------------------
  path_tr$0 = 6 (00000000 00000000 00000000 00000000 00000000 00000000 00000000 00000110)

State 76 file notes/coverage/poc/B2_ExtcallSuccess.sol line 275 function ctrlBool thread 0
----------------------------------------------------
  this->tag = { .tag=1, .anon_pad$1=0, .$address=4294967295, .anon_pad$3=0,
    .$codehash=0, .$balance=0, .$code=0,
    ._ESBMC_bind_cname=&"B2_ExtcallSuccess"[0], .anon_pad$8=0 }

State 77 file notes/coverage/poc/B2_ExtcallSuccess.sol line 277 function ctrlBool thread 0
----------------------------------------------------
  _ESBMC_Object_B2_ExtcallSuccess = { .tag=0, .anon_pad$1=0, .$address=4294967295, .anon_pad$3=0,
    .$codehash=0, .$balance=0, .$code=0,
    ._ESBMC_bind_cname=&"B2_ExtcallSuccess"[0], .anon_pad$8=0 }

State 78  thread 0
----------------------------------------------------
  _ESBMC_Object_B2_ExtcallSuccess = { .tag=1, .anon_pad$1=0, .$address=4294967295, .anon_pad$3=0,
    .$codehash=0, .$balance=0, .$code=0,
    ._ESBMC_bind_cname=&"B2_ExtcallSuccess"[0], .anon_pad$8=0 }

State 82  thread 0
----------------------------------------------------
Violated property:
  sol:@C@B2_ExtcallSuccess@F@ctrlBool#121:path:6
  path_tr$0 != 6 || path_cnt$1 != 2

Slicing time: 0.000s (removed 0 assignments)
Solving claim 'ctrlBool:path:2 at' with solver Bitwuzla 0.8.2
Encoding remaining VCC(s) using bit-vector/floating-point arithmetic
Encoding to solver time: 0.000s
Solving with solver Bitwuzla 0.8.2
Runtime decision procedure: 0.002s
✗ FAILED: 'ctrlBool:path:2 at'
ce step: sym='c:@block_timestamp' name='block_timestamp' fn='' nondet='-'
   stack[0]: <empty>
ce step: sym='c:@block_prevrandao' name='block_prevrandao' fn='' nondet='-'
   stack[0]: <empty>
ce step: sym='c:@block_difficulty' name='block_difficulty' fn='' nondet='-'
   stack[0]: <empty>
ce step: sym='c:@tx_origin' name='tx_origin' fn='' nondet='-'
   stack[0]: <empty>
ce step: sym='c:@block_basefee' name='block_basefee' fn='' nondet='-'
   stack[0]: <empty>
ce step: sym='c:@block_number' name='block_number' fn='' nondet='-'
   stack[0]: <empty>
ce step: sym='c:@msg_sig' name='msg_sig' fn='' nondet='-'
   stack[0]: <empty>
ce step: sym='c:@block_chainid' name='block_chainid' fn='' nondet='-'
   stack[0]: <empty>
ce step: sym='c:@block_gaslimit' name='block_gaslimit' fn='' nondet='-'
   stack[0]: <empty>
ce step: sym='c:@msg_sender' name='msg_sender' fn='' nondet='-'
   stack[0]: <empty>
ce step: sym='c:@msg_value' name='msg_value' fn='' nondet='-'
   stack[0]: <empty>
ce step: sym='c:@msg_data' name='msg_data' fn='' nondet='-'
   stack[0]: <empty>
ce step: sym='c:@block_blobbasefee' name='block_blobbasefee' fn='' nondet='-'
   stack[0]: <empty>
ce step: sym='c:@block_coinbase' name='block_coinbase' fn='' nondet='-'
   stack[0]: <empty>
ce step: sym='c:@tx_gasprice' name='tx_gasprice' fn='' nondet='-'
   stack[0]: <empty>
ce step: sym='sol:@C@B2_ExtcallSuccess@$B2_ExtcallSuccess_bind_cname_list' name='$B2_ExtcallSuccess_bind_cname_list' fn='' nondet='-'
   stack[0]: <empty>
ce step: sym='c:@msg_data' name='msg_data' fn='initialize' nondet='nondet$symex::nondet3'
   stack[3]: c:@F@initialize < sol:@F@_sol_init_ < sol:@C@B2_ExtcallSuccess@F@B2_ExtcallSuccess#
ce step: sym='c:@F@initialize::$tmp::return_value$_nondet_uint$1' name='return_value$_nondet_uint$1' fn='initialize' nondet='nondet$symex::nondet4'
   stack[3]: c:@F@initialize < sol:@F@_sol_init_ < sol:@C@B2_ExtcallSuccess@F@B2_ExtcallSuccess#
ce step: sym='c:@msg_sender' name='msg_sender' fn='initialize' nondet='c:@F@initialize::$tmp::return_value$_nondet_uint$1'
   stack[3]: c:@F@initialize < sol:@F@_sol_init_ < sol:@C@B2_ExtcallSuccess@F@B2_ExtcallSuccess#
ce step: sym='c:@msg_sig' name='msg_sig' fn='initialize' nondet='nondet$symex::nondet5'
   stack[3]: c:@F@initialize < sol:@F@_sol_init_ < sol:@C@B2_ExtcallSuccess@F@B2_ExtcallSuccess#
ce step: sym='c:@msg_value' name='msg_value' fn='initialize' nondet='nondet$symex::nondet6'
   stack[3]: c:@F@initialize < sol:@F@_sol_init_ < sol:@C@B2_ExtcallSuccess@F@B2_ExtcallSuccess#
ce step: sym='c:@tx_gasprice' name='tx_gasprice' fn='initialize' nondet='nondet$symex::nondet7'
   stack[3]: c:@F@initialize < sol:@F@_sol_init_ < sol:@C@B2_ExtcallSuccess@F@B2_ExtcallSuccess#
ce step: sym='c:@F@initialize::$tmp::return_value$_nondet_uint$2' name='return_value$_nondet_uint$2' fn='initialize' nondet='nondet$symex::nondet8'
   stack[3]: c:@F@initialize < sol:@F@_sol_init_ < sol:@C@B2_ExtcallSuccess@F@B2_ExtcallSuccess#
ce step: sym='c:@tx_origin' name='tx_origin' fn='initialize' nondet='c:@F@initialize::$tmp::return_value$_nondet_uint$2'
   stack[3]: c:@F@initialize < sol:@F@_sol_init_ < sol:@C@B2_ExtcallSuccess@F@B2_ExtcallSuccess#
ce step: sym='c:@block_basefee' name='block_basefee' fn='initialize' nondet='nondet$symex::nondet9'
   stack[3]: c:@F@initialize < sol:@F@_sol_init_ < sol:@C@B2_ExtcallSuccess@F@B2_ExtcallSuccess#
ce step: sym='c:@block_blobbasefee' name='block_blobbasefee' fn='initialize' nondet='nondet$symex::nondet10'
   stack[3]: c:@F@initialize < sol:@F@_sol_init_ < sol:@C@B2_ExtcallSuccess@F@B2_ExtcallSuccess#
ce step: sym='c:@block_chainid' name='block_chainid' fn='initialize' nondet='nondet$symex::nondet11'
   stack[3]: c:@F@initialize < sol:@F@_sol_init_ < sol:@C@B2_ExtcallSuccess@F@B2_ExtcallSuccess#
ce step: sym='c:@F@initialize::$tmp::return_value$_nondet_uint$3' name='return_value$_nondet_uint$3' fn='initialize' nondet='nondet$symex::nondet12'
   stack[3]: c:@F@initialize < sol:@F@_sol_init_ < sol:@C@B2_ExtcallSuccess@F@B2_ExtcallSuccess#
ce step: sym='c:@block_coinbase' name='block_coinbase' fn='initialize' nondet='c:@F@initialize::$tmp::return_value$_nondet_uint$3'
   stack[3]: c:@F@initialize < sol:@F@_sol_init_ < sol:@C@B2_ExtcallSuccess@F@B2_ExtcallSuccess#
ce step: sym='c:@block_difficulty' name='block_difficulty' fn='initialize' nondet='nondet$symex::nondet13'
   stack[3]: c:@F@initialize < sol:@F@_sol_init_ < sol:@C@B2_ExtcallSuccess@F@B2_ExtcallSuccess#
ce step: sym='c:@block_gaslimit' name='block_gaslimit' fn='initialize' nondet='nondet$symex::nondet14'
   stack[3]: c:@F@initialize < sol:@F@_sol_init_ < sol:@C@B2_ExtcallSuccess@F@B2_ExtcallSuccess#
ce step: sym='c:@block_number' name='block_number' fn='initialize' nondet='nondet$symex::nondet15'
   stack[3]: c:@F@initialize < sol:@F@_sol_init_ < sol:@C@B2_ExtcallSuccess@F@B2_ExtcallSuccess#
ce step: sym='c:@block_prevrandao' name='block_prevrandao' fn='initialize' nondet='nondet$symex::nondet16'
   stack[3]: c:@F@initialize < sol:@F@_sol_init_ < sol:@C@B2_ExtcallSuccess@F@B2_ExtcallSuccess#
ce step: sym='c:@block_timestamp' name='block_timestamp' fn='initialize' nondet='nondet$symex::nondet17'
   stack[3]: c:@F@initialize < sol:@F@_sol_init_ < sol:@C@B2_ExtcallSuccess@F@B2_ExtcallSuccess#
ce step: sym='<not-a-symbol>' name='$B2_ExtcallSuccess_bind_cname_list[0]' fn='' nondet='-'
   stack[3]: sol:@F@initialize_B2_ExtcallSuccess_bind_cname# < sol:@F@_sol_init_ < sol:@C@B2_ExtcallSuccess@F@B2_ExtcallSuccess#
ce step: sym='c:@F@_ESBMC_get_unique_address::$tmp::return_value$_nondet_uint$1' name='return_value$_nondet_uint$1' fn='_ESBMC_get_unique_address' nondet='nondet$symex::nondet19'
   stack[2]: c:@F@_ESBMC_get_unique_address < sol:@C@B2_ExtcallSuccess@F@B2_ExtcallSuccess#
ce step: sym='c:solidity_address.c@4018@F@_ESBMC_get_unique_address@tmp' name='tmp' fn='_ESBMC_get_unique_address' nondet='c:@F@_ESBMC_get_unique_address::$tmp::return_value$_nondet_uint$1'
   stack[2]: c:@F@_ESBMC_get_unique_address < sol:@C@B2_ExtcallSuccess@F@B2_ExtcallSuccess#
ce step: sym='<not-a-symbol>' name='_ESBMC_Object_B2_ExtcallSuccess.$address' fn='_ESBMC_get_unique_address' nondet='c:solidity_address.c@4018@F@_ESBMC_get_unique_address@tmp'
   stack[2]: c:@F@_ESBMC_get_unique_address < sol:@C@B2_ExtcallSuccess@F@B2_ExtcallSuccess#
ce step: sym='<not-a-symbol>' name='this->$codehash' fn='' nondet='nondet$symex::nondet20'
   stack[1]: sol:@C@B2_ExtcallSuccess@F@B2_ExtcallSuccess#
ce step: sym='c:@F@_ESBMC_nondet_init_balance::$tmp::return_value$_nondet_uint256$1' name='return_value$_nondet_uint256$1' fn='_ESBMC_nondet_init_balance' nondet='nondet$symex::nondet21'
   stack[2]: c:@F@_ESBMC_nondet_init_balance < sol:@C@B2_ExtcallSuccess@F@B2_ExtcallSuccess#
ce step: sym='c:solidity_misc.c@1589@F@_ESBMC_nondet_init_balance@b' name='b' fn='_ESBMC_nondet_init_balance' nondet='c:@F@_ESBMC_nondet_init_balance::$tmp::return_value$_nondet_uint256$1'
   stack[2]: c:@F@_ESBMC_nondet_init_balance < sol:@C@B2_ExtcallSuccess@F@B2_ExtcallSuccess#
ce step: sym='<not-a-symbol>' name='_ESBMC_Object_B2_ExtcallSuccess.$balance' fn='_ESBMC_nondet_init_balance' nondet='c:solidity_misc.c@1589@F@_ESBMC_nondet_init_balance@b'
   stack[2]: c:@F@_ESBMC_nondet_init_balance < sol:@C@B2_ExtcallSuccess@F@B2_ExtcallSuccess#
ce step: sym='<not-a-symbol>' name='this->$code' fn='' nondet='nondet$symex::nondet22'
   stack[1]: sol:@C@B2_ExtcallSuccess@F@B2_ExtcallSuccess#
ce step: sym='<not-a-symbol>' name='this->_ESBMC_bind_cname' fn='' nondet='-'
   stack[1]: sol:@C@B2_ExtcallSuccess@F@B2_ExtcallSuccess#
ce step: sym='<not-a-symbol>' name='this->tag' fn='' nondet='-'
   stack[1]: sol:@C@B2_ExtcallSuccess@F@B2_ExtcallSuccess#
ce step: sym='c:@msg_data' name='msg_data' fn='_sol_per_tx_reseed' nondet='nondet$symex::nondet24'
   stack[2]: c:@F@_sol_per_tx_reseed < sol:@C@B2_ExtcallSuccess@F@_ESBMC_Main_B2_ExtcallSuccess#
ce step: sym='c:@F@_sol_per_tx_reseed::$tmp::return_value$_nondet_uint$1' name='return_value$_nondet_uint$1' fn='_sol_per_tx_reseed' nondet='nondet$symex::nondet25'
   stack[2]: c:@F@_sol_per_tx_reseed < sol:@C@B2_ExtcallSuccess@F@_ESBMC_Main_B2_ExtcallSuccess#
ce step: sym='c:@msg_sender' name='msg_sender' fn='_sol_per_tx_reseed' nondet='c:@F@_sol_per_tx_reseed::$tmp::return_value$_nondet_uint$1'
   stack[2]: c:@F@_sol_per_tx_reseed < sol:@C@B2_ExtcallSuccess@F@_ESBMC_Main_B2_ExtcallSuccess#
ce step: sym='c:@msg_value' name='msg_value' fn='_sol_per_tx_reseed' nondet='nondet$symex::nondet26'
   stack[2]: c:@F@_sol_per_tx_reseed < sol:@C@B2_ExtcallSuccess@F@_ESBMC_Main_B2_ExtcallSuccess#
ce step: sym='c:@F@_sol_per_tx_reseed::$tmp::return_value$_nondet_uint$2' name='return_value$_nondet_uint$2' fn='_sol_per_tx_reseed' nondet='nondet$symex::nondet27'
   stack[2]: c:@F@_sol_per_tx_reseed < sol:@C@B2_ExtcallSuccess@F@_ESBMC_Main_B2_ExtcallSuccess#
ce step: sym='c:@tx_origin' name='tx_origin' fn='_sol_per_tx_reseed' nondet='c:@F@_sol_per_tx_reseed::$tmp::return_value$_nondet_uint$2'
   stack[2]: c:@F@_sol_per_tx_reseed < sol:@C@B2_ExtcallSuccess@F@_ESBMC_Main_B2_ExtcallSuccess#
ce step: sym='c:@tx_gasprice' name='tx_gasprice' fn='_sol_per_tx_reseed' nondet='nondet$symex::nondet28'
   stack[2]: c:@F@_sol_per_tx_reseed < sol:@C@B2_ExtcallSuccess@F@_ESBMC_Main_B2_ExtcallSuccess#
ce step: sym='c:@F@_sol_per_tx_reseed::$tmp::return_value$_nondet_uint256$3' name='return_value$_nondet_uint256$3' fn='_sol_per_tx_reseed' nondet='nondet$symex::nondet29'
   stack[2]: c:@F@_sol_per_tx_reseed < sol:@C@B2_ExtcallSuccess@F@_ESBMC_Main_B2_ExtcallSuccess#
ce step: sym='c:solidity_misc.c@6424@F@_sol_per_tx_reseed@_new_bn' name='_new_bn' fn='_sol_per_tx_reseed' nondet='c:@F@_sol_per_tx_reseed::$tmp::return_value$_nondet_uint256$3'
   stack[2]: c:@F@_sol_per_tx_reseed < sol:@C@B2_ExtcallSuccess@F@_ESBMC_Main_B2_ExtcallSuccess#
ce step: sym='c:@block_number' name='block_number' fn='_sol_per_tx_reseed' nondet='c:solidity_misc.c@6424@F@_sol_per_tx_reseed@_new_bn'
   stack[2]: c:@F@_sol_per_tx_reseed < sol:@C@B2_ExtcallSuccess@F@_ESBMC_Main_B2_ExtcallSuccess#
ce step: sym='c:@F@_sol_per_tx_reseed::$tmp::return_value$_nondet_uint256$4' name='return_value$_nondet_uint256$4' fn='_sol_per_tx_reseed' nondet='nondet$symex::nondet30'
   stack[2]: c:@F@_sol_per_tx_reseed < sol:@C@B2_ExtcallSuccess@F@_ESBMC_Main_B2_ExtcallSuccess#
ce step: sym='c:solidity_misc.c@6534@F@_sol_per_tx_reseed@_new_ts' name='_new_ts' fn='_sol_per_tx_reseed' nondet='c:@F@_sol_per_tx_reseed::$tmp::return_value$_nondet_uint256$4'
   stack[2]: c:@F@_sol_per_tx_reseed < sol:@C@B2_ExtcallSuccess@F@_ESBMC_Main_B2_ExtcallSuccess#
ce step: sym='c:@block_timestamp' name='block_timestamp' fn='_sol_per_tx_reseed' nondet='c:solidity_misc.c@6534@F@_sol_per_tx_reseed@_new_ts'
   stack[2]: c:@F@_sol_per_tx_reseed < sol:@C@B2_ExtcallSuccess@F@_ESBMC_Main_B2_ExtcallSuccess#
ce step: sym='c:@block_basefee' name='block_basefee' fn='_sol_per_tx_reseed' nondet='nondet$symex::nondet31'
   stack[2]: c:@F@_sol_per_tx_reseed < sol:@C@B2_ExtcallSuccess@F@_ESBMC_Main_B2_ExtcallSuccess#
ce step: sym='c:@block_blobbasefee' name='block_blobbasefee' fn='_sol_per_tx_reseed' nondet='nondet$symex::nondet32'
   stack[2]: c:@F@_sol_per_tx_reseed < sol:@C@B2_ExtcallSuccess@F@_ESBMC_Main_B2_ExtcallSuccess#
ce step: sym='c:@F@_sol_per_tx_reseed::$tmp::return_value$_nondet_uint$5' name='return_value$_nondet_uint$5' fn='_sol_per_tx_reseed' nondet='nondet$symex::nondet33'
   stack[2]: c:@F@_sol_per_tx_reseed < sol:@C@B2_ExtcallSuccess@F@_ESBMC_Main_B2_ExtcallSuccess#
ce step: sym='c:@block_coinbase' name='block_coinbase' fn='_sol_per_tx_reseed' nondet='c:@F@_sol_per_tx_reseed::$tmp::return_value$_nondet_uint$5'
   stack[2]: c:@F@_sol_per_tx_reseed < sol:@C@B2_ExtcallSuccess@F@_ESBMC_Main_B2_ExtcallSuccess#
ce step: sym='c:@block_difficulty' name='block_difficulty' fn='_sol_per_tx_reseed' nondet='nondet$symex::nondet34'
   stack[2]: c:@F@_sol_per_tx_reseed < sol:@C@B2_ExtcallSuccess@F@_ESBMC_Main_B2_ExtcallSuccess#
ce step: sym='c:@block_gaslimit' name='block_gaslimit' fn='_sol_per_tx_reseed' nondet='nondet$symex::nondet35'
   stack[2]: c:@F@_sol_per_tx_reseed < sol:@C@B2_ExtcallSuccess@F@_ESBMC_Main_B2_ExtcallSuccess#
ce step: sym='c:@block_prevrandao' name='block_prevrandao' fn='_sol_per_tx_reseed' nondet='nondet$symex::nondet36'
   stack[2]: c:@F@_sol_per_tx_reseed < sol:@C@B2_ExtcallSuccess@F@_ESBMC_Main_B2_ExtcallSuccess#
ce step: sym='sol:@C@B2_ExtcallSuccess@_ESBMC_Nondet_Extcall_B2_ExtcallSuccess#::$tmp::return_value$_nondet_bool$1' name='return_value$_nondet_bool$1' fn='' nondet='nondet$symex::nondet37'
   stack[2]: sol:@C@B2_ExtcallSuccess@_ESBMC_Nondet_Extcall_B2_ExtcallSuccess# < sol:@C@B2_ExtcallSuccess@F@_ESBMC_Main_B2_ExtcallSuccess#
ce step: sym='sol:@C@B2_ExtcallSuccess@F@ctrlBool@amount#99' name='amount' fn='' nondet='nondet$symex::nondet38'
   stack[0]: <empty>
ce step: sym='sol:@C@B2_ExtcallSuccess@F@ctrlBool@ok#101' name='ok' fn='' nondet='nondet$symex::nondet39'
   stack[0]: <empty>
ce step: sym='path_cov::__ESBMC_path_tr$0' name='path_tr$0' fn='ctrlBool' nondet='-'
   stack[3]: sol:@C@B2_ExtcallSuccess@F@ctrlBool#121 < sol:@C@B2_ExtcallSuccess@_ESBMC_Nondet_Extcall_B2_ExtcallSuccess# < sol:@C@B2_ExtcallSuccess@F@_ESBMC_Main_B2_ExtcallSuccess#
ce step: sym='goto_symex::guard' name='goto_symex::guard' fn='ctrlBool' nondet='-'
   stack[3]: sol:@C@B2_ExtcallSuccess@F@ctrlBool#121 < sol:@C@B2_ExtcallSuccess@_ESBMC_Nondet_Extcall_B2_ExtcallSuccess# < sol:@C@B2_ExtcallSuccess@F@_ESBMC_Main_B2_ExtcallSuccess#
ce step: sym='sol:@_ESBMC_Object_B2_ExtcallSuccess#' name='_ESBMC_Object_B2_ExtcallSuccess' fn='ctrlBool' nondet='-'
   stack[3]: sol:@C@B2_ExtcallSuccess@F@ctrlBool#121 < sol:@C@B2_ExtcallSuccess@_ESBMC_Nondet_Extcall_B2_ExtcallSuccess# < sol:@C@B2_ExtcallSuccess@F@_ESBMC_Main_B2_ExtcallSuccess#
ce step: sym='sol:@_ESBMC_Object_B2_ExtcallSuccess#' name='_ESBMC_Object_B2_ExtcallSuccess' fn='' nondet='sol:@_ESBMC_Object_B2_ExtcallSuccess#'
   stack[3]: sol:@C@B2_ExtcallSuccess@F@ctrlBool#121 < sol:@C@B2_ExtcallSuccess@_ESBMC_Nondet_Extcall_B2_ExtcallSuccess# < sol:@C@B2_ExtcallSuccess@F@_ESBMC_Main_B2_ExtcallSuccess#
ce step: sym='path_cov::__ESBMC_path_cnt$1' name='path_cnt$1' fn='' nondet='-'
   stack[3]: sol:@C@B2_ExtcallSuccess@F@ctrlBool#121 < sol:@C@B2_ExtcallSuccess@_ESBMC_Nondet_Extcall_B2_ExtcallSuccess# < sol:@C@B2_ExtcallSuccess@F@_ESBMC_Main_B2_ExtcallSuccess#
ce step: sym='sol:@_ESBMC_Object_B2_ExtcallSuccess#' name='_ESBMC_Object_B2_ExtcallSuccess' fn='' nondet='sol:@_ESBMC_Object_B2_ExtcallSuccess#'
   stack[3]: sol:@C@B2_ExtcallSuccess@F@ctrlBool#121 < sol:@C@B2_ExtcallSuccess@_ESBMC_Nondet_Extcall_B2_ExtcallSuccess# < sol:@C@B2_ExtcallSuccess@F@_ESBMC_Main_B2_ExtcallSuccess#
ce step: sym='path_cov::__ESBMC_path_tr$0' name='path_tr$0' fn='' nondet='path_cov::__ESBMC_path_tr$0'
   stack[3]: sol:@C@B2_ExtcallSuccess@F@ctrlBool#121 < sol:@C@B2_ExtcallSuccess@_ESBMC_Nondet_Extcall_B2_ExtcallSuccess# < sol:@C@B2_ExtcallSuccess@F@_ESBMC_Main_B2_ExtcallSuccess#
--solidity-path-coverage: CE journal cov-ce-journal.json updated after claim 3 of 3: 3 witnessed path(s) on disk, 3 with non-empty inputs (complete=false)

[Counterexample]


State 1 file /home/samson/workspace/esbmc/src/c2goto/library/solidity/solidity_blockchain.c line 73 column 1 thread 0
----------------------------------------------------
  block_timestamp = 0 (00000000 00000000 00000000 00000000 00000000 00000000 00000000 00000000 00000000 00000000 00000000 00000000 00000000 00000000 00000000 00000000 00000000 00000000 00000000 00000000 00000000 00000000 00000000 00000000 00000000 00000000 00000000 00000000 00000000 00000000 00000000 00000000)

State 2 file /home/samson/workspace/esbmc/src/c2goto/library/solidity/solidity_blockchain.c line 72 column 1 thread 0
----------------------------------------------------
  block_prevrandao = 0 (00000000 00000000 00000000 00000000 00000000 00000000 00000000 00000000 00000000 00000000 00000000 00000000 00000000 00000000 00000000 00000000 00000000 00000000 00000000 00000000 00000000 00000000 00000000 00000000 00000000 00000000 00000000 00000000 00000000 00000000 00000000 00000000)

State 3 file /home/samson/workspace/esbmc/src/c2goto/library/solidity/solidity_blockchain.c line 69 column 1 thread 0
----------------------------------------------------
  block_difficulty = 0 (00000000 00000000 00000000 00000000 00000000 00000000 00000000 00000000 00000000 00000000 00000000 00000000 00000000 00000000 00000000 00000000 00000000 00000000 00000000 00000000 00000000 00000000 00000000 00000000 00000000 00000000 00000000 00000000 00000000 00000000 00000000 00000000)

State 4 file /home/samson/workspace/esbmc/src/c2goto/library/solidity/solidity_blockchain.c line 62 column 1 thread 0
----------------------------------------------------
  tx_origin = 0 (00000000 00000000 00000000 00000000 00000000 00000000 00000000 00000000 00000000 00000000 00000000 00000000 00000000 00000000 00000000 00000000 00000000 00000000 00000000 00000000)

State 5 file /home/samson/workspace/esbmc/src/c2goto/library/solidity/solidity_blockchain.c line 65 column 1 thread 0
----------------------------------------------------
  block_basefee = 0 (00000000 00000000 00000000 00000000 00000000 00000000 00000000 00000000 00000000 00000000 00000000 00000000 00000000 00000000 00000000 00000000 00000000 00000000 00000000 00000000 00000000 00000000 00000000 00000000 00000000 00000000 00000000 00000000 00000000 00000000 00000000 00000000)

State 6 file /home/samson/workspace/esbmc/src/c2goto/library/solidity/solidity_blockchain.c line 71 column 1 thread 0
----------------------------------------------------
  block_number = 0 (00000000 00000000 00000000 00000000 00000000 00000000 00000000 00000000 00000000 00000000 00000000 00000000 00000000 00000000 00000000 00000000 00000000 00000000 00000000 00000000 00000000 00000000 00000000 00000000 00000000 00000000 00000000 00000000 00000000 00000000 00000000 00000000)

State 7 file /home/samson/workspace/esbmc/src/c2goto/library/solidity/solidity_blockchain.c line 30 column 1 thread 0
----------------------------------------------------
  msg_sig = 0 (00000000 00000000 00000000 00000000)

State 8 file /home/samson/workspace/esbmc/src/c2goto/library/solidity/solidity_blockchain.c line 67 column 1 thread 0
----------------------------------------------------
  block_chainid = 0 (00000000 00000000 00000000 00000000 00000000 00000000 00000000 00000000 00000000 00000000 00000000 00000000 00000000 00000000 00000000 00000000 00000000 00000000 00000000 00000000 00000000 00000000 00000000 00000000 00000000 00000000 00000000 00000000 00000000 00000000 00000000 00000000)

State 9 file /home/samson/workspace/esbmc/src/c2goto/library/solidity/solidity_blockchain.c line 70 column 1 thread 0
----------------------------------------------------
  block_gaslimit = 0 (00000000 00000000 00000000 00000000 00000000 00000000 00000000 00000000 00000000 00000000 00000000 00000000 00000000 00000000 00000000 00000000 00000000 00000000 00000000 00000000 00000000 00000000 00000000 00000000 00000000 00000000 00000000 00000000 00000000 00000000 00000000 00000000)

State 10 file /home/samson/workspace/esbmc/src/c2goto/library/solidity/solidity_blockchain.c line 29 column 1 thread 0
----------------------------------------------------
  msg_sender = 0 (00000000 00000000 00000000 00000000 00000000 00000000 00000000 00000000 00000000 00000000 00000000 00000000 00000000 00000000 00000000 00000000 00000000 00000000 00000000 00000000)

State 11 file /home/samson/workspace/esbmc/src/c2goto/library/solidity/solidity_blockchain.c line 31 column 1 thread 0
----------------------------------------------------
  msg_value = 0 (00000000 00000000 00000000 00000000 00000000 00000000 00000000 00000000 00000000 00000000 00000000 00000000 00000000 00000000 00000000 00000000 00000000 00000000 00000000 00000000 00000000 00000000 00000000 00000000 00000000 00000000 00000000 00000000 00000000 00000000 00000000 00000000)

State 12 file /home/samson/workspace/esbmc/src/c2goto/library/solidity/solidity_blockchain.c line 28 column 1 thread 0
----------------------------------------------------
  msg_data = 0 (00000000 00000000 00000000 00000000 00000000 00000000 00000000 00000000 00000000 00000000 00000000 00000000 00000000 00000000 00000000 00000000 00000000 00000000 00000000 00000000 00000000 00000000 00000000 00000000 00000000 00000000 00000000 00000000 00000000 00000000 00000000 00000000)

State 13 file /home/samson/workspace/esbmc/src/c2goto/library/solidity/solidity_blockchain.c line 66 column 1 thread 0
----------------------------------------------------
  block_blobbasefee = 0 (00000000 00000000 00000000 00000000 00000000 00000000 00000000 00000000 00000000 00000000 00000000 00000000 00000000 00000000 00000000 00000000 00000000 00000000 00000000 00000000 00000000 00000000 00000000 00000000 00000000 00000000 00000000 00000000 00000000 00000000 00000000 00000000)

State 14 file /home/samson/workspace/esbmc/src/c2goto/library/solidity/solidity_blockchain.c line 68 column 1 thread 0
----------------------------------------------------
  block_coinbase = 0 (00000000 00000000 00000000 00000000 00000000 00000000 00000000 00000000 00000000 00000000 00000000 00000000 00000000 00000000 00000000 00000000 00000000 00000000 00000000 00000000)

State 15 file /home/samson/workspace/esbmc/src/c2goto/library/solidity/solidity_blockchain.c line 61 column 1 thread 0
----------------------------------------------------
  tx_gasprice = 0 (00000000 00000000 00000000 00000000 00000000 00000000 00000000 00000000 00000000 00000000 00000000 00000000 00000000 00000000 00000000 00000000 00000000 00000000 00000000 00000000 00000000 00000000 00000000 00000000 00000000 00000000 00000000 00000000 00000000 00000000 00000000 00000000)

State 16  thread 0
----------------------------------------------------
  $B2_ExtcallSuccess_bind_cname_list = { 0 }

State 17 file /home/samson/workspace/esbmc/src/c2goto/library/solidity/solidity_misc.c line 122 column 14 function initialize thread 0
----------------------------------------------------
  msg_data = 0 (00000000 00000000 00000000 00000000 00000000 00000000 00000000 00000000 00000000 00000000 00000000 00000000 00000000 00000000 00000000 00000000 00000000 00000000 00000000 00000000 00000000 00000000 00000000 00000000 00000000 00000000 00000000 00000000 00000000 00000000 00000000 00000000)

State 18 file /home/samson/workspace/esbmc/src/c2goto/library/solidity/solidity_misc.c line 123 column 27 function initialize thread 0
----------------------------------------------------
  return_value$_nondet_uint$1 = 0 (00000000 00000000 00000000 00000000)

State 19 file /home/samson/workspace/esbmc/src/c2goto/library/solidity/solidity_misc.c line 123 column 3 function initialize thread 0
----------------------------------------------------
  msg_sender = 0 (00000000 00000000 00000000 00000000 00000000 00000000 00000000 00000000 00000000 00000000 00000000 00000000 00000000 00000000 00000000 00000000 00000000 00000000 00000000 00000000)

State 20 file /home/samson/workspace/esbmc/src/c2goto/library/solidity/solidity_misc.c line 124 column 13 function initialize thread 0
----------------------------------------------------
  msg_sig = 0 (00000000 00000000 00000000 00000000)

State 21 file /home/samson/workspace/esbmc/src/c2goto/library/solidity/solidity_misc.c line 125 column 15 function initialize thread 0
----------------------------------------------------
  msg_value = 0 (00000000 00000000 00000000 00000000 00000000 00000000 00000000 00000000 00000000 00000000 00000000 00000000 00000000 00000000 00000000 00000000 00000000 00000000 00000000 00000000 00000000 00000000 00000000 00000000 00000000 00000000 00000000 00000000 00000000 00000000 00000000 00000000)

State 22 file /home/samson/workspace/esbmc/src/c2goto/library/solidity/solidity_misc.c line 134 column 17 function initialize thread 0
----------------------------------------------------
  tx_gasprice = 0 (00000000 00000000 00000000 00000000 00000000 00000000 00000000 00000000 00000000 00000000 00000000 00000000 00000000 00000000 00000000 00000000 00000000 00000000 00000000 00000000 00000000 00000000 00000000 00000000 00000000 00000000 00000000 00000000 00000000 00000000 00000000 00000000)

State 23 file /home/samson/workspace/esbmc/src/c2goto/library/solidity/solidity_misc.c line 136 column 26 function initialize thread 0
----------------------------------------------------
  return_value$_nondet_uint$2 = 0 (00000000 00000000 00000000 00000000)

State 24 file /home/samson/workspace/esbmc/src/c2goto/library/solidity/solidity_misc.c line 136 column 3 function initialize thread 0
----------------------------------------------------
  tx_origin = 0 (00000000 00000000 00000000 00000000 00000000 00000000 00000000 00000000 00000000 00000000 00000000 00000000 00000000 00000000 00000000 00000000 00000000 00000000 00000000 00000000)

State 25 file /home/samson/workspace/esbmc/src/c2goto/library/solidity/solidity_misc.c line 138 column 19 function initialize thread 0
----------------------------------------------------
  block_basefee = 0 (00000000 00000000 00000000 00000000 00000000 00000000 00000000 00000000 00000000 00000000 00000000 00000000 00000000 00000000 00000000 00000000 00000000 00000000 00000000 00000000 00000000 00000000 00000000 00000000 00000000 00000000 00000000 00000000 00000000 00000000 00000000 00000000)

State 26 file /home/samson/workspace/esbmc/src/c2goto/library/solidity/solidity_misc.c line 139 column 23 function initialize thread 0
----------------------------------------------------
  block_blobbasefee = 0 (00000000 00000000 00000000 00000000 00000000 00000000 00000000 00000000 00000000 00000000 00000000 00000000 00000000 00000000 00000000 00000000 00000000 00000000 00000000 00000000 00000000 00000000 00000000 00000000 00000000 00000000 00000000 00000000 00000000 00000000 00000000 00000000)

State 27 file /home/samson/workspace/esbmc/src/c2goto/library/solidity/solidity_misc.c line 140 column 19 function initialize thread 0
----------------------------------------------------
  block_chainid = 0 (00000000 00000000 00000000 00000000 00000000 00000000 00000000 00000000 00000000 00000000 00000000 00000000 00000000 00000000 00000000 00000000 00000000 00000000 00000000 00000000 00000000 00000000 00000000 00000000 00000000 00000000 00000000 00000000 00000000 00000000 00000000 00000000)

State 28 file /home/samson/workspace/esbmc/src/c2goto/library/solidity/solidity_misc.c line 141 column 31 function initialize thread 0
----------------------------------------------------
  return_value$_nondet_uint$3 = 0 (00000000 00000000 00000000 00000000)

State 29 file /home/samson/workspace/esbmc/src/c2goto/library/solidity/solidity_misc.c line 141 column 3 function initialize thread 0
----------------------------------------------------
  block_coinbase = 0 (00000000 00000000 00000000 00000000 00000000 00000000 00000000 00000000 00000000 00000000 00000000 00000000 00000000 00000000 00000000 00000000 00000000 00000000 00000000 00000000)

State 30 file /home/samson/workspace/esbmc/src/c2goto/library/solidity/solidity_misc.c line 142 column 22 function initialize thread 0
----------------------------------------------------
  block_difficulty = 0 (00000000 00000000 00000000 00000000 00000000 00000000 00000000 00000000 00000000 00000000 00000000 00000000 00000000 00000000 00000000 00000000 00000000 00000000 00000000 00000000 00000000 00000000 00000000 00000000 00000000 00000000 00000000 00000000 00000000 00000000 00000000 00000000)

State 31 file /home/samson/workspace/esbmc/src/c2goto/library/solidity/solidity_misc.c line 143 column 20 function initialize thread 0
----------------------------------------------------
  block_gaslimit = 0 (00000000 00000000 00000000 00000000 00000000 00000000 00000000 00000000 00000000 00000000 00000000 00000000 00000000 00000000 00000000 00000000 00000000 00000000 00000000 00000000 00000000 00000000 00000000 00000000 00000000 00000000 00000000 00000000 00000000 00000000 00000000 00000000)

State 32 file /home/samson/workspace/esbmc/src/c2goto/library/solidity/solidity_misc.c line 144 column 18 function initialize thread 0
----------------------------------------------------
  block_number = 0xFFFFFFFFFFFFFFFFFFFFFFFFFFFFFFFFFFFFFFFFFFFFFFFFFFFFFFFFFFFFFFFF (11111111 11111111 11111111 11111111 11111111 11111111 11111111 11111111 11111111 11111111 11111111 11111111 11111111 11111111 11111111 11111111 11111111 11111111 11111111 11111111 11111111 11111111 11111111 11111111 11111111 11111111 11111111 11111111 11111111 11111111 11111111 11111111)

State 33 file /home/samson/workspace/esbmc/src/c2goto/library/solidity/solidity_misc.c line 145 column 22 function initialize thread 0
----------------------------------------------------
  block_prevrandao = 0 (00000000 00000000 00000000 00000000 00000000 00000000 00000000 00000000 00000000 00000000 00000000 00000000 00000000 00000000 00000000 00000000 00000000 00000000 00000000 00000000 00000000 00000000 00000000 00000000 00000000 00000000 00000000 00000000 00000000 00000000 00000000 00000000)

State 34 file /home/samson/workspace/esbmc/src/c2goto/library/solidity/solidity_misc.c line 146 column 21 function initialize thread 0
----------------------------------------------------
  block_timestamp = 0xFFFFFFFFFFFFFFFFFFFFFFFFFFFFFFFFFFFFFFFFFFFFFFFFFFFFFFFFFFFFFFFF (11111111 11111111 11111111 11111111 11111111 11111111 11111111 11111111 11111111 11111111 11111111 11111111 11111111 11111111 11111111 11111111 11111111 11111111 11111111 11111111 11111111 11111111 11111111 11111111 11111111 11111111 11111111 11111111 11111111 11111111 11111111 11111111)

State 35  thread 0
----------------------------------------------------
  $B2_ExtcallSuccess_bind_cname_list[0] = &"B2_ExtcallSuccess"[0]

State 36 file /home/samson/workspace/esbmc/src/c2goto/library/solidity/solidity_address.c line 95 column 32 function _ESBMC_get_unique_address thread 0
----------------------------------------------------
  return_value$_nondet_uint$1 = 4294967295 (11111111 11111111 11111111 11111111)

State 37 file /home/samson/workspace/esbmc/src/c2goto/library/solidity/solidity_address.c line 95 column 5 function _ESBMC_get_unique_address thread 0
----------------------------------------------------
  tmp = 4294967295 (00000000 00000000 00000000 00000000 00000000 00000000 00000000 00000000 00000000 00000000 00000000 00000000 00000000 00000000 00000000 00000000 11111111 11111111 11111111 11111111)

State 39 file /home/samson/workspace/esbmc/src/c2goto/library/solidity/solidity_address.c line 114 column 5 function _ESBMC_get_unique_address thread 0
----------------------------------------------------
  _ESBMC_Object_B2_ExtcallSuccess.$address = { .tag=nil, .anon_pad$1=nil, .$address=tmp, .anon_pad$3=nil,
    .$codehash=nil, .$balance=nil, .$code=nil,
    ._ESBMC_bind_cname=nil, .anon_pad$8=nil }

State 40  thread 0
----------------------------------------------------
  this->$codehash = { .tag=0, .anon_pad$1=0, .$address=4294967295, .anon_pad$3=0,
    .$codehash=0, .$balance=0, .$code=0,
    ._ESBMC_bind_cname={ .pointer_object=nil, .pointer_offset=nil }, .anon_pad$8=0 }

State 41 file /home/samson/workspace/esbmc/src/c2goto/library/solidity/solidity_misc.c line 44 column 17 function _ESBMC_nondet_init_balance thread 0
----------------------------------------------------
  return_value$_nondet_uint256$1 = 0 (00000000 00000000 00000000 00000000 00000000 00000000 00000000 00000000 00000000 00000000 00000000 00000000 00000000 00000000 00000000 00000000 00000000 00000000 00000000 00000000 00000000 00000000 00000000 00000000 00000000 00000000 00000000 00000000 00000000 00000000 00000000 00000000)

State 42 file /home/samson/workspace/esbmc/src/c2goto/library/solidity/solidity_misc.c line 44 column 3 function _ESBMC_nondet_init_balance thread 0
----------------------------------------------------
  b = 0 (00000000 00000000 00000000 00000000 00000000 00000000 00000000 00000000 00000000 00000000 00000000 00000000 00000000 00000000 00000000 00000000 00000000 00000000 00000000 00000000 00000000 00000000 00000000 00000000 00000000 00000000 00000000 00000000 00000000 00000000 00000000 00000000)

State 44 file /home/samson/workspace/esbmc/src/c2goto/library/solidity/solidity_misc.c line 46 column 3 function _ESBMC_nondet_init_balance thread 0
----------------------------------------------------
  _ESBMC_Object_B2_ExtcallSuccess.$balance = { .tag=0, .anon_pad$1=0, .$address=4294967295, .anon_pad$3=0,
    .$codehash=0, .$balance=0, .$code=0,
    ._ESBMC_bind_cname={ .pointer_object=nil, .pointer_offset=nil }, .anon_pad$8=0 }

State 45  thread 0
----------------------------------------------------
  this->$code = { .tag=0, .anon_pad$1=0, .$address=4294967295, .anon_pad$3=0,
    .$codehash=0, .$balance=0, .$code=0,
    ._ESBMC_bind_cname={ .pointer_object=nil, .pointer_offset=nil }, .anon_pad$8=0 }

State 46  thread 0
----------------------------------------------------
  this->_ESBMC_bind_cname = { .tag=0, .anon_pad$1=0, .$address=4294967295, .anon_pad$3=0,
    .$codehash=0, .$balance=0, .$code=0,
    ._ESBMC_bind_cname=&"B2_ExtcallSuccess"[0], .anon_pad$8=0 }

State 47  thread 0
----------------------------------------------------
  this->tag = { .tag=0, .anon_pad$1=0, .$address=4294967295, .anon_pad$3=0,
    .$codehash=0, .$balance=0, .$code=0,
    ._ESBMC_bind_cname=&"B2_ExtcallSuccess"[0], .anon_pad$8=0 }

State 48 file /home/samson/workspace/esbmc/src/c2goto/library/solidity/solidity_misc.c line 169 column 14 function _sol_per_tx_reseed thread 0
----------------------------------------------------
  msg_data = 0 (00000000 00000000 00000000 00000000 00000000 00000000 00000000 00000000 00000000 00000000 00000000 00000000 00000000 00000000 00000000 00000000 00000000 00000000 00000000 00000000 00000000 00000000 00000000 00000000 00000000 00000000 00000000 00000000 00000000 00000000 00000000 00000000)

State 49 file /home/samson/workspace/esbmc/src/c2goto/library/solidity/solidity_misc.c line 170 column 27 function _sol_per_tx_reseed thread 0
----------------------------------------------------
  return_value$_nondet_uint$1 = 0 (00000000 00000000 00000000 00000000)

State 50 file /home/samson/workspace/esbmc/src/c2goto/library/solidity/solidity_misc.c line 170 column 3 function _sol_per_tx_reseed thread 0
----------------------------------------------------
  msg_sender = 0 (00000000 00000000 00000000 00000000 00000000 00000000 00000000 00000000 00000000 00000000 00000000 00000000 00000000 00000000 00000000 00000000 00000000 00000000 00000000 00000000)

State 51 file /home/samson/workspace/esbmc/src/c2goto/library/solidity/solidity_misc.c line 171 column 15 function _sol_per_tx_reseed thread 0
----------------------------------------------------
  msg_value = 0xFFFFFFFFFFFFFFFFFFFFFFFFFFFFFFFFFFFFFFFFFFFFFFFFFFFFFFFFFFFFFFFF (11111111 11111111 11111111 11111111 11111111 11111111 11111111 11111111 11111111 11111111 11111111 11111111 11111111 11111111 11111111 11111111 11111111 11111111 11111111 11111111 11111111 11111111 11111111 11111111 11111111 11111111 11111111 11111111 11111111 11111111 11111111 11111111)

State 52 file /home/samson/workspace/esbmc/src/c2goto/library/solidity/solidity_misc.c line 172 column 26 function _sol_per_tx_reseed thread 0
----------------------------------------------------
  return_value$_nondet_uint$2 = 0 (00000000 00000000 00000000 00000000)

State 53 file /home/samson/workspace/esbmc/src/c2goto/library/solidity/solidity_misc.c line 172 column 3 function _sol_per_tx_reseed thread 0
----------------------------------------------------
  tx_origin = 0 (00000000 00000000 00000000 00000000 00000000 00000000 00000000 00000000 00000000 00000000 00000000 00000000 00000000 00000000 00000000 00000000 00000000 00000000 00000000 00000000)

State 54 file /home/samson/workspace/esbmc/src/c2goto/library/solidity/solidity_misc.c line 173 column 17 function _sol_per_tx_reseed thread 0
----------------------------------------------------
  tx_gasprice = 0 (00000000 00000000 00000000 00000000 00000000 00000000 00000000 00000000 00000000 00000000 00000000 00000000 00000000 00000000 00000000 00000000 00000000 00000000 00000000 00000000 00000000 00000000 00000000 00000000 00000000 00000000 00000000 00000000 00000000 00000000 00000000 00000000)

State 55 file /home/samson/workspace/esbmc/src/c2goto/library/solidity/solidity_misc.c line 192 column 23 function _sol_per_tx_reseed thread 0
----------------------------------------------------
  return_value$_nondet_uint256$3 = 0xFFFFFFFFFFFFFFFFFFFFFFFFFFFFFFFFFFFFFFFFFFFFFFFFFFFFFFFFFFFFFFFF (11111111 11111111 11111111 11111111 11111111 11111111 11111111 11111111 11111111 11111111 11111111 11111111 11111111 11111111 11111111 11111111 11111111 11111111 11111111 11111111 11111111 11111111 11111111 11111111 11111111 11111111 11111111 11111111 11111111 11111111 11111111 11111111)

State 56 file /home/samson/workspace/esbmc/src/c2goto/library/solidity/solidity_misc.c line 192 column 3 function _sol_per_tx_reseed thread 0
----------------------------------------------------
  _new_bn = 0xFFFFFFFFFFFFFFFFFFFFFFFFFFFFFFFFFFFFFFFFFFFFFFFFFFFFFFFFFFFFFFFF (11111111 11111111 11111111 11111111 11111111 11111111 11111111 11111111 11111111 11111111 11111111 11111111 11111111 11111111 11111111 11111111 11111111 11111111 11111111 11111111 11111111 11111111 11111111 11111111 11111111 11111111 11111111 11111111 11111111 11111111 11111111 11111111)

State 58 file /home/samson/workspace/esbmc/src/c2goto/library/solidity/solidity_misc.c line 194 column 3 function _sol_per_tx_reseed thread 0
----------------------------------------------------
  block_number = 0xFFFFFFFFFFFFFFFFFFFFFFFFFFFFFFFFFFFFFFFFFFFFFFFFFFFFFFFFFFFFFFFF (11111111 11111111 11111111 11111111 11111111 11111111 11111111 11111111 11111111 11111111 11111111 11111111 11111111 11111111 11111111 11111111 11111111 11111111 11111111 11111111 11111111 11111111 11111111 11111111 11111111 11111111 11111111 11111111 11111111 11111111 11111111 11111111)

State 59 file /home/samson/workspace/esbmc/src/c2goto/library/solidity/solidity_misc.c line 196 column 23 function _sol_per_tx_reseed thread 0
----------------------------------------------------
  return_value$_nondet_uint256$4 = 0xFFFFFFFFFFFFFFFFFFFFFFFFFFFFFFFFFFFFFFFFFFFFFFFFFFFFFFFFFFFFFFFF (11111111 11111111 11111111 11111111 11111111 11111111 11111111 11111111 11111111 11111111 11111111 11111111 11111111 11111111 11111111 11111111 11111111 11111111 11111111 11111111 11111111 11111111 11111111 11111111 11111111 11111111 11111111 11111111 11111111 11111111 11111111 11111111)

State 60 file /home/samson/workspace/esbmc/src/c2goto/library/solidity/solidity_misc.c line 196 column 3 function _sol_per_tx_reseed thread 0
----------------------------------------------------
  _new_ts = 0xFFFFFFFFFFFFFFFFFFFFFFFFFFFFFFFFFFFFFFFFFFFFFFFFFFFFFFFFFFFFFFFF (11111111 11111111 11111111 11111111 11111111 11111111 11111111 11111111 11111111 11111111 11111111 11111111 11111111 11111111 11111111 11111111 11111111 11111111 11111111 11111111 11111111 11111111 11111111 11111111 11111111 11111111 11111111 11111111 11111111 11111111 11111111 11111111)

State 62 file /home/samson/workspace/esbmc/src/c2goto/library/solidity/solidity_misc.c line 198 column 3 function _sol_per_tx_reseed thread 0
----------------------------------------------------
  block_timestamp = 0xFFFFFFFFFFFFFFFFFFFFFFFFFFFFFFFFFFFFFFFFFFFFFFFFFFFFFFFFFFFFFFFF (11111111 11111111 11111111 11111111 11111111 11111111 11111111 11111111 11111111 11111111 11111111 11111111 11111111 11111111 11111111 11111111 11111111 11111111 11111111 11111111 11111111 11111111 11111111 11111111 11111111 11111111 11111111 11111111 11111111 11111111 11111111 11111111)

State 63 file /home/samson/workspace/esbmc/src/c2goto/library/solidity/solidity_misc.c line 200 column 19 function _sol_per_tx_reseed thread 0
----------------------------------------------------
  block_basefee = 0 (00000000 00000000 00000000 00000000 00000000 00000000 00000000 00000000 00000000 00000000 00000000 00000000 00000000 00000000 00000000 00000000 00000000 00000000 00000000 00000000 00000000 00000000 00000000 00000000 00000000 00000000 00000000 00000000 00000000 00000000 00000000 00000000)

State 64 file /home/samson/workspace/esbmc/src/c2goto/library/solidity/solidity_misc.c line 201 column 23 function _sol_per_tx_reseed thread 0
----------------------------------------------------
  block_blobbasefee = 0 (00000000 00000000 00000000 00000000 00000000 00000000 00000000 00000000 00000000 00000000 00000000 00000000 00000000 00000000 00000000 00000000 00000000 00000000 00000000 00000000 00000000 00000000 00000000 00000000 00000000 00000000 00000000 00000000 00000000 00000000 00000000 00000000)

State 65 file /home/samson/workspace/esbmc/src/c2goto/library/solidity/solidity_misc.c line 202 column 31 function _sol_per_tx_reseed thread 0
----------------------------------------------------
  return_value$_nondet_uint$5 = 0 (00000000 00000000 00000000 00000000)

State 66 file /home/samson/workspace/esbmc/src/c2goto/library/solidity/solidity_misc.c line 202 column 3 function _sol_per_tx_reseed thread 0
----------------------------------------------------
  block_coinbase = 0 (00000000 00000000 00000000 00000000 00000000 00000000 00000000 00000000 00000000 00000000 00000000 00000000 00000000 00000000 00000000 00000000 00000000 00000000 00000000 00000000)

State 67 file /home/samson/workspace/esbmc/src/c2goto/library/solidity/solidity_misc.c line 203 column 22 function _sol_per_tx_reseed thread 0
----------------------------------------------------
  block_difficulty = 0 (00000000 00000000 00000000 00000000 00000000 00000000 00000000 00000000 00000000 00000000 00000000 00000000 00000000 00000000 00000000 00000000 00000000 00000000 00000000 00000000 00000000 00000000 00000000 00000000 00000000 00000000 00000000 00000000 00000000 00000000 00000000 00000000)

State 68 file /home/samson/workspace/esbmc/src/c2goto/library/solidity/solidity_misc.c line 204 column 20 function _sol_per_tx_reseed thread 0
----------------------------------------------------
  block_gaslimit = 0 (00000000 00000000 00000000 00000000 00000000 00000000 00000000 00000000 00000000 00000000 00000000 00000000 00000000 00000000 00000000 00000000 00000000 00000000 00000000 00000000 00000000 00000000 00000000 00000000 00000000 00000000 00000000 00000000 00000000 00000000 00000000 00000000)

State 69 file /home/samson/workspace/esbmc/src/c2goto/library/solidity/solidity_misc.c line 205 column 22 function _sol_per_tx_reseed thread 0
----------------------------------------------------
  block_prevrandao = 0 (00000000 00000000 00000000 00000000 00000000 00000000 00000000 00000000 00000000 00000000 00000000 00000000 00000000 00000000 00000000 00000000 00000000 00000000 00000000 00000000 00000000 00000000 00000000 00000000 00000000 00000000 00000000 00000000 00000000 00000000 00000000 00000000)

State 70  thread 0
----------------------------------------------------
  return_value$_nondet_bool$1 = 1

State 71  thread 0
----------------------------------------------------
  amount = 0 (00000000 00000000 00000000 00000000 00000000 00000000 00000000 00000000 00000000 00000000 00000000 00000000 00000000 00000000 00000000 00000000 00000000 00000000 00000000 00000000 00000000 00000000 00000000 00000000 00000000 00000000 00000000 00000000 00000000 00000000 00000000 00000000)

State 72  thread 0
----------------------------------------------------
  ok = 0

State 73 file notes/coverage/poc/B2_ExtcallSuccess.sol line 273 function ctrlBool thread 0
----------------------------------------------------
  path_tr$0 = 2 (00000000 00000000 00000000 00000000 00000000 00000000 00000000 00000010)

State 74 file notes/coverage/poc/B2_ExtcallSuccess.sol line 273 function ctrlBool thread 0
----------------------------------------------------
  goto_symex::guard = 1

State 75 file notes/coverage/poc/B2_ExtcallSuccess.sol line 277 function ctrlBool thread 0
----------------------------------------------------
  _ESBMC_Object_B2_ExtcallSuccess = { .tag=0, .anon_pad$1=0, .$address=4294967295, .anon_pad$3=0,
    .$codehash=0, .$balance=0, .$code=0,
    ._ESBMC_bind_cname=&"B2_ExtcallSuccess"[0], .anon_pad$8=0 }

State 76  thread 0
----------------------------------------------------
  _ESBMC_Object_B2_ExtcallSuccess = { .tag=2, .anon_pad$1=0, .$address=4294967295, .anon_pad$3=0,
    .$codehash=0, .$balance=0, .$code=0,
    ._ESBMC_bind_cname=&"B2_ExtcallSuccess"[0], .anon_pad$8=0 }

State 80  thread 0
----------------------------------------------------
Violated property:
  sol:@C@B2_ExtcallSuccess@F@ctrlBool#121:path:2
  path_tr$0 != 2 || path_cnt$1 != 1

Properties: 3 verified, ✗ 3 failed
Solver: Bitwuzla 0.8.2 • Decision procedure total time: 0.008s • Avg: 0.002s/property
--solidity-path-coverage: 3 of 3 instrumented path claim(s) reached the solver across 1 unit(s)

[Coverage]

Report Completeness: COMPLETE
Claim Budget: 120s per claim — 0 claim(s) abandoned over budget (bitwuzla: native BITWUZLA_OPT_TIME_LIMIT_PER (per satisfiability check, milliseconds))
Arithmetic Re-solve: OFF (--path-cov-arith-resolve). A witnessed path whose counterexample wraps or divides by zero is emitted as a normal-exit test and is RED on the unmodified contract
Verdicts Preserved: 0 — a claim already DECIDED whose later solve returned no verdict kept its decision. Non-zero also means the same claim key was solved more than once, which is a separate defect
Claim Multiplicity: 0 extra solve(s) beyond the first across all keys; worst key 'ctrlBool:path:7	' decided 1 time(s); ceiling not enforced (--path-cov-max-claim-solves unset); 0 decided verdict(s) superseded by a different decided verdict. Repetition is EXPECTED and is not bounded by this run's tx/unwind: one instantiation per transaction, one per re-entry level, and one per caller for a public unit another unit calls internally. The path's answer is the disjunction over them. The number to read is SUPERSEDED: non-zero means one key's instantiations disagreed, so what this run reports for that path depended on which was solved first
Complete Paths : 3
Reached : 3
Path Coverage: 100%
Path Exits: normal 2, revert 1, undetermined 0
Path Status: F 3, I 0, U 0
--solidity-path-coverage: CE PAYLOADS published for 3 witness(es) across 3 witnessed path(s); 0 path(s) carry more than one (--all-witnesses is off). Every witness of a path is a further point in that path's input domain, which is what a sibling span needs and what one counterexample cannot give
--solidity-path-coverage: DECISION SEQUENCES published for 3 of 3 witnessed path(s) (5 step(s), 0 unrecorded, 3 synthesised ABI value gate). A path with no sequence cannot be projected onto decisions, and the synthesised gate has no branch-coverage counterpart, so both are named rather than folded in
--solidity-path-coverage: EVENT SEQUENCES published for 3 of 3 witnessed path(s), 0 of them non-empty (0 emit(s) total). An EMPTY array is a measurement ("this path emits nothing recordable") and a MISSING field is not, so the two are counted apart; and `recordable` excludes the qualified spelling `emit L.E(x)`, which the front end drops
Coverage report written to cov-report.json
--solidity-path-coverage: CE journal cov-ce-journal.json updated at run end: 3 witnessed path(s) on disk, 3 with non-empty inputs (complete=true)

VERIFICATION FAILED
ESBMC version 8.2.0 64-bit x86_64 linux
################ HARVEST-VERBOSE UNIT=ctrlBool exit=1 ################
total 32
drwxr-xr-x  2 samson samson  4096 Aug  3 18:59 .
drwxr-xr-x 23 samson samson  4096 Aug  3 18:59 ..
-rw-r--r--  1 samson samson  7065 Aug  3 18:59 cov-ce-journal.json
-rw-r--r--  1 samson samson 13343 Aug  3 18:59 cov-report.json
################ HARVEST-VERBOSE UNIT=probe START ################
Target: 64-bit little-endian x86_64-unknown-linux with esbmclibc
Solidity: auto-selecting 'bitwuzla' as SMT backend (Z3 is much slower on 256-bit bit-vector arithmetic). Override with --z3 / --cvc5 / --bitwuzla / --boolector or --default-solver.
Parsing /home/samson/workspace/esbmc/notes/coverage/poc/B2_ExtcallSuccess.solast
Converting
WARNING: [approx] inline assembly at notes/coverage/poc/B2_ExtcallSuccess.sol:107: over-approximating - unsupported Yul construct 'YulFunctionCall:call' (5947:33:0); supported subset: let / := / arithmetic+bitwise+shift / lt/gt/eq/slt/sgt/iszero / and/or/xor/not / shl/shr / if / switch / for / break / continue / sload(X.slot) / sstore(X.slot, v) on scalar state vars
WARNING: Solidity harness: transaction sequence bounded to 1 tx (default). A VERIFICATION SUCCESSFUL result is bounded -- it means no violation within 1 transaction(s), NOT an unbounded proof; bugs requiring more transactions are not explored. Use --solidity-precise (or --solidity-max-tx 0) for an unbounded proof.
Generating GOTO Program
GOTO program creation time: 0.239s
--solidity-path-coverage: no --unwind given; bounding symbolic execution at 4 to match the path enumeration's own loop bound. Without it an external call (modelled as nondet re-entry into this contract's dispatcher) or any loop runs unbounded until the memory limit. Pass --unwind N to choose a different bound
Adding Solidity complete-path coverage assertions...
--solidity-path-coverage with --cov-report-json: exempting 25 symbol(s) from slicing so each path's counterexample values survive into the report (1 contract object(s), 9 contract-scope store(s), 15 environment); slicing stays enabled for everything else
unit 'sol:@C@B2_ExtcallSuccess@F@probe#32': 3 path(s) after expansion, 2 before, 0 call(s) expanded
unit 'sol:@C@B2_ExtcallSuccess@F@probe#32': 2 decision site(s) accumulated into tr, 0 of them never traversed by any enumerated path (unreachable code)
--solidity-path-coverage: --focus-function 'probe' narrowed INSTRUMENTATION to 1 unit(s); 3 other in-scope unit(s) were not enumerated at all. Their paths are absent from the denominator ON PURPOSE: the dispatcher cannot enter them in this run, so no exploration could ever witness them and counting them made the reported coverage a contract-level number wearing a unit-level label. Internal-call EXPANSION still ran for every unit, so this unit's path identity is unchanged -- a callee's decisions are still part of it
--solidity-path-coverage: instrumented 3 complete path(s) across 1 unit(s) (loop bound = 4 iterations)
--solidity-path-coverage: path distribution — 1 unit(s), 3 path(s) total, max 3 in 'sol:@C@B2_ExtcallSuccess@F@probe#32', mean 3.0; before internal-call expansion the same units had 2 path(s), so expansion multiplied them by 1.50x
GOTO program processing time: 0.005s
Starting Bounded Model Checking
Symex completed in: 0.002s (185 assignments)
Caching time: 0.000s (removed 0 assertions)
Slicing time: 0.000s (removed 98 assignments)
Generated 3 VCC(s), 3 remaining after simplification (87 assignments)
Slicing time: 0.000s (removed 0 assignments)
Solving claim 'probe:path:7 at' with solver Bitwuzla 0.8.2
Encoding remaining VCC(s) using bit-vector/floating-point arithmetic
Encoding to solver time: 0.000s
Solving with solver Bitwuzla 0.8.2
Runtime decision procedure: 0.003s
✗ FAILED: 'probe:path:7 at'
ce step: sym='c:@block_timestamp' name='block_timestamp' fn='' nondet='-'
   stack[0]: <empty>
ce step: sym='c:@block_prevrandao' name='block_prevrandao' fn='' nondet='-'
   stack[0]: <empty>
ce step: sym='c:@block_difficulty' name='block_difficulty' fn='' nondet='-'
   stack[0]: <empty>
ce step: sym='c:@tx_origin' name='tx_origin' fn='' nondet='-'
   stack[0]: <empty>
ce step: sym='c:@block_basefee' name='block_basefee' fn='' nondet='-'
   stack[0]: <empty>
ce step: sym='c:@block_number' name='block_number' fn='' nondet='-'
   stack[0]: <empty>
ce step: sym='c:@msg_sig' name='msg_sig' fn='' nondet='-'
   stack[0]: <empty>
ce step: sym='c:@block_chainid' name='block_chainid' fn='' nondet='-'
   stack[0]: <empty>
ce step: sym='c:@block_gaslimit' name='block_gaslimit' fn='' nondet='-'
   stack[0]: <empty>
ce step: sym='c:@msg_sender' name='msg_sender' fn='' nondet='-'
   stack[0]: <empty>
ce step: sym='c:@msg_value' name='msg_value' fn='' nondet='-'
   stack[0]: <empty>
ce step: sym='c:@msg_data' name='msg_data' fn='' nondet='-'
   stack[0]: <empty>
ce step: sym='c:@block_blobbasefee' name='block_blobbasefee' fn='' nondet='-'
   stack[0]: <empty>
ce step: sym='c:@block_coinbase' name='block_coinbase' fn='' nondet='-'
   stack[0]: <empty>
ce step: sym='c:@tx_gasprice' name='tx_gasprice' fn='' nondet='-'
   stack[0]: <empty>
ce step: sym='sol:@C@B2_ExtcallSuccess@$B2_ExtcallSuccess_bind_cname_list' name='$B2_ExtcallSuccess_bind_cname_list' fn='' nondet='-'
   stack[0]: <empty>
ce step: sym='c:@msg_data' name='msg_data' fn='initialize' nondet='nondet$symex::nondet3'
   stack[3]: c:@F@initialize < sol:@F@_sol_init_ < sol:@C@B2_ExtcallSuccess@F@B2_ExtcallSuccess#
ce step: sym='c:@F@initialize::$tmp::return_value$_nondet_uint$1' name='return_value$_nondet_uint$1' fn='initialize' nondet='nondet$symex::nondet4'
   stack[3]: c:@F@initialize < sol:@F@_sol_init_ < sol:@C@B2_ExtcallSuccess@F@B2_ExtcallSuccess#
ce step: sym='c:@msg_sender' name='msg_sender' fn='initialize' nondet='c:@F@initialize::$tmp::return_value$_nondet_uint$1'
   stack[3]: c:@F@initialize < sol:@F@_sol_init_ < sol:@C@B2_ExtcallSuccess@F@B2_ExtcallSuccess#
ce step: sym='c:@msg_sig' name='msg_sig' fn='initialize' nondet='nondet$symex::nondet5'
   stack[3]: c:@F@initialize < sol:@F@_sol_init_ < sol:@C@B2_ExtcallSuccess@F@B2_ExtcallSuccess#
ce step: sym='c:@msg_value' name='msg_value' fn='initialize' nondet='nondet$symex::nondet6'
   stack[3]: c:@F@initialize < sol:@F@_sol_init_ < sol:@C@B2_ExtcallSuccess@F@B2_ExtcallSuccess#
ce step: sym='c:@tx_gasprice' name='tx_gasprice' fn='initialize' nondet='nondet$symex::nondet7'
   stack[3]: c:@F@initialize < sol:@F@_sol_init_ < sol:@C@B2_ExtcallSuccess@F@B2_ExtcallSuccess#
ce step: sym='c:@F@initialize::$tmp::return_value$_nondet_uint$2' name='return_value$_nondet_uint$2' fn='initialize' nondet='nondet$symex::nondet8'
   stack[3]: c:@F@initialize < sol:@F@_sol_init_ < sol:@C@B2_ExtcallSuccess@F@B2_ExtcallSuccess#
ce step: sym='c:@tx_origin' name='tx_origin' fn='initialize' nondet='c:@F@initialize::$tmp::return_value$_nondet_uint$2'
   stack[3]: c:@F@initialize < sol:@F@_sol_init_ < sol:@C@B2_ExtcallSuccess@F@B2_ExtcallSuccess#
ce step: sym='c:@block_basefee' name='block_basefee' fn='initialize' nondet='nondet$symex::nondet9'
   stack[3]: c:@F@initialize < sol:@F@_sol_init_ < sol:@C@B2_ExtcallSuccess@F@B2_ExtcallSuccess#
ce step: sym='c:@block_blobbasefee' name='block_blobbasefee' fn='initialize' nondet='nondet$symex::nondet10'
   stack[3]: c:@F@initialize < sol:@F@_sol_init_ < sol:@C@B2_ExtcallSuccess@F@B2_ExtcallSuccess#
ce step: sym='c:@block_chainid' name='block_chainid' fn='initialize' nondet='nondet$symex::nondet11'
   stack[3]: c:@F@initialize < sol:@F@_sol_init_ < sol:@C@B2_ExtcallSuccess@F@B2_ExtcallSuccess#
ce step: sym='c:@F@initialize::$tmp::return_value$_nondet_uint$3' name='return_value$_nondet_uint$3' fn='initialize' nondet='nondet$symex::nondet12'
   stack[3]: c:@F@initialize < sol:@F@_sol_init_ < sol:@C@B2_ExtcallSuccess@F@B2_ExtcallSuccess#
ce step: sym='c:@block_coinbase' name='block_coinbase' fn='initialize' nondet='c:@F@initialize::$tmp::return_value$_nondet_uint$3'
   stack[3]: c:@F@initialize < sol:@F@_sol_init_ < sol:@C@B2_ExtcallSuccess@F@B2_ExtcallSuccess#
ce step: sym='c:@block_difficulty' name='block_difficulty' fn='initialize' nondet='nondet$symex::nondet13'
   stack[3]: c:@F@initialize < sol:@F@_sol_init_ < sol:@C@B2_ExtcallSuccess@F@B2_ExtcallSuccess#
ce step: sym='c:@block_gaslimit' name='block_gaslimit' fn='initialize' nondet='nondet$symex::nondet14'
   stack[3]: c:@F@initialize < sol:@F@_sol_init_ < sol:@C@B2_ExtcallSuccess@F@B2_ExtcallSuccess#
ce step: sym='c:@block_number' name='block_number' fn='initialize' nondet='nondet$symex::nondet15'
   stack[3]: c:@F@initialize < sol:@F@_sol_init_ < sol:@C@B2_ExtcallSuccess@F@B2_ExtcallSuccess#
ce step: sym='c:@block_prevrandao' name='block_prevrandao' fn='initialize' nondet='nondet$symex::nondet16'
   stack[3]: c:@F@initialize < sol:@F@_sol_init_ < sol:@C@B2_ExtcallSuccess@F@B2_ExtcallSuccess#
ce step: sym='c:@block_timestamp' name='block_timestamp' fn='initialize' nondet='nondet$symex::nondet17'
   stack[3]: c:@F@initialize < sol:@F@_sol_init_ < sol:@C@B2_ExtcallSuccess@F@B2_ExtcallSuccess#
ce step: sym='<not-a-symbol>' name='$B2_ExtcallSuccess_bind_cname_list[0]' fn='' nondet='-'
   stack[3]: sol:@F@initialize_B2_ExtcallSuccess_bind_cname# < sol:@F@_sol_init_ < sol:@C@B2_ExtcallSuccess@F@B2_ExtcallSuccess#
ce step: sym='c:@F@_ESBMC_get_unique_address::$tmp::return_value$_nondet_uint$1' name='return_value$_nondet_uint$1' fn='_ESBMC_get_unique_address' nondet='nondet$symex::nondet19'
   stack[2]: c:@F@_ESBMC_get_unique_address < sol:@C@B2_ExtcallSuccess@F@B2_ExtcallSuccess#
ce step: sym='c:solidity_address.c@4018@F@_ESBMC_get_unique_address@tmp' name='tmp' fn='_ESBMC_get_unique_address' nondet='c:@F@_ESBMC_get_unique_address::$tmp::return_value$_nondet_uint$1'
   stack[2]: c:@F@_ESBMC_get_unique_address < sol:@C@B2_ExtcallSuccess@F@B2_ExtcallSuccess#
ce step: sym='<not-a-symbol>' name='_ESBMC_Object_B2_ExtcallSuccess.$address' fn='_ESBMC_get_unique_address' nondet='c:solidity_address.c@4018@F@_ESBMC_get_unique_address@tmp'
   stack[2]: c:@F@_ESBMC_get_unique_address < sol:@C@B2_ExtcallSuccess@F@B2_ExtcallSuccess#
ce step: sym='<not-a-symbol>' name='this->$codehash' fn='' nondet='nondet$symex::nondet20'
   stack[1]: sol:@C@B2_ExtcallSuccess@F@B2_ExtcallSuccess#
ce step: sym='c:@F@_ESBMC_nondet_init_balance::$tmp::return_value$_nondet_uint256$1' name='return_value$_nondet_uint256$1' fn='_ESBMC_nondet_init_balance' nondet='nondet$symex::nondet21'
   stack[2]: c:@F@_ESBMC_nondet_init_balance < sol:@C@B2_ExtcallSuccess@F@B2_ExtcallSuccess#
ce step: sym='c:solidity_misc.c@1589@F@_ESBMC_nondet_init_balance@b' name='b' fn='_ESBMC_nondet_init_balance' nondet='c:@F@_ESBMC_nondet_init_balance::$tmp::return_value$_nondet_uint256$1'
   stack[2]: c:@F@_ESBMC_nondet_init_balance < sol:@C@B2_ExtcallSuccess@F@B2_ExtcallSuccess#
ce step: sym='<not-a-symbol>' name='_ESBMC_Object_B2_ExtcallSuccess.$balance' fn='_ESBMC_nondet_init_balance' nondet='c:solidity_misc.c@1589@F@_ESBMC_nondet_init_balance@b'
   stack[2]: c:@F@_ESBMC_nondet_init_balance < sol:@C@B2_ExtcallSuccess@F@B2_ExtcallSuccess#
ce step: sym='<not-a-symbol>' name='this->$code' fn='' nondet='nondet$symex::nondet22'
   stack[1]: sol:@C@B2_ExtcallSuccess@F@B2_ExtcallSuccess#
ce step: sym='<not-a-symbol>' name='this->_ESBMC_bind_cname' fn='' nondet='-'
   stack[1]: sol:@C@B2_ExtcallSuccess@F@B2_ExtcallSuccess#
ce step: sym='<not-a-symbol>' name='this->tag' fn='' nondet='-'
   stack[1]: sol:@C@B2_ExtcallSuccess@F@B2_ExtcallSuccess#
ce step: sym='c:@msg_data' name='msg_data' fn='_sol_per_tx_reseed' nondet='nondet$symex::nondet24'
   stack[2]: c:@F@_sol_per_tx_reseed < sol:@C@B2_ExtcallSuccess@F@_ESBMC_Main_B2_ExtcallSuccess#
ce step: sym='c:@F@_sol_per_tx_reseed::$tmp::return_value$_nondet_uint$1' name='return_value$_nondet_uint$1' fn='_sol_per_tx_reseed' nondet='nondet$symex::nondet25'
   stack[2]: c:@F@_sol_per_tx_reseed < sol:@C@B2_ExtcallSuccess@F@_ESBMC_Main_B2_ExtcallSuccess#
ce step: sym='c:@msg_sender' name='msg_sender' fn='_sol_per_tx_reseed' nondet='c:@F@_sol_per_tx_reseed::$tmp::return_value$_nondet_uint$1'
   stack[2]: c:@F@_sol_per_tx_reseed < sol:@C@B2_ExtcallSuccess@F@_ESBMC_Main_B2_ExtcallSuccess#
ce step: sym='c:@msg_value' name='msg_value' fn='_sol_per_tx_reseed' nondet='nondet$symex::nondet26'
   stack[2]: c:@F@_sol_per_tx_reseed < sol:@C@B2_ExtcallSuccess@F@_ESBMC_Main_B2_ExtcallSuccess#
ce step: sym='c:@F@_sol_per_tx_reseed::$tmp::return_value$_nondet_uint$2' name='return_value$_nondet_uint$2' fn='_sol_per_tx_reseed' nondet='nondet$symex::nondet27'
   stack[2]: c:@F@_sol_per_tx_reseed < sol:@C@B2_ExtcallSuccess@F@_ESBMC_Main_B2_ExtcallSuccess#
ce step: sym='c:@tx_origin' name='tx_origin' fn='_sol_per_tx_reseed' nondet='c:@F@_sol_per_tx_reseed::$tmp::return_value$_nondet_uint$2'
   stack[2]: c:@F@_sol_per_tx_reseed < sol:@C@B2_ExtcallSuccess@F@_ESBMC_Main_B2_ExtcallSuccess#
ce step: sym='c:@tx_gasprice' name='tx_gasprice' fn='_sol_per_tx_reseed' nondet='nondet$symex::nondet28'
   stack[2]: c:@F@_sol_per_tx_reseed < sol:@C@B2_ExtcallSuccess@F@_ESBMC_Main_B2_ExtcallSuccess#
ce step: sym='c:@F@_sol_per_tx_reseed::$tmp::return_value$_nondet_uint256$3' name='return_value$_nondet_uint256$3' fn='_sol_per_tx_reseed' nondet='nondet$symex::nondet29'
   stack[2]: c:@F@_sol_per_tx_reseed < sol:@C@B2_ExtcallSuccess@F@_ESBMC_Main_B2_ExtcallSuccess#
ce step: sym='c:solidity_misc.c@6424@F@_sol_per_tx_reseed@_new_bn' name='_new_bn' fn='_sol_per_tx_reseed' nondet='c:@F@_sol_per_tx_reseed::$tmp::return_value$_nondet_uint256$3'
   stack[2]: c:@F@_sol_per_tx_reseed < sol:@C@B2_ExtcallSuccess@F@_ESBMC_Main_B2_ExtcallSuccess#
ce step: sym='c:@block_number' name='block_number' fn='_sol_per_tx_reseed' nondet='c:solidity_misc.c@6424@F@_sol_per_tx_reseed@_new_bn'
   stack[2]: c:@F@_sol_per_tx_reseed < sol:@C@B2_ExtcallSuccess@F@_ESBMC_Main_B2_ExtcallSuccess#
ce step: sym='c:@F@_sol_per_tx_reseed::$tmp::return_value$_nondet_uint256$4' name='return_value$_nondet_uint256$4' fn='_sol_per_tx_reseed' nondet='nondet$symex::nondet30'
   stack[2]: c:@F@_sol_per_tx_reseed < sol:@C@B2_ExtcallSuccess@F@_ESBMC_Main_B2_ExtcallSuccess#
ce step: sym='c:solidity_misc.c@6534@F@_sol_per_tx_reseed@_new_ts' name='_new_ts' fn='_sol_per_tx_reseed' nondet='c:@F@_sol_per_tx_reseed::$tmp::return_value$_nondet_uint256$4'
   stack[2]: c:@F@_sol_per_tx_reseed < sol:@C@B2_ExtcallSuccess@F@_ESBMC_Main_B2_ExtcallSuccess#
ce step: sym='c:@block_timestamp' name='block_timestamp' fn='_sol_per_tx_reseed' nondet='c:solidity_misc.c@6534@F@_sol_per_tx_reseed@_new_ts'
   stack[2]: c:@F@_sol_per_tx_reseed < sol:@C@B2_ExtcallSuccess@F@_ESBMC_Main_B2_ExtcallSuccess#
ce step: sym='c:@block_basefee' name='block_basefee' fn='_sol_per_tx_reseed' nondet='nondet$symex::nondet31'
   stack[2]: c:@F@_sol_per_tx_reseed < sol:@C@B2_ExtcallSuccess@F@_ESBMC_Main_B2_ExtcallSuccess#
ce step: sym='c:@block_blobbasefee' name='block_blobbasefee' fn='_sol_per_tx_reseed' nondet='nondet$symex::nondet32'
   stack[2]: c:@F@_sol_per_tx_reseed < sol:@C@B2_ExtcallSuccess@F@_ESBMC_Main_B2_ExtcallSuccess#
ce step: sym='c:@F@_sol_per_tx_reseed::$tmp::return_value$_nondet_uint$5' name='return_value$_nondet_uint$5' fn='_sol_per_tx_reseed' nondet='nondet$symex::nondet33'
   stack[2]: c:@F@_sol_per_tx_reseed < sol:@C@B2_ExtcallSuccess@F@_ESBMC_Main_B2_ExtcallSuccess#
ce step: sym='c:@block_coinbase' name='block_coinbase' fn='_sol_per_tx_reseed' nondet='c:@F@_sol_per_tx_reseed::$tmp::return_value$_nondet_uint$5'
   stack[2]: c:@F@_sol_per_tx_reseed < sol:@C@B2_ExtcallSuccess@F@_ESBMC_Main_B2_ExtcallSuccess#
ce step: sym='c:@block_difficulty' name='block_difficulty' fn='_sol_per_tx_reseed' nondet='nondet$symex::nondet34'
   stack[2]: c:@F@_sol_per_tx_reseed < sol:@C@B2_ExtcallSuccess@F@_ESBMC_Main_B2_ExtcallSuccess#
ce step: sym='c:@block_gaslimit' name='block_gaslimit' fn='_sol_per_tx_reseed' nondet='nondet$symex::nondet35'
   stack[2]: c:@F@_sol_per_tx_reseed < sol:@C@B2_ExtcallSuccess@F@_ESBMC_Main_B2_ExtcallSuccess#
ce step: sym='c:@block_prevrandao' name='block_prevrandao' fn='_sol_per_tx_reseed' nondet='nondet$symex::nondet36'
   stack[2]: c:@F@_sol_per_tx_reseed < sol:@C@B2_ExtcallSuccess@F@_ESBMC_Main_B2_ExtcallSuccess#
ce step: sym='sol:@C@B2_ExtcallSuccess@_ESBMC_Nondet_Extcall_B2_ExtcallSuccess#::$tmp::return_value$_nondet_bool$1' name='return_value$_nondet_bool$1' fn='' nondet='nondet$symex::nondet37'
   stack[2]: sol:@C@B2_ExtcallSuccess@_ESBMC_Nondet_Extcall_B2_ExtcallSuccess# < sol:@C@B2_ExtcallSuccess@F@_ESBMC_Main_B2_ExtcallSuccess#
ce step: sym='sol:@C@B2_ExtcallSuccess@F@probe@amount#8' name='amount' fn='' nondet='nondet$symex::nondet39'
   stack[0]: <empty>
ce step: sym='path_cov::__ESBMC_path_tr$0' name='path_tr$0' fn='probe' nondet='-'
   stack[3]: sol:@C@B2_ExtcallSuccess@F@probe#32 < sol:@C@B2_ExtcallSuccess@_ESBMC_Nondet_Extcall_B2_ExtcallSuccess# < sol:@C@B2_ExtcallSuccess@F@_ESBMC_Main_B2_ExtcallSuccess#
ce step: sym='goto_symex::guard' name='goto_symex::guard' fn='probe' nondet='-'
   stack[3]: sol:@C@B2_ExtcallSuccess@F@probe#32 < sol:@C@B2_ExtcallSuccess@_ESBMC_Nondet_Extcall_B2_ExtcallSuccess# < sol:@C@B2_ExtcallSuccess@F@_ESBMC_Main_B2_ExtcallSuccess#
ce step: sym='sol:@C@B2_ExtcallSuccess@F@probe@ok#12' name='ok' fn='probe' nondet='nondet$symex::nondet40'
   stack[3]: sol:@C@B2_ExtcallSuccess@F@probe#32 < sol:@C@B2_ExtcallSuccess@_ESBMC_Nondet_Extcall_B2_ExtcallSuccess# < sol:@C@B2_ExtcallSuccess@F@_ESBMC_Main_B2_ExtcallSuccess#
ce step: sym='path_cov::__ESBMC_path_tr$0' name='path_tr$0' fn='probe' nondet='-'
   stack[3]: sol:@C@B2_ExtcallSuccess@F@probe#32 < sol:@C@B2_ExtcallSuccess@_ESBMC_Nondet_Extcall_B2_ExtcallSuccess# < sol:@C@B2_ExtcallSuccess@F@_ESBMC_Main_B2_ExtcallSuccess#
ce step: sym='sol:@_ESBMC_Object_B2_ExtcallSuccess#' name='_ESBMC_Object_B2_ExtcallSuccess' fn='probe' nondet='-'
   stack[3]: sol:@C@B2_ExtcallSuccess@F@probe#32 < sol:@C@B2_ExtcallSuccess@_ESBMC_Nondet_Extcall_B2_ExtcallSuccess# < sol:@C@B2_ExtcallSuccess@F@_ESBMC_Main_B2_ExtcallSuccess#
ce step: sym='<not-a-symbol>' name='this->tag' fn='probe' nondet='-'
   stack[3]: sol:@C@B2_ExtcallSuccess@F@probe#32 < sol:@C@B2_ExtcallSuccess@_ESBMC_Nondet_Extcall_B2_ExtcallSuccess# < sol:@C@B2_ExtcallSuccess@F@_ESBMC_Main_B2_ExtcallSuccess#
ce step: sym='sol:@_ESBMC_Object_B2_ExtcallSuccess#' name='_ESBMC_Object_B2_ExtcallSuccess' fn='' nondet='sol:@_ESBMC_Object_B2_ExtcallSuccess#'
   stack[3]: sol:@C@B2_ExtcallSuccess@F@probe#32 < sol:@C@B2_ExtcallSuccess@_ESBMC_Nondet_Extcall_B2_ExtcallSuccess# < sol:@C@B2_ExtcallSuccess@F@_ESBMC_Main_B2_ExtcallSuccess#
ce step: sym='path_cov::__ESBMC_path_cnt$1' name='path_cnt$1' fn='' nondet='-'
   stack[3]: sol:@C@B2_ExtcallSuccess@F@probe#32 < sol:@C@B2_ExtcallSuccess@_ESBMC_Nondet_Extcall_B2_ExtcallSuccess# < sol:@C@B2_ExtcallSuccess@F@_ESBMC_Main_B2_ExtcallSuccess#
ce step: sym='sol:@_ESBMC_Object_B2_ExtcallSuccess#' name='_ESBMC_Object_B2_ExtcallSuccess' fn='' nondet='sol:@_ESBMC_Object_B2_ExtcallSuccess#'
   stack[3]: sol:@C@B2_ExtcallSuccess@F@probe#32 < sol:@C@B2_ExtcallSuccess@_ESBMC_Nondet_Extcall_B2_ExtcallSuccess# < sol:@C@B2_ExtcallSuccess@F@_ESBMC_Main_B2_ExtcallSuccess#
ce step: sym='path_cov::__ESBMC_path_tr$0' name='path_tr$0' fn='' nondet='path_cov::__ESBMC_path_tr$0'
   stack[3]: sol:@C@B2_ExtcallSuccess@F@probe#32 < sol:@C@B2_ExtcallSuccess@_ESBMC_Nondet_Extcall_B2_ExtcallSuccess# < sol:@C@B2_ExtcallSuccess@F@_ESBMC_Main_B2_ExtcallSuccess#
--solidity-path-coverage: CE journal cov-ce-journal.json updated after claim 1 of 3: 1 witnessed path(s) on disk, 1 with non-empty inputs (complete=false)

[Counterexample]


State 1 file /home/samson/workspace/esbmc/src/c2goto/library/solidity/solidity_blockchain.c line 73 column 1 thread 0
----------------------------------------------------
  block_timestamp = 0 (00000000 00000000 00000000 00000000 00000000 00000000 00000000 00000000 00000000 00000000 00000000 00000000 00000000 00000000 00000000 00000000 00000000 00000000 00000000 00000000 00000000 00000000 00000000 00000000 00000000 00000000 00000000 00000000 00000000 00000000 00000000 00000000)

State 2 file /home/samson/workspace/esbmc/src/c2goto/library/solidity/solidity_blockchain.c line 72 column 1 thread 0
----------------------------------------------------
  block_prevrandao = 0 (00000000 00000000 00000000 00000000 00000000 00000000 00000000 00000000 00000000 00000000 00000000 00000000 00000000 00000000 00000000 00000000 00000000 00000000 00000000 00000000 00000000 00000000 00000000 00000000 00000000 00000000 00000000 00000000 00000000 00000000 00000000 00000000)

State 3 file /home/samson/workspace/esbmc/src/c2goto/library/solidity/solidity_blockchain.c line 69 column 1 thread 0
----------------------------------------------------
  block_difficulty = 0 (00000000 00000000 00000000 00000000 00000000 00000000 00000000 00000000 00000000 00000000 00000000 00000000 00000000 00000000 00000000 00000000 00000000 00000000 00000000 00000000 00000000 00000000 00000000 00000000 00000000 00000000 00000000 00000000 00000000 00000000 00000000 00000000)

State 4 file /home/samson/workspace/esbmc/src/c2goto/library/solidity/solidity_blockchain.c line 62 column 1 thread 0
----------------------------------------------------
  tx_origin = 0 (00000000 00000000 00000000 00000000 00000000 00000000 00000000 00000000 00000000 00000000 00000000 00000000 00000000 00000000 00000000 00000000 00000000 00000000 00000000 00000000)

State 5 file /home/samson/workspace/esbmc/src/c2goto/library/solidity/solidity_blockchain.c line 65 column 1 thread 0
----------------------------------------------------
  block_basefee = 0 (00000000 00000000 00000000 00000000 00000000 00000000 00000000 00000000 00000000 00000000 00000000 00000000 00000000 00000000 00000000 00000000 00000000 00000000 00000000 00000000 00000000 00000000 00000000 00000000 00000000 00000000 00000000 00000000 00000000 00000000 00000000 00000000)

State 6 file /home/samson/workspace/esbmc/src/c2goto/library/solidity/solidity_blockchain.c line 71 column 1 thread 0
----------------------------------------------------
  block_number = 0 (00000000 00000000 00000000 00000000 00000000 00000000 00000000 00000000 00000000 00000000 00000000 00000000 00000000 00000000 00000000 00000000 00000000 00000000 00000000 00000000 00000000 00000000 00000000 00000000 00000000 00000000 00000000 00000000 00000000 00000000 00000000 00000000)

State 7 file /home/samson/workspace/esbmc/src/c2goto/library/solidity/solidity_blockchain.c line 30 column 1 thread 0
----------------------------------------------------
  msg_sig = 0 (00000000 00000000 00000000 00000000)

State 8 file /home/samson/workspace/esbmc/src/c2goto/library/solidity/solidity_blockchain.c line 67 column 1 thread 0
----------------------------------------------------
  block_chainid = 0 (00000000 00000000 00000000 00000000 00000000 00000000 00000000 00000000 00000000 00000000 00000000 00000000 00000000 00000000 00000000 00000000 00000000 00000000 00000000 00000000 00000000 00000000 00000000 00000000 00000000 00000000 00000000 00000000 00000000 00000000 00000000 00000000)

State 9 file /home/samson/workspace/esbmc/src/c2goto/library/solidity/solidity_blockchain.c line 70 column 1 thread 0
----------------------------------------------------
  block_gaslimit = 0 (00000000 00000000 00000000 00000000 00000000 00000000 00000000 00000000 00000000 00000000 00000000 00000000 00000000 00000000 00000000 00000000 00000000 00000000 00000000 00000000 00000000 00000000 00000000 00000000 00000000 00000000 00000000 00000000 00000000 00000000 00000000 00000000)

State 10 file /home/samson/workspace/esbmc/src/c2goto/library/solidity/solidity_blockchain.c line 29 column 1 thread 0
----------------------------------------------------
  msg_sender = 0 (00000000 00000000 00000000 00000000 00000000 00000000 00000000 00000000 00000000 00000000 00000000 00000000 00000000 00000000 00000000 00000000 00000000 00000000 00000000 00000000)

State 11 file /home/samson/workspace/esbmc/src/c2goto/library/solidity/solidity_blockchain.c line 31 column 1 thread 0
----------------------------------------------------
  msg_value = 0 (00000000 00000000 00000000 00000000 00000000 00000000 00000000 00000000 00000000 00000000 00000000 00000000 00000000 00000000 00000000 00000000 00000000 00000000 00000000 00000000 00000000 00000000 00000000 00000000 00000000 00000000 00000000 00000000 00000000 00000000 00000000 00000000)

State 12 file /home/samson/workspace/esbmc/src/c2goto/library/solidity/solidity_blockchain.c line 28 column 1 thread 0
----------------------------------------------------
  msg_data = 0 (00000000 00000000 00000000 00000000 00000000 00000000 00000000 00000000 00000000 00000000 00000000 00000000 00000000 00000000 00000000 00000000 00000000 00000000 00000000 00000000 00000000 00000000 00000000 00000000 00000000 00000000 00000000 00000000 00000000 00000000 00000000 00000000)

State 13 file /home/samson/workspace/esbmc/src/c2goto/library/solidity/solidity_blockchain.c line 66 column 1 thread 0
----------------------------------------------------
  block_blobbasefee = 0 (00000000 00000000 00000000 00000000 00000000 00000000 00000000 00000000 00000000 00000000 00000000 00000000 00000000 00000000 00000000 00000000 00000000 00000000 00000000 00000000 00000000 00000000 00000000 00000000 00000000 00000000 00000000 00000000 00000000 00000000 00000000 00000000)

State 14 file /home/samson/workspace/esbmc/src/c2goto/library/solidity/solidity_blockchain.c line 68 column 1 thread 0
----------------------------------------------------
  block_coinbase = 0 (00000000 00000000 00000000 00000000 00000000 00000000 00000000 00000000 00000000 00000000 00000000 00000000 00000000 00000000 00000000 00000000 00000000 00000000 00000000 00000000)

State 15 file /home/samson/workspace/esbmc/src/c2goto/library/solidity/solidity_blockchain.c line 61 column 1 thread 0
----------------------------------------------------
  tx_gasprice = 0 (00000000 00000000 00000000 00000000 00000000 00000000 00000000 00000000 00000000 00000000 00000000 00000000 00000000 00000000 00000000 00000000 00000000 00000000 00000000 00000000 00000000 00000000 00000000 00000000 00000000 00000000 00000000 00000000 00000000 00000000 00000000 00000000)

State 16  thread 0
----------------------------------------------------
  $B2_ExtcallSuccess_bind_cname_list = { 0 }

State 17 file /home/samson/workspace/esbmc/src/c2goto/library/solidity/solidity_misc.c line 122 column 14 function initialize thread 0
----------------------------------------------------
  msg_data = 0 (00000000 00000000 00000000 00000000 00000000 00000000 00000000 00000000 00000000 00000000 00000000 00000000 00000000 00000000 00000000 00000000 00000000 00000000 00000000 00000000 00000000 00000000 00000000 00000000 00000000 00000000 00000000 00000000 00000000 00000000 00000000 00000000)

State 18 file /home/samson/workspace/esbmc/src/c2goto/library/solidity/solidity_misc.c line 123 column 27 function initialize thread 0
----------------------------------------------------
  return_value$_nondet_uint$1 = 0 (00000000 00000000 00000000 00000000)

State 19 file /home/samson/workspace/esbmc/src/c2goto/library/solidity/solidity_misc.c line 123 column 3 function initialize thread 0
----------------------------------------------------
  msg_sender = 0 (00000000 00000000 00000000 00000000 00000000 00000000 00000000 00000000 00000000 00000000 00000000 00000000 00000000 00000000 00000000 00000000 00000000 00000000 00000000 00000000)

State 20 file /home/samson/workspace/esbmc/src/c2goto/library/solidity/solidity_misc.c line 124 column 13 function initialize thread 0
----------------------------------------------------
  msg_sig = 0 (00000000 00000000 00000000 00000000)

State 21 file /home/samson/workspace/esbmc/src/c2goto/library/solidity/solidity_misc.c line 125 column 15 function initialize thread 0
----------------------------------------------------
  msg_value = 0 (00000000 00000000 00000000 00000000 00000000 00000000 00000000 00000000 00000000 00000000 00000000 00000000 00000000 00000000 00000000 00000000 00000000 00000000 00000000 00000000 00000000 00000000 00000000 00000000 00000000 00000000 00000000 00000000 00000000 00000000 00000000 00000000)

State 22 file /home/samson/workspace/esbmc/src/c2goto/library/solidity/solidity_misc.c line 134 column 17 function initialize thread 0
----------------------------------------------------
  tx_gasprice = 0 (00000000 00000000 00000000 00000000 00000000 00000000 00000000 00000000 00000000 00000000 00000000 00000000 00000000 00000000 00000000 00000000 00000000 00000000 00000000 00000000 00000000 00000000 00000000 00000000 00000000 00000000 00000000 00000000 00000000 00000000 00000000 00000000)

State 23 file /home/samson/workspace/esbmc/src/c2goto/library/solidity/solidity_misc.c line 136 column 26 function initialize thread 0
----------------------------------------------------
  return_value$_nondet_uint$2 = 0 (00000000 00000000 00000000 00000000)

State 24 file /home/samson/workspace/esbmc/src/c2goto/library/solidity/solidity_misc.c line 136 column 3 function initialize thread 0
----------------------------------------------------
  tx_origin = 0 (00000000 00000000 00000000 00000000 00000000 00000000 00000000 00000000 00000000 00000000 00000000 00000000 00000000 00000000 00000000 00000000 00000000 00000000 00000000 00000000)

State 25 file /home/samson/workspace/esbmc/src/c2goto/library/solidity/solidity_misc.c line 138 column 19 function initialize thread 0
----------------------------------------------------
  block_basefee = 0 (00000000 00000000 00000000 00000000 00000000 00000000 00000000 00000000 00000000 00000000 00000000 00000000 00000000 00000000 00000000 00000000 00000000 00000000 00000000 00000000 00000000 00000000 00000000 00000000 00000000 00000000 00000000 00000000 00000000 00000000 00000000 00000000)

State 26 file /home/samson/workspace/esbmc/src/c2goto/library/solidity/solidity_misc.c line 139 column 23 function initialize thread 0
----------------------------------------------------
  block_blobbasefee = 0 (00000000 00000000 00000000 00000000 00000000 00000000 00000000 00000000 00000000 00000000 00000000 00000000 00000000 00000000 00000000 00000000 00000000 00000000 00000000 00000000 00000000 00000000 00000000 00000000 00000000 00000000 00000000 00000000 00000000 00000000 00000000 00000000)

State 27 file /home/samson/workspace/esbmc/src/c2goto/library/solidity/solidity_misc.c line 140 column 19 function initialize thread 0
----------------------------------------------------
  block_chainid = 0 (00000000 00000000 00000000 00000000 00000000 00000000 00000000 00000000 00000000 00000000 00000000 00000000 00000000 00000000 00000000 00000000 00000000 00000000 00000000 00000000 00000000 00000000 00000000 00000000 00000000 00000000 00000000 00000000 00000000 00000000 00000000 00000000)

State 28 file /home/samson/workspace/esbmc/src/c2goto/library/solidity/solidity_misc.c line 141 column 31 function initialize thread 0
----------------------------------------------------
  return_value$_nondet_uint$3 = 0 (00000000 00000000 00000000 00000000)

State 29 file /home/samson/workspace/esbmc/src/c2goto/library/solidity/solidity_misc.c line 141 column 3 function initialize thread 0
----------------------------------------------------
  block_coinbase = 0 (00000000 00000000 00000000 00000000 00000000 00000000 00000000 00000000 00000000 00000000 00000000 00000000 00000000 00000000 00000000 00000000 00000000 00000000 00000000 00000000)

State 30 file /home/samson/workspace/esbmc/src/c2goto/library/solidity/solidity_misc.c line 142 column 22 function initialize thread 0
----------------------------------------------------
  block_difficulty = 0 (00000000 00000000 00000000 00000000 00000000 00000000 00000000 00000000 00000000 00000000 00000000 00000000 00000000 00000000 00000000 00000000 00000000 00000000 00000000 00000000 00000000 00000000 00000000 00000000 00000000 00000000 00000000 00000000 00000000 00000000 00000000 00000000)

State 31 file /home/samson/workspace/esbmc/src/c2goto/library/solidity/solidity_misc.c line 143 column 20 function initialize thread 0
----------------------------------------------------
  block_gaslimit = 0 (00000000 00000000 00000000 00000000 00000000 00000000 00000000 00000000 00000000 00000000 00000000 00000000 00000000 00000000 00000000 00000000 00000000 00000000 00000000 00000000 00000000 00000000 00000000 00000000 00000000 00000000 00000000 00000000 00000000 00000000 00000000 00000000)

State 32 file /home/samson/workspace/esbmc/src/c2goto/library/solidity/solidity_misc.c line 144 column 18 function initialize thread 0
----------------------------------------------------
  block_number = 0xFFFFFFFFFFFFFFFFFFFFFFFFFFFFFFFFFFFFFFFFFFFFFFFFFFFFFFFFFFFFFFFF (11111111 11111111 11111111 11111111 11111111 11111111 11111111 11111111 11111111 11111111 11111111 11111111 11111111 11111111 11111111 11111111 11111111 11111111 11111111 11111111 11111111 11111111 11111111 11111111 11111111 11111111 11111111 11111111 11111111 11111111 11111111 11111111)

State 33 file /home/samson/workspace/esbmc/src/c2goto/library/solidity/solidity_misc.c line 145 column 22 function initialize thread 0
----------------------------------------------------
  block_prevrandao = 0 (00000000 00000000 00000000 00000000 00000000 00000000 00000000 00000000 00000000 00000000 00000000 00000000 00000000 00000000 00000000 00000000 00000000 00000000 00000000 00000000 00000000 00000000 00000000 00000000 00000000 00000000 00000000 00000000 00000000 00000000 00000000 00000000)

State 34 file /home/samson/workspace/esbmc/src/c2goto/library/solidity/solidity_misc.c line 146 column 21 function initialize thread 0
----------------------------------------------------
  block_timestamp = 0xFFFFFFFFFFFFFFFFFFFFFFFFFFFFFFFFFFFFFFFFFFFFFFFFFFFFFFFFFFFFFFFF (11111111 11111111 11111111 11111111 11111111 11111111 11111111 11111111 11111111 11111111 11111111 11111111 11111111 11111111 11111111 11111111 11111111 11111111 11111111 11111111 11111111 11111111 11111111 11111111 11111111 11111111 11111111 11111111 11111111 11111111 11111111 11111111)

State 35  thread 0
----------------------------------------------------
  $B2_ExtcallSuccess_bind_cname_list[0] = &"B2_ExtcallSuccess"[0]

State 36 file /home/samson/workspace/esbmc/src/c2goto/library/solidity/solidity_address.c line 95 column 32 function _ESBMC_get_unique_address thread 0
----------------------------------------------------
  return_value$_nondet_uint$1 = 4294967295 (11111111 11111111 11111111 11111111)

State 37 file /home/samson/workspace/esbmc/src/c2goto/library/solidity/solidity_address.c line 95 column 5 function _ESBMC_get_unique_address thread 0
----------------------------------------------------
  tmp = 4294967295 (00000000 00000000 00000000 00000000 00000000 00000000 00000000 00000000 00000000 00000000 00000000 00000000 00000000 00000000 00000000 00000000 11111111 11111111 11111111 11111111)

State 39 file /home/samson/workspace/esbmc/src/c2goto/library/solidity/solidity_address.c line 114 column 5 function _ESBMC_get_unique_address thread 0
----------------------------------------------------
  _ESBMC_Object_B2_ExtcallSuccess.$address = { .tag=nil, .anon_pad$1=nil, .$address=tmp, .anon_pad$3=nil,
    .$codehash=nil, .$balance=nil, .$code=nil,
    ._ESBMC_bind_cname=nil, .anon_pad$8=nil }

State 40  thread 0
----------------------------------------------------
  this->$codehash = { .tag=0, .anon_pad$1=0, .$address=4294967295, .anon_pad$3=0,
    .$codehash=0, .$balance=0, .$code=0,
    ._ESBMC_bind_cname={ .pointer_object=nil, .pointer_offset=nil }, .anon_pad$8=0 }

State 41 file /home/samson/workspace/esbmc/src/c2goto/library/solidity/solidity_misc.c line 44 column 17 function _ESBMC_nondet_init_balance thread 0
----------------------------------------------------
  return_value$_nondet_uint256$1 = 0 (00000000 00000000 00000000 00000000 00000000 00000000 00000000 00000000 00000000 00000000 00000000 00000000 00000000 00000000 00000000 00000000 00000000 00000000 00000000 00000000 00000000 00000000 00000000 00000000 00000000 00000000 00000000 00000000 00000000 00000000 00000000 00000000)

State 42 file /home/samson/workspace/esbmc/src/c2goto/library/solidity/solidity_misc.c line 44 column 3 function _ESBMC_nondet_init_balance thread 0
----------------------------------------------------
  b = 0 (00000000 00000000 00000000 00000000 00000000 00000000 00000000 00000000 00000000 00000000 00000000 00000000 00000000 00000000 00000000 00000000 00000000 00000000 00000000 00000000 00000000 00000000 00000000 00000000 00000000 00000000 00000000 00000000 00000000 00000000 00000000 00000000)

State 44 file /home/samson/workspace/esbmc/src/c2goto/library/solidity/solidity_misc.c line 46 column 3 function _ESBMC_nondet_init_balance thread 0
----------------------------------------------------
  _ESBMC_Object_B2_ExtcallSuccess.$balance = { .tag=0, .anon_pad$1=0, .$address=4294967295, .anon_pad$3=0,
    .$codehash=0, .$balance=0, .$code=0,
    ._ESBMC_bind_cname={ .pointer_object=nil, .pointer_offset=nil }, .anon_pad$8=0 }

State 45  thread 0
----------------------------------------------------
  this->$code = { .tag=0, .anon_pad$1=0, .$address=4294967295, .anon_pad$3=0,
    .$codehash=0, .$balance=0, .$code=0,
    ._ESBMC_bind_cname={ .pointer_object=nil, .pointer_offset=nil }, .anon_pad$8=0 }

State 46  thread 0
----------------------------------------------------
  this->_ESBMC_bind_cname = { .tag=0, .anon_pad$1=0, .$address=4294967295, .anon_pad$3=0,
    .$codehash=0, .$balance=0, .$code=0,
    ._ESBMC_bind_cname=&"B2_ExtcallSuccess"[0], .anon_pad$8=0 }

State 47  thread 0
----------------------------------------------------
  this->tag = { .tag=0, .anon_pad$1=0, .$address=4294967295, .anon_pad$3=0,
    .$codehash=0, .$balance=0, .$code=0,
    ._ESBMC_bind_cname=&"B2_ExtcallSuccess"[0], .anon_pad$8=0 }

State 48 file /home/samson/workspace/esbmc/src/c2goto/library/solidity/solidity_misc.c line 169 column 14 function _sol_per_tx_reseed thread 0
----------------------------------------------------
  msg_data = 0 (00000000 00000000 00000000 00000000 00000000 00000000 00000000 00000000 00000000 00000000 00000000 00000000 00000000 00000000 00000000 00000000 00000000 00000000 00000000 00000000 00000000 00000000 00000000 00000000 00000000 00000000 00000000 00000000 00000000 00000000 00000000 00000000)

State 49 file /home/samson/workspace/esbmc/src/c2goto/library/solidity/solidity_misc.c line 170 column 27 function _sol_per_tx_reseed thread 0
----------------------------------------------------
  return_value$_nondet_uint$1 = 0 (00000000 00000000 00000000 00000000)

State 50 file /home/samson/workspace/esbmc/src/c2goto/library/solidity/solidity_misc.c line 170 column 3 function _sol_per_tx_reseed thread 0
----------------------------------------------------
  msg_sender = 0 (00000000 00000000 00000000 00000000 00000000 00000000 00000000 00000000 00000000 00000000 00000000 00000000 00000000 00000000 00000000 00000000 00000000 00000000 00000000 00000000)

State 51 file /home/samson/workspace/esbmc/src/c2goto/library/solidity/solidity_misc.c line 171 column 15 function _sol_per_tx_reseed thread 0
----------------------------------------------------
  msg_value = 0 (00000000 00000000 00000000 00000000 00000000 00000000 00000000 00000000 00000000 00000000 00000000 00000000 00000000 00000000 00000000 00000000 00000000 00000000 00000000 00000000 00000000 00000000 00000000 00000000 00000000 00000000 00000000 00000000 00000000 00000000 00000000 00000000)

State 52 file /home/samson/workspace/esbmc/src/c2goto/library/solidity/solidity_misc.c line 172 column 26 function _sol_per_tx_reseed thread 0
----------------------------------------------------
  return_value$_nondet_uint$2 = 0 (00000000 00000000 00000000 00000000)

State 53 file /home/samson/workspace/esbmc/src/c2goto/library/solidity/solidity_misc.c line 172 column 3 function _sol_per_tx_reseed thread 0
----------------------------------------------------
  tx_origin = 0 (00000000 00000000 00000000 00000000 00000000 00000000 00000000 00000000 00000000 00000000 00000000 00000000 00000000 00000000 00000000 00000000 00000000 00000000 00000000 00000000)

State 54 file /home/samson/workspace/esbmc/src/c2goto/library/solidity/solidity_misc.c line 173 column 17 function _sol_per_tx_reseed thread 0
----------------------------------------------------
  tx_gasprice = 0 (00000000 00000000 00000000 00000000 00000000 00000000 00000000 00000000 00000000 00000000 00000000 00000000 00000000 00000000 00000000 00000000 00000000 00000000 00000000 00000000 00000000 00000000 00000000 00000000 00000000 00000000 00000000 00000000 00000000 00000000 00000000 00000000)

State 55 file /home/samson/workspace/esbmc/src/c2goto/library/solidity/solidity_misc.c line 192 column 23 function _sol_per_tx_reseed thread 0
----------------------------------------------------
  return_value$_nondet_uint256$3 = 0xFFFFFFFFFFFFFFFFFFFFFFFFFFFFFFFFFFFFFFFFFFFFFFFFFFFFFFFFFFFFFFFF (11111111 11111111 11111111 11111111 11111111 11111111 11111111 11111111 11111111 11111111 11111111 11111111 11111111 11111111 11111111 11111111 11111111 11111111 11111111 11111111 11111111 11111111 11111111 11111111 11111111 11111111 11111111 11111111 11111111 11111111 11111111 11111111)

State 56 file /home/samson/workspace/esbmc/src/c2goto/library/solidity/solidity_misc.c line 192 column 3 function _sol_per_tx_reseed thread 0
----------------------------------------------------
  _new_bn = 0xFFFFFFFFFFFFFFFFFFFFFFFFFFFFFFFFFFFFFFFFFFFFFFFFFFFFFFFFFFFFFFFF (11111111 11111111 11111111 11111111 11111111 11111111 11111111 11111111 11111111 11111111 11111111 11111111 11111111 11111111 11111111 11111111 11111111 11111111 11111111 11111111 11111111 11111111 11111111 11111111 11111111 11111111 11111111 11111111 11111111 11111111 11111111 11111111)

State 58 file /home/samson/workspace/esbmc/src/c2goto/library/solidity/solidity_misc.c line 194 column 3 function _sol_per_tx_reseed thread 0
----------------------------------------------------
  block_number = 0xFFFFFFFFFFFFFFFFFFFFFFFFFFFFFFFFFFFFFFFFFFFFFFFFFFFFFFFFFFFFFFFF (11111111 11111111 11111111 11111111 11111111 11111111 11111111 11111111 11111111 11111111 11111111 11111111 11111111 11111111 11111111 11111111 11111111 11111111 11111111 11111111 11111111 11111111 11111111 11111111 11111111 11111111 11111111 11111111 11111111 11111111 11111111 11111111)

State 59 file /home/samson/workspace/esbmc/src/c2goto/library/solidity/solidity_misc.c line 196 column 23 function _sol_per_tx_reseed thread 0
----------------------------------------------------
  return_value$_nondet_uint256$4 = 0xFFFFFFFFFFFFFFFFFFFFFFFFFFFFFFFFFFFFFFFFFFFFFFFFFFFFFFFFFFFFFFFF (11111111 11111111 11111111 11111111 11111111 11111111 11111111 11111111 11111111 11111111 11111111 11111111 11111111 11111111 11111111 11111111 11111111 11111111 11111111 11111111 11111111 11111111 11111111 11111111 11111111 11111111 11111111 11111111 11111111 11111111 11111111 11111111)

State 60 file /home/samson/workspace/esbmc/src/c2goto/library/solidity/solidity_misc.c line 196 column 3 function _sol_per_tx_reseed thread 0
----------------------------------------------------
  _new_ts = 0xFFFFFFFFFFFFFFFFFFFFFFFFFFFFFFFFFFFFFFFFFFFFFFFFFFFFFFFFFFFFFFFF (11111111 11111111 11111111 11111111 11111111 11111111 11111111 11111111 11111111 11111111 11111111 11111111 11111111 11111111 11111111 11111111 11111111 11111111 11111111 11111111 11111111 11111111 11111111 11111111 11111111 11111111 11111111 11111111 11111111 11111111 11111111 11111111)

State 62 file /home/samson/workspace/esbmc/src/c2goto/library/solidity/solidity_misc.c line 198 column 3 function _sol_per_tx_reseed thread 0
----------------------------------------------------
  block_timestamp = 0xFFFFFFFFFFFFFFFFFFFFFFFFFFFFFFFFFFFFFFFFFFFFFFFFFFFFFFFFFFFFFFFF (11111111 11111111 11111111 11111111 11111111 11111111 11111111 11111111 11111111 11111111 11111111 11111111 11111111 11111111 11111111 11111111 11111111 11111111 11111111 11111111 11111111 11111111 11111111 11111111 11111111 11111111 11111111 11111111 11111111 11111111 11111111 11111111)

State 63 file /home/samson/workspace/esbmc/src/c2goto/library/solidity/solidity_misc.c line 200 column 19 function _sol_per_tx_reseed thread 0
----------------------------------------------------
  block_basefee = 0 (00000000 00000000 00000000 00000000 00000000 00000000 00000000 00000000 00000000 00000000 00000000 00000000 00000000 00000000 00000000 00000000 00000000 00000000 00000000 00000000 00000000 00000000 00000000 00000000 00000000 00000000 00000000 00000000 00000000 00000000 00000000 00000000)

State 64 file /home/samson/workspace/esbmc/src/c2goto/library/solidity/solidity_misc.c line 201 column 23 function _sol_per_tx_reseed thread 0
----------------------------------------------------
  block_blobbasefee = 0 (00000000 00000000 00000000 00000000 00000000 00000000 00000000 00000000 00000000 00000000 00000000 00000000 00000000 00000000 00000000 00000000 00000000 00000000 00000000 00000000 00000000 00000000 00000000 00000000 00000000 00000000 00000000 00000000 00000000 00000000 00000000 00000000)

State 65 file /home/samson/workspace/esbmc/src/c2goto/library/solidity/solidity_misc.c line 202 column 31 function _sol_per_tx_reseed thread 0
----------------------------------------------------
  return_value$_nondet_uint$5 = 0 (00000000 00000000 00000000 00000000)

State 66 file /home/samson/workspace/esbmc/src/c2goto/library/solidity/solidity_misc.c line 202 column 3 function _sol_per_tx_reseed thread 0
----------------------------------------------------
  block_coinbase = 0 (00000000 00000000 00000000 00000000 00000000 00000000 00000000 00000000 00000000 00000000 00000000 00000000 00000000 00000000 00000000 00000000 00000000 00000000 00000000 00000000)

State 67 file /home/samson/workspace/esbmc/src/c2goto/library/solidity/solidity_misc.c line 203 column 22 function _sol_per_tx_reseed thread 0
----------------------------------------------------
  block_difficulty = 0 (00000000 00000000 00000000 00000000 00000000 00000000 00000000 00000000 00000000 00000000 00000000 00000000 00000000 00000000 00000000 00000000 00000000 00000000 00000000 00000000 00000000 00000000 00000000 00000000 00000000 00000000 00000000 00000000 00000000 00000000 00000000 00000000)

State 68 file /home/samson/workspace/esbmc/src/c2goto/library/solidity/solidity_misc.c line 204 column 20 function _sol_per_tx_reseed thread 0
----------------------------------------------------
  block_gaslimit = 0 (00000000 00000000 00000000 00000000 00000000 00000000 00000000 00000000 00000000 00000000 00000000 00000000 00000000 00000000 00000000 00000000 00000000 00000000 00000000 00000000 00000000 00000000 00000000 00000000 00000000 00000000 00000000 00000000 00000000 00000000 00000000 00000000)

State 69 file /home/samson/workspace/esbmc/src/c2goto/library/solidity/solidity_misc.c line 205 column 22 function _sol_per_tx_reseed thread 0
----------------------------------------------------
  block_prevrandao = 0 (00000000 00000000 00000000 00000000 00000000 00000000 00000000 00000000 00000000 00000000 00000000 00000000 00000000 00000000 00000000 00000000 00000000 00000000 00000000 00000000 00000000 00000000 00000000 00000000 00000000 00000000 00000000 00000000 00000000 00000000 00000000 00000000)

State 70  thread 0
----------------------------------------------------
  return_value$_nondet_bool$1 = 1

State 71  thread 0
----------------------------------------------------
  amount = 0 (00000000 00000000 00000000 00000000 00000000 00000000 00000000 00000000 00000000 00000000 00000000 00000000 00000000 00000000 00000000 00000000 00000000 00000000 00000000 00000000 00000000 00000000 00000000 00000000 00000000 00000000 00000000 00000000 00000000 00000000 00000000 00000000)

State 72 file notes/coverage/poc/B2_ExtcallSuccess.sol line 105 function probe thread 0
----------------------------------------------------
  path_tr$0 = 3 (00000000 00000000 00000000 00000000 00000000 00000000 00000000 00000011)

State 73 file notes/coverage/poc/B2_ExtcallSuccess.sol line 105 function probe thread 0
----------------------------------------------------
  goto_symex::guard = 0

State 74 file notes/coverage/poc/B2_ExtcallSuccess.sol line 107 function probe thread 0
----------------------------------------------------
  ok = 0

State 75 file notes/coverage/poc/B2_ExtcallSuccess.sol line 110 function probe thread 0
----------------------------------------------------
  path_tr$0 = 7 (00000000 00000000 00000000 00000000 00000000 00000000 00000000 00000111)

State 76 file notes/coverage/poc/B2_ExtcallSuccess.sol line 113 function probe thread 0
----------------------------------------------------
  _ESBMC_Object_B2_ExtcallSuccess = { .tag=0, .anon_pad$1=0, .$address=4294967295, .anon_pad$3=0,
    .$codehash=0, .$balance=0, .$code=0,
    ._ESBMC_bind_cname=&"B2_ExtcallSuccess"[0], .anon_pad$8=0 }

State 77 file notes/coverage/poc/B2_ExtcallSuccess.sol line 113 function probe thread 0
----------------------------------------------------
  this->tag = { .tag=2, .anon_pad$1=0, .$address=4294967295, .anon_pad$3=0,
    .$codehash=0, .$balance=0, .$code=0,
    ._ESBMC_bind_cname=&"B2_ExtcallSuccess"[0], .anon_pad$8=0 }

State 78  thread 0
----------------------------------------------------
  _ESBMC_Object_B2_ExtcallSuccess = { .tag=2, .anon_pad$1=0, .$address=4294967295, .anon_pad$3=0,
    .$codehash=0, .$balance=0, .$code=0,
    ._ESBMC_bind_cname=&"B2_ExtcallSuccess"[0], .anon_pad$8=0 }

State 82  thread 0
----------------------------------------------------
Violated property:
  sol:@C@B2_ExtcallSuccess@F@probe#32:path:7
  path_tr$0 != 7 || path_cnt$1 != 2

Slicing time: 0.000s (removed 0 assignments)
Solving claim 'probe:path:6 at' with solver Bitwuzla 0.8.2
Encoding remaining VCC(s) using bit-vector/floating-point arithmetic
Encoding to solver time: 0.000s
Solving with solver Bitwuzla 0.8.2
Runtime decision procedure: 0.002s
✗ FAILED: 'probe:path:6 at'
ce step: sym='c:@block_timestamp' name='block_timestamp' fn='' nondet='-'
   stack[0]: <empty>
ce step: sym='c:@block_prevrandao' name='block_prevrandao' fn='' nondet='-'
   stack[0]: <empty>
ce step: sym='c:@block_difficulty' name='block_difficulty' fn='' nondet='-'
   stack[0]: <empty>
ce step: sym='c:@tx_origin' name='tx_origin' fn='' nondet='-'
   stack[0]: <empty>
ce step: sym='c:@block_basefee' name='block_basefee' fn='' nondet='-'
   stack[0]: <empty>
ce step: sym='c:@block_number' name='block_number' fn='' nondet='-'
   stack[0]: <empty>
ce step: sym='c:@msg_sig' name='msg_sig' fn='' nondet='-'
   stack[0]: <empty>
ce step: sym='c:@block_chainid' name='block_chainid' fn='' nondet='-'
   stack[0]: <empty>
ce step: sym='c:@block_gaslimit' name='block_gaslimit' fn='' nondet='-'
   stack[0]: <empty>
ce step: sym='c:@msg_sender' name='msg_sender' fn='' nondet='-'
   stack[0]: <empty>
ce step: sym='c:@msg_value' name='msg_value' fn='' nondet='-'
   stack[0]: <empty>
ce step: sym='c:@msg_data' name='msg_data' fn='' nondet='-'
   stack[0]: <empty>
ce step: sym='c:@block_blobbasefee' name='block_blobbasefee' fn='' nondet='-'
   stack[0]: <empty>
ce step: sym='c:@block_coinbase' name='block_coinbase' fn='' nondet='-'
   stack[0]: <empty>
ce step: sym='c:@tx_gasprice' name='tx_gasprice' fn='' nondet='-'
   stack[0]: <empty>
ce step: sym='sol:@C@B2_ExtcallSuccess@$B2_ExtcallSuccess_bind_cname_list' name='$B2_ExtcallSuccess_bind_cname_list' fn='' nondet='-'
   stack[0]: <empty>
ce step: sym='c:@msg_data' name='msg_data' fn='initialize' nondet='nondet$symex::nondet3'
   stack[3]: c:@F@initialize < sol:@F@_sol_init_ < sol:@C@B2_ExtcallSuccess@F@B2_ExtcallSuccess#
ce step: sym='c:@F@initialize::$tmp::return_value$_nondet_uint$1' name='return_value$_nondet_uint$1' fn='initialize' nondet='nondet$symex::nondet4'
   stack[3]: c:@F@initialize < sol:@F@_sol_init_ < sol:@C@B2_ExtcallSuccess@F@B2_ExtcallSuccess#
ce step: sym='c:@msg_sender' name='msg_sender' fn='initialize' nondet='c:@F@initialize::$tmp::return_value$_nondet_uint$1'
   stack[3]: c:@F@initialize < sol:@F@_sol_init_ < sol:@C@B2_ExtcallSuccess@F@B2_ExtcallSuccess#
ce step: sym='c:@msg_sig' name='msg_sig' fn='initialize' nondet='nondet$symex::nondet5'
   stack[3]: c:@F@initialize < sol:@F@_sol_init_ < sol:@C@B2_ExtcallSuccess@F@B2_ExtcallSuccess#
ce step: sym='c:@msg_value' name='msg_value' fn='initialize' nondet='nondet$symex::nondet6'
   stack[3]: c:@F@initialize < sol:@F@_sol_init_ < sol:@C@B2_ExtcallSuccess@F@B2_ExtcallSuccess#
ce step: sym='c:@tx_gasprice' name='tx_gasprice' fn='initialize' nondet='nondet$symex::nondet7'
   stack[3]: c:@F@initialize < sol:@F@_sol_init_ < sol:@C@B2_ExtcallSuccess@F@B2_ExtcallSuccess#
ce step: sym='c:@F@initialize::$tmp::return_value$_nondet_uint$2' name='return_value$_nondet_uint$2' fn='initialize' nondet='nondet$symex::nondet8'
   stack[3]: c:@F@initialize < sol:@F@_sol_init_ < sol:@C@B2_ExtcallSuccess@F@B2_ExtcallSuccess#
ce step: sym='c:@tx_origin' name='tx_origin' fn='initialize' nondet='c:@F@initialize::$tmp::return_value$_nondet_uint$2'
   stack[3]: c:@F@initialize < sol:@F@_sol_init_ < sol:@C@B2_ExtcallSuccess@F@B2_ExtcallSuccess#
ce step: sym='c:@block_basefee' name='block_basefee' fn='initialize' nondet='nondet$symex::nondet9'
   stack[3]: c:@F@initialize < sol:@F@_sol_init_ < sol:@C@B2_ExtcallSuccess@F@B2_ExtcallSuccess#
ce step: sym='c:@block_blobbasefee' name='block_blobbasefee' fn='initialize' nondet='nondet$symex::nondet10'
   stack[3]: c:@F@initialize < sol:@F@_sol_init_ < sol:@C@B2_ExtcallSuccess@F@B2_ExtcallSuccess#
ce step: sym='c:@block_chainid' name='block_chainid' fn='initialize' nondet='nondet$symex::nondet11'
   stack[3]: c:@F@initialize < sol:@F@_sol_init_ < sol:@C@B2_ExtcallSuccess@F@B2_ExtcallSuccess#
ce step: sym='c:@F@initialize::$tmp::return_value$_nondet_uint$3' name='return_value$_nondet_uint$3' fn='initialize' nondet='nondet$symex::nondet12'
   stack[3]: c:@F@initialize < sol:@F@_sol_init_ < sol:@C@B2_ExtcallSuccess@F@B2_ExtcallSuccess#
ce step: sym='c:@block_coinbase' name='block_coinbase' fn='initialize' nondet='c:@F@initialize::$tmp::return_value$_nondet_uint$3'
   stack[3]: c:@F@initialize < sol:@F@_sol_init_ < sol:@C@B2_ExtcallSuccess@F@B2_ExtcallSuccess#
ce step: sym='c:@block_difficulty' name='block_difficulty' fn='initialize' nondet='nondet$symex::nondet13'
   stack[3]: c:@F@initialize < sol:@F@_sol_init_ < sol:@C@B2_ExtcallSuccess@F@B2_ExtcallSuccess#
ce step: sym='c:@block_gaslimit' name='block_gaslimit' fn='initialize' nondet='nondet$symex::nondet14'
   stack[3]: c:@F@initialize < sol:@F@_sol_init_ < sol:@C@B2_ExtcallSuccess@F@B2_ExtcallSuccess#
ce step: sym='c:@block_number' name='block_number' fn='initialize' nondet='nondet$symex::nondet15'
   stack[3]: c:@F@initialize < sol:@F@_sol_init_ < sol:@C@B2_ExtcallSuccess@F@B2_ExtcallSuccess#
ce step: sym='c:@block_prevrandao' name='block_prevrandao' fn='initialize' nondet='nondet$symex::nondet16'
   stack[3]: c:@F@initialize < sol:@F@_sol_init_ < sol:@C@B2_ExtcallSuccess@F@B2_ExtcallSuccess#
ce step: sym='c:@block_timestamp' name='block_timestamp' fn='initialize' nondet='nondet$symex::nondet17'
   stack[3]: c:@F@initialize < sol:@F@_sol_init_ < sol:@C@B2_ExtcallSuccess@F@B2_ExtcallSuccess#
ce step: sym='<not-a-symbol>' name='$B2_ExtcallSuccess_bind_cname_list[0]' fn='' nondet='-'
   stack[3]: sol:@F@initialize_B2_ExtcallSuccess_bind_cname# < sol:@F@_sol_init_ < sol:@C@B2_ExtcallSuccess@F@B2_ExtcallSuccess#
ce step: sym='c:@F@_ESBMC_get_unique_address::$tmp::return_value$_nondet_uint$1' name='return_value$_nondet_uint$1' fn='_ESBMC_get_unique_address' nondet='nondet$symex::nondet19'
   stack[2]: c:@F@_ESBMC_get_unique_address < sol:@C@B2_ExtcallSuccess@F@B2_ExtcallSuccess#
ce step: sym='c:solidity_address.c@4018@F@_ESBMC_get_unique_address@tmp' name='tmp' fn='_ESBMC_get_unique_address' nondet='c:@F@_ESBMC_get_unique_address::$tmp::return_value$_nondet_uint$1'
   stack[2]: c:@F@_ESBMC_get_unique_address < sol:@C@B2_ExtcallSuccess@F@B2_ExtcallSuccess#
ce step: sym='<not-a-symbol>' name='_ESBMC_Object_B2_ExtcallSuccess.$address' fn='_ESBMC_get_unique_address' nondet='c:solidity_address.c@4018@F@_ESBMC_get_unique_address@tmp'
   stack[2]: c:@F@_ESBMC_get_unique_address < sol:@C@B2_ExtcallSuccess@F@B2_ExtcallSuccess#
ce step: sym='<not-a-symbol>' name='this->$codehash' fn='' nondet='nondet$symex::nondet20'
   stack[1]: sol:@C@B2_ExtcallSuccess@F@B2_ExtcallSuccess#
ce step: sym='c:@F@_ESBMC_nondet_init_balance::$tmp::return_value$_nondet_uint256$1' name='return_value$_nondet_uint256$1' fn='_ESBMC_nondet_init_balance' nondet='nondet$symex::nondet21'
   stack[2]: c:@F@_ESBMC_nondet_init_balance < sol:@C@B2_ExtcallSuccess@F@B2_ExtcallSuccess#
ce step: sym='c:solidity_misc.c@1589@F@_ESBMC_nondet_init_balance@b' name='b' fn='_ESBMC_nondet_init_balance' nondet='c:@F@_ESBMC_nondet_init_balance::$tmp::return_value$_nondet_uint256$1'
   stack[2]: c:@F@_ESBMC_nondet_init_balance < sol:@C@B2_ExtcallSuccess@F@B2_ExtcallSuccess#
ce step: sym='<not-a-symbol>' name='_ESBMC_Object_B2_ExtcallSuccess.$balance' fn='_ESBMC_nondet_init_balance' nondet='c:solidity_misc.c@1589@F@_ESBMC_nondet_init_balance@b'
   stack[2]: c:@F@_ESBMC_nondet_init_balance < sol:@C@B2_ExtcallSuccess@F@B2_ExtcallSuccess#
ce step: sym='<not-a-symbol>' name='this->$code' fn='' nondet='nondet$symex::nondet22'
   stack[1]: sol:@C@B2_ExtcallSuccess@F@B2_ExtcallSuccess#
ce step: sym='<not-a-symbol>' name='this->_ESBMC_bind_cname' fn='' nondet='-'
   stack[1]: sol:@C@B2_ExtcallSuccess@F@B2_ExtcallSuccess#
ce step: sym='<not-a-symbol>' name='this->tag' fn='' nondet='-'
   stack[1]: sol:@C@B2_ExtcallSuccess@F@B2_ExtcallSuccess#
ce step: sym='c:@msg_data' name='msg_data' fn='_sol_per_tx_reseed' nondet='nondet$symex::nondet24'
   stack[2]: c:@F@_sol_per_tx_reseed < sol:@C@B2_ExtcallSuccess@F@_ESBMC_Main_B2_ExtcallSuccess#
ce step: sym='c:@F@_sol_per_tx_reseed::$tmp::return_value$_nondet_uint$1' name='return_value$_nondet_uint$1' fn='_sol_per_tx_reseed' nondet='nondet$symex::nondet25'
   stack[2]: c:@F@_sol_per_tx_reseed < sol:@C@B2_ExtcallSuccess@F@_ESBMC_Main_B2_ExtcallSuccess#
ce step: sym='c:@msg_sender' name='msg_sender' fn='_sol_per_tx_reseed' nondet='c:@F@_sol_per_tx_reseed::$tmp::return_value$_nondet_uint$1'
   stack[2]: c:@F@_sol_per_tx_reseed < sol:@C@B2_ExtcallSuccess@F@_ESBMC_Main_B2_ExtcallSuccess#
ce step: sym='c:@msg_value' name='msg_value' fn='_sol_per_tx_reseed' nondet='nondet$symex::nondet26'
   stack[2]: c:@F@_sol_per_tx_reseed < sol:@C@B2_ExtcallSuccess@F@_ESBMC_Main_B2_ExtcallSuccess#
ce step: sym='c:@F@_sol_per_tx_reseed::$tmp::return_value$_nondet_uint$2' name='return_value$_nondet_uint$2' fn='_sol_per_tx_reseed' nondet='nondet$symex::nondet27'
   stack[2]: c:@F@_sol_per_tx_reseed < sol:@C@B2_ExtcallSuccess@F@_ESBMC_Main_B2_ExtcallSuccess#
ce step: sym='c:@tx_origin' name='tx_origin' fn='_sol_per_tx_reseed' nondet='c:@F@_sol_per_tx_reseed::$tmp::return_value$_nondet_uint$2'
   stack[2]: c:@F@_sol_per_tx_reseed < sol:@C@B2_ExtcallSuccess@F@_ESBMC_Main_B2_ExtcallSuccess#
ce step: sym='c:@tx_gasprice' name='tx_gasprice' fn='_sol_per_tx_reseed' nondet='nondet$symex::nondet28'
   stack[2]: c:@F@_sol_per_tx_reseed < sol:@C@B2_ExtcallSuccess@F@_ESBMC_Main_B2_ExtcallSuccess#
ce step: sym='c:@F@_sol_per_tx_reseed::$tmp::return_value$_nondet_uint256$3' name='return_value$_nondet_uint256$3' fn='_sol_per_tx_reseed' nondet='nondet$symex::nondet29'
   stack[2]: c:@F@_sol_per_tx_reseed < sol:@C@B2_ExtcallSuccess@F@_ESBMC_Main_B2_ExtcallSuccess#
ce step: sym='c:solidity_misc.c@6424@F@_sol_per_tx_reseed@_new_bn' name='_new_bn' fn='_sol_per_tx_reseed' nondet='c:@F@_sol_per_tx_reseed::$tmp::return_value$_nondet_uint256$3'
   stack[2]: c:@F@_sol_per_tx_reseed < sol:@C@B2_ExtcallSuccess@F@_ESBMC_Main_B2_ExtcallSuccess#
ce step: sym='c:@block_number' name='block_number' fn='_sol_per_tx_reseed' nondet='c:solidity_misc.c@6424@F@_sol_per_tx_reseed@_new_bn'
   stack[2]: c:@F@_sol_per_tx_reseed < sol:@C@B2_ExtcallSuccess@F@_ESBMC_Main_B2_ExtcallSuccess#
ce step: sym='c:@F@_sol_per_tx_reseed::$tmp::return_value$_nondet_uint256$4' name='return_value$_nondet_uint256$4' fn='_sol_per_tx_reseed' nondet='nondet$symex::nondet30'
   stack[2]: c:@F@_sol_per_tx_reseed < sol:@C@B2_ExtcallSuccess@F@_ESBMC_Main_B2_ExtcallSuccess#
ce step: sym='c:solidity_misc.c@6534@F@_sol_per_tx_reseed@_new_ts' name='_new_ts' fn='_sol_per_tx_reseed' nondet='c:@F@_sol_per_tx_reseed::$tmp::return_value$_nondet_uint256$4'
   stack[2]: c:@F@_sol_per_tx_reseed < sol:@C@B2_ExtcallSuccess@F@_ESBMC_Main_B2_ExtcallSuccess#
ce step: sym='c:@block_timestamp' name='block_timestamp' fn='_sol_per_tx_reseed' nondet='c:solidity_misc.c@6534@F@_sol_per_tx_reseed@_new_ts'
   stack[2]: c:@F@_sol_per_tx_reseed < sol:@C@B2_ExtcallSuccess@F@_ESBMC_Main_B2_ExtcallSuccess#
ce step: sym='c:@block_basefee' name='block_basefee' fn='_sol_per_tx_reseed' nondet='nondet$symex::nondet31'
   stack[2]: c:@F@_sol_per_tx_reseed < sol:@C@B2_ExtcallSuccess@F@_ESBMC_Main_B2_ExtcallSuccess#
ce step: sym='c:@block_blobbasefee' name='block_blobbasefee' fn='_sol_per_tx_reseed' nondet='nondet$symex::nondet32'
   stack[2]: c:@F@_sol_per_tx_reseed < sol:@C@B2_ExtcallSuccess@F@_ESBMC_Main_B2_ExtcallSuccess#
ce step: sym='c:@F@_sol_per_tx_reseed::$tmp::return_value$_nondet_uint$5' name='return_value$_nondet_uint$5' fn='_sol_per_tx_reseed' nondet='nondet$symex::nondet33'
   stack[2]: c:@F@_sol_per_tx_reseed < sol:@C@B2_ExtcallSuccess@F@_ESBMC_Main_B2_ExtcallSuccess#
ce step: sym='c:@block_coinbase' name='block_coinbase' fn='_sol_per_tx_reseed' nondet='c:@F@_sol_per_tx_reseed::$tmp::return_value$_nondet_uint$5'
   stack[2]: c:@F@_sol_per_tx_reseed < sol:@C@B2_ExtcallSuccess@F@_ESBMC_Main_B2_ExtcallSuccess#
ce step: sym='c:@block_difficulty' name='block_difficulty' fn='_sol_per_tx_reseed' nondet='nondet$symex::nondet34'
   stack[2]: c:@F@_sol_per_tx_reseed < sol:@C@B2_ExtcallSuccess@F@_ESBMC_Main_B2_ExtcallSuccess#
ce step: sym='c:@block_gaslimit' name='block_gaslimit' fn='_sol_per_tx_reseed' nondet='nondet$symex::nondet35'
   stack[2]: c:@F@_sol_per_tx_reseed < sol:@C@B2_ExtcallSuccess@F@_ESBMC_Main_B2_ExtcallSuccess#
ce step: sym='c:@block_prevrandao' name='block_prevrandao' fn='_sol_per_tx_reseed' nondet='nondet$symex::nondet36'
   stack[2]: c:@F@_sol_per_tx_reseed < sol:@C@B2_ExtcallSuccess@F@_ESBMC_Main_B2_ExtcallSuccess#
ce step: sym='sol:@C@B2_ExtcallSuccess@_ESBMC_Nondet_Extcall_B2_ExtcallSuccess#::$tmp::return_value$_nondet_bool$1' name='return_value$_nondet_bool$1' fn='' nondet='nondet$symex::nondet37'
   stack[2]: sol:@C@B2_ExtcallSuccess@_ESBMC_Nondet_Extcall_B2_ExtcallSuccess# < sol:@C@B2_ExtcallSuccess@F@_ESBMC_Main_B2_ExtcallSuccess#
ce step: sym='sol:@C@B2_ExtcallSuccess@F@probe@amount#8' name='amount' fn='' nondet='nondet$symex::nondet39'
   stack[0]: <empty>
ce step: sym='path_cov::__ESBMC_path_tr$0' name='path_tr$0' fn='probe' nondet='-'
   stack[3]: sol:@C@B2_ExtcallSuccess@F@probe#32 < sol:@C@B2_ExtcallSuccess@_ESBMC_Nondet_Extcall_B2_ExtcallSuccess# < sol:@C@B2_ExtcallSuccess@F@_ESBMC_Main_B2_ExtcallSuccess#
ce step: sym='goto_symex::guard' name='goto_symex::guard' fn='probe' nondet='-'
   stack[3]: sol:@C@B2_ExtcallSuccess@F@probe#32 < sol:@C@B2_ExtcallSuccess@_ESBMC_Nondet_Extcall_B2_ExtcallSuccess# < sol:@C@B2_ExtcallSuccess@F@_ESBMC_Main_B2_ExtcallSuccess#
ce step: sym='sol:@C@B2_ExtcallSuccess@F@probe@ok#12' name='ok' fn='probe' nondet='nondet$symex::nondet40'
   stack[3]: sol:@C@B2_ExtcallSuccess@F@probe#32 < sol:@C@B2_ExtcallSuccess@_ESBMC_Nondet_Extcall_B2_ExtcallSuccess# < sol:@C@B2_ExtcallSuccess@F@_ESBMC_Main_B2_ExtcallSuccess#
ce step: sym='path_cov::__ESBMC_path_tr$0' name='path_tr$0' fn='probe' nondet='-'
   stack[3]: sol:@C@B2_ExtcallSuccess@F@probe#32 < sol:@C@B2_ExtcallSuccess@_ESBMC_Nondet_Extcall_B2_ExtcallSuccess# < sol:@C@B2_ExtcallSuccess@F@_ESBMC_Main_B2_ExtcallSuccess#
ce step: sym='<not-a-symbol>' name='this->tag' fn='probe' nondet='-'
   stack[3]: sol:@C@B2_ExtcallSuccess@F@probe#32 < sol:@C@B2_ExtcallSuccess@_ESBMC_Nondet_Extcall_B2_ExtcallSuccess# < sol:@C@B2_ExtcallSuccess@F@_ESBMC_Main_B2_ExtcallSuccess#
ce step: sym='sol:@_ESBMC_Object_B2_ExtcallSuccess#' name='_ESBMC_Object_B2_ExtcallSuccess' fn='probe' nondet='-'
   stack[3]: sol:@C@B2_ExtcallSuccess@F@probe#32 < sol:@C@B2_ExtcallSuccess@_ESBMC_Nondet_Extcall_B2_ExtcallSuccess# < sol:@C@B2_ExtcallSuccess@F@_ESBMC_Main_B2_ExtcallSuccess#
ce step: sym='sol:@_ESBMC_Object_B2_ExtcallSuccess#' name='_ESBMC_Object_B2_ExtcallSuccess' fn='' nondet='sol:@_ESBMC_Object_B2_ExtcallSuccess#'
   stack[3]: sol:@C@B2_ExtcallSuccess@F@probe#32 < sol:@C@B2_ExtcallSuccess@_ESBMC_Nondet_Extcall_B2_ExtcallSuccess# < sol:@C@B2_ExtcallSuccess@F@_ESBMC_Main_B2_ExtcallSuccess#
ce step: sym='path_cov::__ESBMC_path_cnt$1' name='path_cnt$1' fn='' nondet='-'
   stack[3]: sol:@C@B2_ExtcallSuccess@F@probe#32 < sol:@C@B2_ExtcallSuccess@_ESBMC_Nondet_Extcall_B2_ExtcallSuccess# < sol:@C@B2_ExtcallSuccess@F@_ESBMC_Main_B2_ExtcallSuccess#
ce step: sym='sol:@_ESBMC_Object_B2_ExtcallSuccess#' name='_ESBMC_Object_B2_ExtcallSuccess' fn='' nondet='sol:@_ESBMC_Object_B2_ExtcallSuccess#'
   stack[3]: sol:@C@B2_ExtcallSuccess@F@probe#32 < sol:@C@B2_ExtcallSuccess@_ESBMC_Nondet_Extcall_B2_ExtcallSuccess# < sol:@C@B2_ExtcallSuccess@F@_ESBMC_Main_B2_ExtcallSuccess#
ce step: sym='path_cov::__ESBMC_path_tr$0' name='path_tr$0' fn='' nondet='path_cov::__ESBMC_path_tr$0'
   stack[3]: sol:@C@B2_ExtcallSuccess@F@probe#32 < sol:@C@B2_ExtcallSuccess@_ESBMC_Nondet_Extcall_B2_ExtcallSuccess# < sol:@C@B2_ExtcallSuccess@F@_ESBMC_Main_B2_ExtcallSuccess#
--solidity-path-coverage: CE journal cov-ce-journal.json updated after claim 2 of 3: 2 witnessed path(s) on disk, 2 with non-empty inputs (complete=false)

[Counterexample]


State 1 file /home/samson/workspace/esbmc/src/c2goto/library/solidity/solidity_blockchain.c line 73 column 1 thread 0
----------------------------------------------------
  block_timestamp = 0 (00000000 00000000 00000000 00000000 00000000 00000000 00000000 00000000 00000000 00000000 00000000 00000000 00000000 00000000 00000000 00000000 00000000 00000000 00000000 00000000 00000000 00000000 00000000 00000000 00000000 00000000 00000000 00000000 00000000 00000000 00000000 00000000)

State 2 file /home/samson/workspace/esbmc/src/c2goto/library/solidity/solidity_blockchain.c line 72 column 1 thread 0
----------------------------------------------------
  block_prevrandao = 0 (00000000 00000000 00000000 00000000 00000000 00000000 00000000 00000000 00000000 00000000 00000000 00000000 00000000 00000000 00000000 00000000 00000000 00000000 00000000 00000000 00000000 00000000 00000000 00000000 00000000 00000000 00000000 00000000 00000000 00000000 00000000 00000000)

State 3 file /home/samson/workspace/esbmc/src/c2goto/library/solidity/solidity_blockchain.c line 69 column 1 thread 0
----------------------------------------------------
  block_difficulty = 0 (00000000 00000000 00000000 00000000 00000000 00000000 00000000 00000000 00000000 00000000 00000000 00000000 00000000 00000000 00000000 00000000 00000000 00000000 00000000 00000000 00000000 00000000 00000000 00000000 00000000 00000000 00000000 00000000 00000000 00000000 00000000 00000000)

State 4 file /home/samson/workspace/esbmc/src/c2goto/library/solidity/solidity_blockchain.c line 62 column 1 thread 0
----------------------------------------------------
  tx_origin = 0 (00000000 00000000 00000000 00000000 00000000 00000000 00000000 00000000 00000000 00000000 00000000 00000000 00000000 00000000 00000000 00000000 00000000 00000000 00000000 00000000)

State 5 file /home/samson/workspace/esbmc/src/c2goto/library/solidity/solidity_blockchain.c line 65 column 1 thread 0
----------------------------------------------------
  block_basefee = 0 (00000000 00000000 00000000 00000000 00000000 00000000 00000000 00000000 00000000 00000000 00000000 00000000 00000000 00000000 00000000 00000000 00000000 00000000 00000000 00000000 00000000 00000000 00000000 00000000 00000000 00000000 00000000 00000000 00000000 00000000 00000000 00000000)

State 6 file /home/samson/workspace/esbmc/src/c2goto/library/solidity/solidity_blockchain.c line 71 column 1 thread 0
----------------------------------------------------
  block_number = 0 (00000000 00000000 00000000 00000000 00000000 00000000 00000000 00000000 00000000 00000000 00000000 00000000 00000000 00000000 00000000 00000000 00000000 00000000 00000000 00000000 00000000 00000000 00000000 00000000 00000000 00000000 00000000 00000000 00000000 00000000 00000000 00000000)

State 7 file /home/samson/workspace/esbmc/src/c2goto/library/solidity/solidity_blockchain.c line 30 column 1 thread 0
----------------------------------------------------
  msg_sig = 0 (00000000 00000000 00000000 00000000)

State 8 file /home/samson/workspace/esbmc/src/c2goto/library/solidity/solidity_blockchain.c line 67 column 1 thread 0
----------------------------------------------------
  block_chainid = 0 (00000000 00000000 00000000 00000000 00000000 00000000 00000000 00000000 00000000 00000000 00000000 00000000 00000000 00000000 00000000 00000000 00000000 00000000 00000000 00000000 00000000 00000000 00000000 00000000 00000000 00000000 00000000 00000000 00000000 00000000 00000000 00000000)

State 9 file /home/samson/workspace/esbmc/src/c2goto/library/solidity/solidity_blockchain.c line 70 column 1 thread 0
----------------------------------------------------
  block_gaslimit = 0 (00000000 00000000 00000000 00000000 00000000 00000000 00000000 00000000 00000000 00000000 00000000 00000000 00000000 00000000 00000000 00000000 00000000 00000000 00000000 00000000 00000000 00000000 00000000 00000000 00000000 00000000 00000000 00000000 00000000 00000000 00000000 00000000)

State 10 file /home/samson/workspace/esbmc/src/c2goto/library/solidity/solidity_blockchain.c line 29 column 1 thread 0
----------------------------------------------------
  msg_sender = 0 (00000000 00000000 00000000 00000000 00000000 00000000 00000000 00000000 00000000 00000000 00000000 00000000 00000000 00000000 00000000 00000000 00000000 00000000 00000000 00000000)

State 11 file /home/samson/workspace/esbmc/src/c2goto/library/solidity/solidity_blockchain.c line 31 column 1 thread 0
----------------------------------------------------
  msg_value = 0 (00000000 00000000 00000000 00000000 00000000 00000000 00000000 00000000 00000000 00000000 00000000 00000000 00000000 00000000 00000000 00000000 00000000 00000000 00000000 00000000 00000000 00000000 00000000 00000000 00000000 00000000 00000000 00000000 00000000 00000000 00000000 00000000)

State 12 file /home/samson/workspace/esbmc/src/c2goto/library/solidity/solidity_blockchain.c line 28 column 1 thread 0
----------------------------------------------------
  msg_data = 0 (00000000 00000000 00000000 00000000 00000000 00000000 00000000 00000000 00000000 00000000 00000000 00000000 00000000 00000000 00000000 00000000 00000000 00000000 00000000 00000000 00000000 00000000 00000000 00000000 00000000 00000000 00000000 00000000 00000000 00000000 00000000 00000000)

State 13 file /home/samson/workspace/esbmc/src/c2goto/library/solidity/solidity_blockchain.c line 66 column 1 thread 0
----------------------------------------------------
  block_blobbasefee = 0 (00000000 00000000 00000000 00000000 00000000 00000000 00000000 00000000 00000000 00000000 00000000 00000000 00000000 00000000 00000000 00000000 00000000 00000000 00000000 00000000 00000000 00000000 00000000 00000000 00000000 00000000 00000000 00000000 00000000 00000000 00000000 00000000)

State 14 file /home/samson/workspace/esbmc/src/c2goto/library/solidity/solidity_blockchain.c line 68 column 1 thread 0
----------------------------------------------------
  block_coinbase = 0 (00000000 00000000 00000000 00000000 00000000 00000000 00000000 00000000 00000000 00000000 00000000 00000000 00000000 00000000 00000000 00000000 00000000 00000000 00000000 00000000)

State 15 file /home/samson/workspace/esbmc/src/c2goto/library/solidity/solidity_blockchain.c line 61 column 1 thread 0
----------------------------------------------------
  tx_gasprice = 0 (00000000 00000000 00000000 00000000 00000000 00000000 00000000 00000000 00000000 00000000 00000000 00000000 00000000 00000000 00000000 00000000 00000000 00000000 00000000 00000000 00000000 00000000 00000000 00000000 00000000 00000000 00000000 00000000 00000000 00000000 00000000 00000000)

State 16  thread 0
----------------------------------------------------
  $B2_ExtcallSuccess_bind_cname_list = { 0 }

State 17 file /home/samson/workspace/esbmc/src/c2goto/library/solidity/solidity_misc.c line 122 column 14 function initialize thread 0
----------------------------------------------------
  msg_data = 0 (00000000 00000000 00000000 00000000 00000000 00000000 00000000 00000000 00000000 00000000 00000000 00000000 00000000 00000000 00000000 00000000 00000000 00000000 00000000 00000000 00000000 00000000 00000000 00000000 00000000 00000000 00000000 00000000 00000000 00000000 00000000 00000000)

State 18 file /home/samson/workspace/esbmc/src/c2goto/library/solidity/solidity_misc.c line 123 column 27 function initialize thread 0
----------------------------------------------------
  return_value$_nondet_uint$1 = 0 (00000000 00000000 00000000 00000000)

State 19 file /home/samson/workspace/esbmc/src/c2goto/library/solidity/solidity_misc.c line 123 column 3 function initialize thread 0
----------------------------------------------------
  msg_sender = 0 (00000000 00000000 00000000 00000000 00000000 00000000 00000000 00000000 00000000 00000000 00000000 00000000 00000000 00000000 00000000 00000000 00000000 00000000 00000000 00000000)

State 20 file /home/samson/workspace/esbmc/src/c2goto/library/solidity/solidity_misc.c line 124 column 13 function initialize thread 0
----------------------------------------------------
  msg_sig = 0 (00000000 00000000 00000000 00000000)

State 21 file /home/samson/workspace/esbmc/src/c2goto/library/solidity/solidity_misc.c line 125 column 15 function initialize thread 0
----------------------------------------------------
  msg_value = 0 (00000000 00000000 00000000 00000000 00000000 00000000 00000000 00000000 00000000 00000000 00000000 00000000 00000000 00000000 00000000 00000000 00000000 00000000 00000000 00000000 00000000 00000000 00000000 00000000 00000000 00000000 00000000 00000000 00000000 00000000 00000000 00000000)

State 22 file /home/samson/workspace/esbmc/src/c2goto/library/solidity/solidity_misc.c line 134 column 17 function initialize thread 0
----------------------------------------------------
  tx_gasprice = 0 (00000000 00000000 00000000 00000000 00000000 00000000 00000000 00000000 00000000 00000000 00000000 00000000 00000000 00000000 00000000 00000000 00000000 00000000 00000000 00000000 00000000 00000000 00000000 00000000 00000000 00000000 00000000 00000000 00000000 00000000 00000000 00000000)

State 23 file /home/samson/workspace/esbmc/src/c2goto/library/solidity/solidity_misc.c line 136 column 26 function initialize thread 0
----------------------------------------------------
  return_value$_nondet_uint$2 = 0 (00000000 00000000 00000000 00000000)

State 24 file /home/samson/workspace/esbmc/src/c2goto/library/solidity/solidity_misc.c line 136 column 3 function initialize thread 0
----------------------------------------------------
  tx_origin = 0 (00000000 00000000 00000000 00000000 00000000 00000000 00000000 00000000 00000000 00000000 00000000 00000000 00000000 00000000 00000000 00000000 00000000 00000000 00000000 00000000)

State 25 file /home/samson/workspace/esbmc/src/c2goto/library/solidity/solidity_misc.c line 138 column 19 function initialize thread 0
----------------------------------------------------
  block_basefee = 0 (00000000 00000000 00000000 00000000 00000000 00000000 00000000 00000000 00000000 00000000 00000000 00000000 00000000 00000000 00000000 00000000 00000000 00000000 00000000 00000000 00000000 00000000 00000000 00000000 00000000 00000000 00000000 00000000 00000000 00000000 00000000 00000000)

State 26 file /home/samson/workspace/esbmc/src/c2goto/library/solidity/solidity_misc.c line 139 column 23 function initialize thread 0
----------------------------------------------------
  block_blobbasefee = 0 (00000000 00000000 00000000 00000000 00000000 00000000 00000000 00000000 00000000 00000000 00000000 00000000 00000000 00000000 00000000 00000000 00000000 00000000 00000000 00000000 00000000 00000000 00000000 00000000 00000000 00000000 00000000 00000000 00000000 00000000 00000000 00000000)

State 27 file /home/samson/workspace/esbmc/src/c2goto/library/solidity/solidity_misc.c line 140 column 19 function initialize thread 0
----------------------------------------------------
  block_chainid = 0 (00000000 00000000 00000000 00000000 00000000 00000000 00000000 00000000 00000000 00000000 00000000 00000000 00000000 00000000 00000000 00000000 00000000 00000000 00000000 00000000 00000000 00000000 00000000 00000000 00000000 00000000 00000000 00000000 00000000 00000000 00000000 00000000)

State 28 file /home/samson/workspace/esbmc/src/c2goto/library/solidity/solidity_misc.c line 141 column 31 function initialize thread 0
----------------------------------------------------
  return_value$_nondet_uint$3 = 0 (00000000 00000000 00000000 00000000)

State 29 file /home/samson/workspace/esbmc/src/c2goto/library/solidity/solidity_misc.c line 141 column 3 function initialize thread 0
----------------------------------------------------
  block_coinbase = 0 (00000000 00000000 00000000 00000000 00000000 00000000 00000000 00000000 00000000 00000000 00000000 00000000 00000000 00000000 00000000 00000000 00000000 00000000 00000000 00000000)

State 30 file /home/samson/workspace/esbmc/src/c2goto/library/solidity/solidity_misc.c line 142 column 22 function initialize thread 0
----------------------------------------------------
  block_difficulty = 0 (00000000 00000000 00000000 00000000 00000000 00000000 00000000 00000000 00000000 00000000 00000000 00000000 00000000 00000000 00000000 00000000 00000000 00000000 00000000 00000000 00000000 00000000 00000000 00000000 00000000 00000000 00000000 00000000 00000000 00000000 00000000 00000000)

State 31 file /home/samson/workspace/esbmc/src/c2goto/library/solidity/solidity_misc.c line 143 column 20 function initialize thread 0
----------------------------------------------------
  block_gaslimit = 0 (00000000 00000000 00000000 00000000 00000000 00000000 00000000 00000000 00000000 00000000 00000000 00000000 00000000 00000000 00000000 00000000 00000000 00000000 00000000 00000000 00000000 00000000 00000000 00000000 00000000 00000000 00000000 00000000 00000000 00000000 00000000 00000000)

State 32 file /home/samson/workspace/esbmc/src/c2goto/library/solidity/solidity_misc.c line 144 column 18 function initialize thread 0
----------------------------------------------------
  block_number = 0xFFFFFFFFFFFFFFFFFFFFFFFFFFFFFFFFFFFFFFFFFFFFFFFFFFFFFFFFFFFFFFFF (11111111 11111111 11111111 11111111 11111111 11111111 11111111 11111111 11111111 11111111 11111111 11111111 11111111 11111111 11111111 11111111 11111111 11111111 11111111 11111111 11111111 11111111 11111111 11111111 11111111 11111111 11111111 11111111 11111111 11111111 11111111 11111111)

State 33 file /home/samson/workspace/esbmc/src/c2goto/library/solidity/solidity_misc.c line 145 column 22 function initialize thread 0
----------------------------------------------------
  block_prevrandao = 0 (00000000 00000000 00000000 00000000 00000000 00000000 00000000 00000000 00000000 00000000 00000000 00000000 00000000 00000000 00000000 00000000 00000000 00000000 00000000 00000000 00000000 00000000 00000000 00000000 00000000 00000000 00000000 00000000 00000000 00000000 00000000 00000000)

State 34 file /home/samson/workspace/esbmc/src/c2goto/library/solidity/solidity_misc.c line 146 column 21 function initialize thread 0
----------------------------------------------------
  block_timestamp = 0xFFFFFFFFFFFFFFFFFFFFFFFFFFFFFFFFFFFFFFFFFFFFFFFFFFFFFFFFFFFFFFFF (11111111 11111111 11111111 11111111 11111111 11111111 11111111 11111111 11111111 11111111 11111111 11111111 11111111 11111111 11111111 11111111 11111111 11111111 11111111 11111111 11111111 11111111 11111111 11111111 11111111 11111111 11111111 11111111 11111111 11111111 11111111 11111111)

State 35  thread 0
----------------------------------------------------
  $B2_ExtcallSuccess_bind_cname_list[0] = &"B2_ExtcallSuccess"[0]

State 36 file /home/samson/workspace/esbmc/src/c2goto/library/solidity/solidity_address.c line 95 column 32 function _ESBMC_get_unique_address thread 0
----------------------------------------------------
  return_value$_nondet_uint$1 = 4294967295 (11111111 11111111 11111111 11111111)

State 37 file /home/samson/workspace/esbmc/src/c2goto/library/solidity/solidity_address.c line 95 column 5 function _ESBMC_get_unique_address thread 0
----------------------------------------------------
  tmp = 4294967295 (00000000 00000000 00000000 00000000 00000000 00000000 00000000 00000000 00000000 00000000 00000000 00000000 00000000 00000000 00000000 00000000 11111111 11111111 11111111 11111111)

State 39 file /home/samson/workspace/esbmc/src/c2goto/library/solidity/solidity_address.c line 114 column 5 function _ESBMC_get_unique_address thread 0
----------------------------------------------------
  _ESBMC_Object_B2_ExtcallSuccess.$address = { .tag=nil, .anon_pad$1=nil, .$address=tmp, .anon_pad$3=nil,
    .$codehash=nil, .$balance=nil, .$code=nil,
    ._ESBMC_bind_cname=nil, .anon_pad$8=nil }

State 40  thread 0
----------------------------------------------------
  this->$codehash = { .tag=0, .anon_pad$1=0, .$address=4294967295, .anon_pad$3=0,
    .$codehash=0, .$balance=0, .$code=0,
    ._ESBMC_bind_cname={ .pointer_object=nil, .pointer_offset=nil }, .anon_pad$8=0 }

State 41 file /home/samson/workspace/esbmc/src/c2goto/library/solidity/solidity_misc.c line 44 column 17 function _ESBMC_nondet_init_balance thread 0
----------------------------------------------------
  return_value$_nondet_uint256$1 = 0 (00000000 00000000 00000000 00000000 00000000 00000000 00000000 00000000 00000000 00000000 00000000 00000000 00000000 00000000 00000000 00000000 00000000 00000000 00000000 00000000 00000000 00000000 00000000 00000000 00000000 00000000 00000000 00000000 00000000 00000000 00000000 00000000)

State 42 file /home/samson/workspace/esbmc/src/c2goto/library/solidity/solidity_misc.c line 44 column 3 function _ESBMC_nondet_init_balance thread 0
----------------------------------------------------
  b = 0 (00000000 00000000 00000000 00000000 00000000 00000000 00000000 00000000 00000000 00000000 00000000 00000000 00000000 00000000 00000000 00000000 00000000 00000000 00000000 00000000 00000000 00000000 00000000 00000000 00000000 00000000 00000000 00000000 00000000 00000000 00000000 00000000)

State 44 file /home/samson/workspace/esbmc/src/c2goto/library/solidity/solidity_misc.c line 46 column 3 function _ESBMC_nondet_init_balance thread 0
----------------------------------------------------
  _ESBMC_Object_B2_ExtcallSuccess.$balance = { .tag=0, .anon_pad$1=0, .$address=4294967295, .anon_pad$3=0,
    .$codehash=0, .$balance=0, .$code=0,
    ._ESBMC_bind_cname={ .pointer_object=nil, .pointer_offset=nil }, .anon_pad$8=0 }

State 45  thread 0
----------------------------------------------------
  this->$code = { .tag=0, .anon_pad$1=0, .$address=4294967295, .anon_pad$3=0,
    .$codehash=0, .$balance=0, .$code=0,
    ._ESBMC_bind_cname={ .pointer_object=nil, .pointer_offset=nil }, .anon_pad$8=0 }

State 46  thread 0
----------------------------------------------------
  this->_ESBMC_bind_cname = { .tag=0, .anon_pad$1=0, .$address=4294967295, .anon_pad$3=0,
    .$codehash=0, .$balance=0, .$code=0,
    ._ESBMC_bind_cname=&"B2_ExtcallSuccess"[0], .anon_pad$8=0 }

State 47  thread 0
----------------------------------------------------
  this->tag = { .tag=0, .anon_pad$1=0, .$address=4294967295, .anon_pad$3=0,
    .$codehash=0, .$balance=0, .$code=0,
    ._ESBMC_bind_cname=&"B2_ExtcallSuccess"[0], .anon_pad$8=0 }

State 48 file /home/samson/workspace/esbmc/src/c2goto/library/solidity/solidity_misc.c line 169 column 14 function _sol_per_tx_reseed thread 0
----------------------------------------------------
  msg_data = 0 (00000000 00000000 00000000 00000000 00000000 00000000 00000000 00000000 00000000 00000000 00000000 00000000 00000000 00000000 00000000 00000000 00000000 00000000 00000000 00000000 00000000 00000000 00000000 00000000 00000000 00000000 00000000 00000000 00000000 00000000 00000000 00000000)

State 49 file /home/samson/workspace/esbmc/src/c2goto/library/solidity/solidity_misc.c line 170 column 27 function _sol_per_tx_reseed thread 0
----------------------------------------------------
  return_value$_nondet_uint$1 = 0 (00000000 00000000 00000000 00000000)

State 50 file /home/samson/workspace/esbmc/src/c2goto/library/solidity/solidity_misc.c line 170 column 3 function _sol_per_tx_reseed thread 0
----------------------------------------------------
  msg_sender = 0 (00000000 00000000 00000000 00000000 00000000 00000000 00000000 00000000 00000000 00000000 00000000 00000000 00000000 00000000 00000000 00000000 00000000 00000000 00000000 00000000)

State 51 file /home/samson/workspace/esbmc/src/c2goto/library/solidity/solidity_misc.c line 171 column 15 function _sol_per_tx_reseed thread 0
----------------------------------------------------
  msg_value = 0 (00000000 00000000 00000000 00000000 00000000 00000000 00000000 00000000 00000000 00000000 00000000 00000000 00000000 00000000 00000000 00000000 00000000 00000000 00000000 00000000 00000000 00000000 00000000 00000000 00000000 00000000 00000000 00000000 00000000 00000000 00000000 00000000)

State 52 file /home/samson/workspace/esbmc/src/c2goto/library/solidity/solidity_misc.c line 172 column 26 function _sol_per_tx_reseed thread 0
----------------------------------------------------
  return_value$_nondet_uint$2 = 0 (00000000 00000000 00000000 00000000)

State 53 file /home/samson/workspace/esbmc/src/c2goto/library/solidity/solidity_misc.c line 172 column 3 function _sol_per_tx_reseed thread 0
----------------------------------------------------
  tx_origin = 0 (00000000 00000000 00000000 00000000 00000000 00000000 00000000 00000000 00000000 00000000 00000000 00000000 00000000 00000000 00000000 00000000 00000000 00000000 00000000 00000000)

State 54 file /home/samson/workspace/esbmc/src/c2goto/library/solidity/solidity_misc.c line 173 column 17 function _sol_per_tx_reseed thread 0
----------------------------------------------------
  tx_gasprice = 0 (00000000 00000000 00000000 00000000 00000000 00000000 00000000 00000000 00000000 00000000 00000000 00000000 00000000 00000000 00000000 00000000 00000000 00000000 00000000 00000000 00000000 00000000 00000000 00000000 00000000 00000000 00000000 00000000 00000000 00000000 00000000 00000000)

State 55 file /home/samson/workspace/esbmc/src/c2goto/library/solidity/solidity_misc.c line 192 column 23 function _sol_per_tx_reseed thread 0
----------------------------------------------------
  return_value$_nondet_uint256$3 = 0xFFFFFFFFFFFFFFFFFFFFFFFFFFFFFFFFFFFFFFFFFFFFFFFFFFFFFFFFFFFFFFFF (11111111 11111111 11111111 11111111 11111111 11111111 11111111 11111111 11111111 11111111 11111111 11111111 11111111 11111111 11111111 11111111 11111111 11111111 11111111 11111111 11111111 11111111 11111111 11111111 11111111 11111111 11111111 11111111 11111111 11111111 11111111 11111111)

State 56 file /home/samson/workspace/esbmc/src/c2goto/library/solidity/solidity_misc.c line 192 column 3 function _sol_per_tx_reseed thread 0
----------------------------------------------------
  _new_bn = 0xFFFFFFFFFFFFFFFFFFFFFFFFFFFFFFFFFFFFFFFFFFFFFFFFFFFFFFFFFFFFFFFF (11111111 11111111 11111111 11111111 11111111 11111111 11111111 11111111 11111111 11111111 11111111 11111111 11111111 11111111 11111111 11111111 11111111 11111111 11111111 11111111 11111111 11111111 11111111 11111111 11111111 11111111 11111111 11111111 11111111 11111111 11111111 11111111)

State 58 file /home/samson/workspace/esbmc/src/c2goto/library/solidity/solidity_misc.c line 194 column 3 function _sol_per_tx_reseed thread 0
----------------------------------------------------
  block_number = 0xFFFFFFFFFFFFFFFFFFFFFFFFFFFFFFFFFFFFFFFFFFFFFFFFFFFFFFFFFFFFFFFF (11111111 11111111 11111111 11111111 11111111 11111111 11111111 11111111 11111111 11111111 11111111 11111111 11111111 11111111 11111111 11111111 11111111 11111111 11111111 11111111 11111111 11111111 11111111 11111111 11111111 11111111 11111111 11111111 11111111 11111111 11111111 11111111)

State 59 file /home/samson/workspace/esbmc/src/c2goto/library/solidity/solidity_misc.c line 196 column 23 function _sol_per_tx_reseed thread 0
----------------------------------------------------
  return_value$_nondet_uint256$4 = 0xFFFFFFFFFFFFFFFFFFFFFFFFFFFFFFFFFFFFFFFFFFFFFFFFFFFFFFFFFFFFFFFF (11111111 11111111 11111111 11111111 11111111 11111111 11111111 11111111 11111111 11111111 11111111 11111111 11111111 11111111 11111111 11111111 11111111 11111111 11111111 11111111 11111111 11111111 11111111 11111111 11111111 11111111 11111111 11111111 11111111 11111111 11111111 11111111)

State 60 file /home/samson/workspace/esbmc/src/c2goto/library/solidity/solidity_misc.c line 196 column 3 function _sol_per_tx_reseed thread 0
----------------------------------------------------
  _new_ts = 0xFFFFFFFFFFFFFFFFFFFFFFFFFFFFFFFFFFFFFFFFFFFFFFFFFFFFFFFFFFFFFFFF (11111111 11111111 11111111 11111111 11111111 11111111 11111111 11111111 11111111 11111111 11111111 11111111 11111111 11111111 11111111 11111111 11111111 11111111 11111111 11111111 11111111 11111111 11111111 11111111 11111111 11111111 11111111 11111111 11111111 11111111 11111111 11111111)

State 62 file /home/samson/workspace/esbmc/src/c2goto/library/solidity/solidity_misc.c line 198 column 3 function _sol_per_tx_reseed thread 0
----------------------------------------------------
  block_timestamp = 0xFFFFFFFFFFFFFFFFFFFFFFFFFFFFFFFFFFFFFFFFFFFFFFFFFFFFFFFFFFFFFFFF (11111111 11111111 11111111 11111111 11111111 11111111 11111111 11111111 11111111 11111111 11111111 11111111 11111111 11111111 11111111 11111111 11111111 11111111 11111111 11111111 11111111 11111111 11111111 11111111 11111111 11111111 11111111 11111111 11111111 11111111 11111111 11111111)

State 63 file /home/samson/workspace/esbmc/src/c2goto/library/solidity/solidity_misc.c line 200 column 19 function _sol_per_tx_reseed thread 0
----------------------------------------------------
  block_basefee = 0 (00000000 00000000 00000000 00000000 00000000 00000000 00000000 00000000 00000000 00000000 00000000 00000000 00000000 00000000 00000000 00000000 00000000 00000000 00000000 00000000 00000000 00000000 00000000 00000000 00000000 00000000 00000000 00000000 00000000 00000000 00000000 00000000)

State 64 file /home/samson/workspace/esbmc/src/c2goto/library/solidity/solidity_misc.c line 201 column 23 function _sol_per_tx_reseed thread 0
----------------------------------------------------
  block_blobbasefee = 0 (00000000 00000000 00000000 00000000 00000000 00000000 00000000 00000000 00000000 00000000 00000000 00000000 00000000 00000000 00000000 00000000 00000000 00000000 00000000 00000000 00000000 00000000 00000000 00000000 00000000 00000000 00000000 00000000 00000000 00000000 00000000 00000000)

State 65 file /home/samson/workspace/esbmc/src/c2goto/library/solidity/solidity_misc.c line 202 column 31 function _sol_per_tx_reseed thread 0
----------------------------------------------------
  return_value$_nondet_uint$5 = 0 (00000000 00000000 00000000 00000000)

State 66 file /home/samson/workspace/esbmc/src/c2goto/library/solidity/solidity_misc.c line 202 column 3 function _sol_per_tx_reseed thread 0
----------------------------------------------------
  block_coinbase = 0 (00000000 00000000 00000000 00000000 00000000 00000000 00000000 00000000 00000000 00000000 00000000 00000000 00000000 00000000 00000000 00000000 00000000 00000000 00000000 00000000)

State 67 file /home/samson/workspace/esbmc/src/c2goto/library/solidity/solidity_misc.c line 203 column 22 function _sol_per_tx_reseed thread 0
----------------------------------------------------
  block_difficulty = 0 (00000000 00000000 00000000 00000000 00000000 00000000 00000000 00000000 00000000 00000000 00000000 00000000 00000000 00000000 00000000 00000000 00000000 00000000 00000000 00000000 00000000 00000000 00000000 00000000 00000000 00000000 00000000 00000000 00000000 00000000 00000000 00000000)

State 68 file /home/samson/workspace/esbmc/src/c2goto/library/solidity/solidity_misc.c line 204 column 20 function _sol_per_tx_reseed thread 0
----------------------------------------------------
  block_gaslimit = 0 (00000000 00000000 00000000 00000000 00000000 00000000 00000000 00000000 00000000 00000000 00000000 00000000 00000000 00000000 00000000 00000000 00000000 00000000 00000000 00000000 00000000 00000000 00000000 00000000 00000000 00000000 00000000 00000000 00000000 00000000 00000000 00000000)

State 69 file /home/samson/workspace/esbmc/src/c2goto/library/solidity/solidity_misc.c line 205 column 22 function _sol_per_tx_reseed thread 0
----------------------------------------------------
  block_prevrandao = 0 (00000000 00000000 00000000 00000000 00000000 00000000 00000000 00000000 00000000 00000000 00000000 00000000 00000000 00000000 00000000 00000000 00000000 00000000 00000000 00000000 00000000 00000000 00000000 00000000 00000000 00000000 00000000 00000000 00000000 00000000 00000000 00000000)

State 70  thread 0
----------------------------------------------------
  return_value$_nondet_bool$1 = 1

State 71  thread 0
----------------------------------------------------
  amount = 0 (00000000 00000000 00000000 00000000 00000000 00000000 00000000 00000000 00000000 00000000 00000000 00000000 00000000 00000000 00000000 00000000 00000000 00000000 00000000 00000000 00000000 00000000 00000000 00000000 00000000 00000000 00000000 00000000 00000000 00000000 00000000 00000000)

State 72 file notes/coverage/poc/B2_ExtcallSuccess.sol line 105 function probe thread 0
----------------------------------------------------
  path_tr$0 = 3 (00000000 00000000 00000000 00000000 00000000 00000000 00000000 00000011)

State 73 file notes/coverage/poc/B2_ExtcallSuccess.sol line 105 function probe thread 0
----------------------------------------------------
  goto_symex::guard = 0

State 74 file notes/coverage/poc/B2_ExtcallSuccess.sol line 107 function probe thread 0
----------------------------------------------------
  ok = 1

State 75 file notes/coverage/poc/B2_ExtcallSuccess.sol line 110 function probe thread 0
----------------------------------------------------
  path_tr$0 = 6 (00000000 00000000 00000000 00000000 00000000 00000000 00000000 00000110)

State 76 file notes/coverage/poc/B2_ExtcallSuccess.sol line 111 function probe thread 0
----------------------------------------------------
  this->tag = { .tag=1, .anon_pad$1=0, .$address=4294967295, .anon_pad$3=0,
    .$codehash=0, .$balance=0, .$code=0,
    ._ESBMC_bind_cname=&"B2_ExtcallSuccess"[0], .anon_pad$8=0 }

State 77 file notes/coverage/poc/B2_ExtcallSuccess.sol line 113 function probe thread 0
----------------------------------------------------
  _ESBMC_Object_B2_ExtcallSuccess = { .tag=0, .anon_pad$1=0, .$address=4294967295, .anon_pad$3=0,
    .$codehash=0, .$balance=0, .$code=0,
    ._ESBMC_bind_cname=&"B2_ExtcallSuccess"[0], .anon_pad$8=0 }

State 78  thread 0
----------------------------------------------------
  _ESBMC_Object_B2_ExtcallSuccess = { .tag=1, .anon_pad$1=0, .$address=4294967295, .anon_pad$3=0,
    .$codehash=0, .$balance=0, .$code=0,
    ._ESBMC_bind_cname=&"B2_ExtcallSuccess"[0], .anon_pad$8=0 }

State 82  thread 0
----------------------------------------------------
Violated property:
  sol:@C@B2_ExtcallSuccess@F@probe#32:path:6
  path_tr$0 != 6 || path_cnt$1 != 2

Slicing time: 0.000s (removed 0 assignments)
Solving claim 'probe:path:2 at' with solver Bitwuzla 0.8.2
Encoding remaining VCC(s) using bit-vector/floating-point arithmetic
Encoding to solver time: 0.000s
Solving with solver Bitwuzla 0.8.2
Runtime decision procedure: 0.002s
✗ FAILED: 'probe:path:2 at'
ce step: sym='c:@block_timestamp' name='block_timestamp' fn='' nondet='-'
   stack[0]: <empty>
ce step: sym='c:@block_prevrandao' name='block_prevrandao' fn='' nondet='-'
   stack[0]: <empty>
ce step: sym='c:@block_difficulty' name='block_difficulty' fn='' nondet='-'
   stack[0]: <empty>
ce step: sym='c:@tx_origin' name='tx_origin' fn='' nondet='-'
   stack[0]: <empty>
ce step: sym='c:@block_basefee' name='block_basefee' fn='' nondet='-'
   stack[0]: <empty>
ce step: sym='c:@block_number' name='block_number' fn='' nondet='-'
   stack[0]: <empty>
ce step: sym='c:@msg_sig' name='msg_sig' fn='' nondet='-'
   stack[0]: <empty>
ce step: sym='c:@block_chainid' name='block_chainid' fn='' nondet='-'
   stack[0]: <empty>
ce step: sym='c:@block_gaslimit' name='block_gaslimit' fn='' nondet='-'
   stack[0]: <empty>
ce step: sym='c:@msg_sender' name='msg_sender' fn='' nondet='-'
   stack[0]: <empty>
ce step: sym='c:@msg_value' name='msg_value' fn='' nondet='-'
   stack[0]: <empty>
ce step: sym='c:@msg_data' name='msg_data' fn='' nondet='-'
   stack[0]: <empty>
ce step: sym='c:@block_blobbasefee' name='block_blobbasefee' fn='' nondet='-'
   stack[0]: <empty>
ce step: sym='c:@block_coinbase' name='block_coinbase' fn='' nondet='-'
   stack[0]: <empty>
ce step: sym='c:@tx_gasprice' name='tx_gasprice' fn='' nondet='-'
   stack[0]: <empty>
ce step: sym='sol:@C@B2_ExtcallSuccess@$B2_ExtcallSuccess_bind_cname_list' name='$B2_ExtcallSuccess_bind_cname_list' fn='' nondet='-'
   stack[0]: <empty>
ce step: sym='c:@msg_data' name='msg_data' fn='initialize' nondet='nondet$symex::nondet3'
   stack[3]: c:@F@initialize < sol:@F@_sol_init_ < sol:@C@B2_ExtcallSuccess@F@B2_ExtcallSuccess#
ce step: sym='c:@F@initialize::$tmp::return_value$_nondet_uint$1' name='return_value$_nondet_uint$1' fn='initialize' nondet='nondet$symex::nondet4'
   stack[3]: c:@F@initialize < sol:@F@_sol_init_ < sol:@C@B2_ExtcallSuccess@F@B2_ExtcallSuccess#
ce step: sym='c:@msg_sender' name='msg_sender' fn='initialize' nondet='c:@F@initialize::$tmp::return_value$_nondet_uint$1'
   stack[3]: c:@F@initialize < sol:@F@_sol_init_ < sol:@C@B2_ExtcallSuccess@F@B2_ExtcallSuccess#
ce step: sym='c:@msg_sig' name='msg_sig' fn='initialize' nondet='nondet$symex::nondet5'
   stack[3]: c:@F@initialize < sol:@F@_sol_init_ < sol:@C@B2_ExtcallSuccess@F@B2_ExtcallSuccess#
ce step: sym='c:@msg_value' name='msg_value' fn='initialize' nondet='nondet$symex::nondet6'
   stack[3]: c:@F@initialize < sol:@F@_sol_init_ < sol:@C@B2_ExtcallSuccess@F@B2_ExtcallSuccess#
ce step: sym='c:@tx_gasprice' name='tx_gasprice' fn='initialize' nondet='nondet$symex::nondet7'
   stack[3]: c:@F@initialize < sol:@F@_sol_init_ < sol:@C@B2_ExtcallSuccess@F@B2_ExtcallSuccess#
ce step: sym='c:@F@initialize::$tmp::return_value$_nondet_uint$2' name='return_value$_nondet_uint$2' fn='initialize' nondet='nondet$symex::nondet8'
   stack[3]: c:@F@initialize < sol:@F@_sol_init_ < sol:@C@B2_ExtcallSuccess@F@B2_ExtcallSuccess#
ce step: sym='c:@tx_origin' name='tx_origin' fn='initialize' nondet='c:@F@initialize::$tmp::return_value$_nondet_uint$2'
   stack[3]: c:@F@initialize < sol:@F@_sol_init_ < sol:@C@B2_ExtcallSuccess@F@B2_ExtcallSuccess#
ce step: sym='c:@block_basefee' name='block_basefee' fn='initialize' nondet='nondet$symex::nondet9'
   stack[3]: c:@F@initialize < sol:@F@_sol_init_ < sol:@C@B2_ExtcallSuccess@F@B2_ExtcallSuccess#
ce step: sym='c:@block_blobbasefee' name='block_blobbasefee' fn='initialize' nondet='nondet$symex::nondet10'
   stack[3]: c:@F@initialize < sol:@F@_sol_init_ < sol:@C@B2_ExtcallSuccess@F@B2_ExtcallSuccess#
ce step: sym='c:@block_chainid' name='block_chainid' fn='initialize' nondet='nondet$symex::nondet11'
   stack[3]: c:@F@initialize < sol:@F@_sol_init_ < sol:@C@B2_ExtcallSuccess@F@B2_ExtcallSuccess#
ce step: sym='c:@F@initialize::$tmp::return_value$_nondet_uint$3' name='return_value$_nondet_uint$3' fn='initialize' nondet='nondet$symex::nondet12'
   stack[3]: c:@F@initialize < sol:@F@_sol_init_ < sol:@C@B2_ExtcallSuccess@F@B2_ExtcallSuccess#
ce step: sym='c:@block_coinbase' name='block_coinbase' fn='initialize' nondet='c:@F@initialize::$tmp::return_value$_nondet_uint$3'
   stack[3]: c:@F@initialize < sol:@F@_sol_init_ < sol:@C@B2_ExtcallSuccess@F@B2_ExtcallSuccess#
ce step: sym='c:@block_difficulty' name='block_difficulty' fn='initialize' nondet='nondet$symex::nondet13'
   stack[3]: c:@F@initialize < sol:@F@_sol_init_ < sol:@C@B2_ExtcallSuccess@F@B2_ExtcallSuccess#
ce step: sym='c:@block_gaslimit' name='block_gaslimit' fn='initialize' nondet='nondet$symex::nondet14'
   stack[3]: c:@F@initialize < sol:@F@_sol_init_ < sol:@C@B2_ExtcallSuccess@F@B2_ExtcallSuccess#
ce step: sym='c:@block_number' name='block_number' fn='initialize' nondet='nondet$symex::nondet15'
   stack[3]: c:@F@initialize < sol:@F@_sol_init_ < sol:@C@B2_ExtcallSuccess@F@B2_ExtcallSuccess#
ce step: sym='c:@block_prevrandao' name='block_prevrandao' fn='initialize' nondet='nondet$symex::nondet16'
   stack[3]: c:@F@initialize < sol:@F@_sol_init_ < sol:@C@B2_ExtcallSuccess@F@B2_ExtcallSuccess#
ce step: sym='c:@block_timestamp' name='block_timestamp' fn='initialize' nondet='nondet$symex::nondet17'
   stack[3]: c:@F@initialize < sol:@F@_sol_init_ < sol:@C@B2_ExtcallSuccess@F@B2_ExtcallSuccess#
ce step: sym='<not-a-symbol>' name='$B2_ExtcallSuccess_bind_cname_list[0]' fn='' nondet='-'
   stack[3]: sol:@F@initialize_B2_ExtcallSuccess_bind_cname# < sol:@F@_sol_init_ < sol:@C@B2_ExtcallSuccess@F@B2_ExtcallSuccess#
ce step: sym='c:@F@_ESBMC_get_unique_address::$tmp::return_value$_nondet_uint$1' name='return_value$_nondet_uint$1' fn='_ESBMC_get_unique_address' nondet='nondet$symex::nondet19'
   stack[2]: c:@F@_ESBMC_get_unique_address < sol:@C@B2_ExtcallSuccess@F@B2_ExtcallSuccess#
ce step: sym='c:solidity_address.c@4018@F@_ESBMC_get_unique_address@tmp' name='tmp' fn='_ESBMC_get_unique_address' nondet='c:@F@_ESBMC_get_unique_address::$tmp::return_value$_nondet_uint$1'
   stack[2]: c:@F@_ESBMC_get_unique_address < sol:@C@B2_ExtcallSuccess@F@B2_ExtcallSuccess#
ce step: sym='<not-a-symbol>' name='_ESBMC_Object_B2_ExtcallSuccess.$address' fn='_ESBMC_get_unique_address' nondet='c:solidity_address.c@4018@F@_ESBMC_get_unique_address@tmp'
   stack[2]: c:@F@_ESBMC_get_unique_address < sol:@C@B2_ExtcallSuccess@F@B2_ExtcallSuccess#
ce step: sym='<not-a-symbol>' name='this->$codehash' fn='' nondet='nondet$symex::nondet20'
   stack[1]: sol:@C@B2_ExtcallSuccess@F@B2_ExtcallSuccess#
ce step: sym='c:@F@_ESBMC_nondet_init_balance::$tmp::return_value$_nondet_uint256$1' name='return_value$_nondet_uint256$1' fn='_ESBMC_nondet_init_balance' nondet='nondet$symex::nondet21'
   stack[2]: c:@F@_ESBMC_nondet_init_balance < sol:@C@B2_ExtcallSuccess@F@B2_ExtcallSuccess#
ce step: sym='c:solidity_misc.c@1589@F@_ESBMC_nondet_init_balance@b' name='b' fn='_ESBMC_nondet_init_balance' nondet='c:@F@_ESBMC_nondet_init_balance::$tmp::return_value$_nondet_uint256$1'
   stack[2]: c:@F@_ESBMC_nondet_init_balance < sol:@C@B2_ExtcallSuccess@F@B2_ExtcallSuccess#
ce step: sym='<not-a-symbol>' name='_ESBMC_Object_B2_ExtcallSuccess.$balance' fn='_ESBMC_nondet_init_balance' nondet='c:solidity_misc.c@1589@F@_ESBMC_nondet_init_balance@b'
   stack[2]: c:@F@_ESBMC_nondet_init_balance < sol:@C@B2_ExtcallSuccess@F@B2_ExtcallSuccess#
ce step: sym='<not-a-symbol>' name='this->$code' fn='' nondet='nondet$symex::nondet22'
   stack[1]: sol:@C@B2_ExtcallSuccess@F@B2_ExtcallSuccess#
ce step: sym='<not-a-symbol>' name='this->_ESBMC_bind_cname' fn='' nondet='-'
   stack[1]: sol:@C@B2_ExtcallSuccess@F@B2_ExtcallSuccess#
ce step: sym='<not-a-symbol>' name='this->tag' fn='' nondet='-'
   stack[1]: sol:@C@B2_ExtcallSuccess@F@B2_ExtcallSuccess#
ce step: sym='c:@msg_data' name='msg_data' fn='_sol_per_tx_reseed' nondet='nondet$symex::nondet24'
   stack[2]: c:@F@_sol_per_tx_reseed < sol:@C@B2_ExtcallSuccess@F@_ESBMC_Main_B2_ExtcallSuccess#
ce step: sym='c:@F@_sol_per_tx_reseed::$tmp::return_value$_nondet_uint$1' name='return_value$_nondet_uint$1' fn='_sol_per_tx_reseed' nondet='nondet$symex::nondet25'
   stack[2]: c:@F@_sol_per_tx_reseed < sol:@C@B2_ExtcallSuccess@F@_ESBMC_Main_B2_ExtcallSuccess#
ce step: sym='c:@msg_sender' name='msg_sender' fn='_sol_per_tx_reseed' nondet='c:@F@_sol_per_tx_reseed::$tmp::return_value$_nondet_uint$1'
   stack[2]: c:@F@_sol_per_tx_reseed < sol:@C@B2_ExtcallSuccess@F@_ESBMC_Main_B2_ExtcallSuccess#
ce step: sym='c:@msg_value' name='msg_value' fn='_sol_per_tx_reseed' nondet='nondet$symex::nondet26'
   stack[2]: c:@F@_sol_per_tx_reseed < sol:@C@B2_ExtcallSuccess@F@_ESBMC_Main_B2_ExtcallSuccess#
ce step: sym='c:@F@_sol_per_tx_reseed::$tmp::return_value$_nondet_uint$2' name='return_value$_nondet_uint$2' fn='_sol_per_tx_reseed' nondet='nondet$symex::nondet27'
   stack[2]: c:@F@_sol_per_tx_reseed < sol:@C@B2_ExtcallSuccess@F@_ESBMC_Main_B2_ExtcallSuccess#
ce step: sym='c:@tx_origin' name='tx_origin' fn='_sol_per_tx_reseed' nondet='c:@F@_sol_per_tx_reseed::$tmp::return_value$_nondet_uint$2'
   stack[2]: c:@F@_sol_per_tx_reseed < sol:@C@B2_ExtcallSuccess@F@_ESBMC_Main_B2_ExtcallSuccess#
ce step: sym='c:@tx_gasprice' name='tx_gasprice' fn='_sol_per_tx_reseed' nondet='nondet$symex::nondet28'
   stack[2]: c:@F@_sol_per_tx_reseed < sol:@C@B2_ExtcallSuccess@F@_ESBMC_Main_B2_ExtcallSuccess#
ce step: sym='c:@F@_sol_per_tx_reseed::$tmp::return_value$_nondet_uint256$3' name='return_value$_nondet_uint256$3' fn='_sol_per_tx_reseed' nondet='nondet$symex::nondet29'
   stack[2]: c:@F@_sol_per_tx_reseed < sol:@C@B2_ExtcallSuccess@F@_ESBMC_Main_B2_ExtcallSuccess#
ce step: sym='c:solidity_misc.c@6424@F@_sol_per_tx_reseed@_new_bn' name='_new_bn' fn='_sol_per_tx_reseed' nondet='c:@F@_sol_per_tx_reseed::$tmp::return_value$_nondet_uint256$3'
   stack[2]: c:@F@_sol_per_tx_reseed < sol:@C@B2_ExtcallSuccess@F@_ESBMC_Main_B2_ExtcallSuccess#
ce step: sym='c:@block_number' name='block_number' fn='_sol_per_tx_reseed' nondet='c:solidity_misc.c@6424@F@_sol_per_tx_reseed@_new_bn'
   stack[2]: c:@F@_sol_per_tx_reseed < sol:@C@B2_ExtcallSuccess@F@_ESBMC_Main_B2_ExtcallSuccess#
ce step: sym='c:@F@_sol_per_tx_reseed::$tmp::return_value$_nondet_uint256$4' name='return_value$_nondet_uint256$4' fn='_sol_per_tx_reseed' nondet='nondet$symex::nondet30'
   stack[2]: c:@F@_sol_per_tx_reseed < sol:@C@B2_ExtcallSuccess@F@_ESBMC_Main_B2_ExtcallSuccess#
ce step: sym='c:solidity_misc.c@6534@F@_sol_per_tx_reseed@_new_ts' name='_new_ts' fn='_sol_per_tx_reseed' nondet='c:@F@_sol_per_tx_reseed::$tmp::return_value$_nondet_uint256$4'
   stack[2]: c:@F@_sol_per_tx_reseed < sol:@C@B2_ExtcallSuccess@F@_ESBMC_Main_B2_ExtcallSuccess#
ce step: sym='c:@block_timestamp' name='block_timestamp' fn='_sol_per_tx_reseed' nondet='c:solidity_misc.c@6534@F@_sol_per_tx_reseed@_new_ts'
   stack[2]: c:@F@_sol_per_tx_reseed < sol:@C@B2_ExtcallSuccess@F@_ESBMC_Main_B2_ExtcallSuccess#
ce step: sym='c:@block_basefee' name='block_basefee' fn='_sol_per_tx_reseed' nondet='nondet$symex::nondet31'
   stack[2]: c:@F@_sol_per_tx_reseed < sol:@C@B2_ExtcallSuccess@F@_ESBMC_Main_B2_ExtcallSuccess#
ce step: sym='c:@block_blobbasefee' name='block_blobbasefee' fn='_sol_per_tx_reseed' nondet='nondet$symex::nondet32'
   stack[2]: c:@F@_sol_per_tx_reseed < sol:@C@B2_ExtcallSuccess@F@_ESBMC_Main_B2_ExtcallSuccess#
ce step: sym='c:@F@_sol_per_tx_reseed::$tmp::return_value$_nondet_uint$5' name='return_value$_nondet_uint$5' fn='_sol_per_tx_reseed' nondet='nondet$symex::nondet33'
   stack[2]: c:@F@_sol_per_tx_reseed < sol:@C@B2_ExtcallSuccess@F@_ESBMC_Main_B2_ExtcallSuccess#
ce step: sym='c:@block_coinbase' name='block_coinbase' fn='_sol_per_tx_reseed' nondet='c:@F@_sol_per_tx_reseed::$tmp::return_value$_nondet_uint$5'
   stack[2]: c:@F@_sol_per_tx_reseed < sol:@C@B2_ExtcallSuccess@F@_ESBMC_Main_B2_ExtcallSuccess#
ce step: sym='c:@block_difficulty' name='block_difficulty' fn='_sol_per_tx_reseed' nondet='nondet$symex::nondet34'
   stack[2]: c:@F@_sol_per_tx_reseed < sol:@C@B2_ExtcallSuccess@F@_ESBMC_Main_B2_ExtcallSuccess#
ce step: sym='c:@block_gaslimit' name='block_gaslimit' fn='_sol_per_tx_reseed' nondet='nondet$symex::nondet35'
   stack[2]: c:@F@_sol_per_tx_reseed < sol:@C@B2_ExtcallSuccess@F@_ESBMC_Main_B2_ExtcallSuccess#
ce step: sym='c:@block_prevrandao' name='block_prevrandao' fn='_sol_per_tx_reseed' nondet='nondet$symex::nondet36'
   stack[2]: c:@F@_sol_per_tx_reseed < sol:@C@B2_ExtcallSuccess@F@_ESBMC_Main_B2_ExtcallSuccess#
ce step: sym='sol:@C@B2_ExtcallSuccess@_ESBMC_Nondet_Extcall_B2_ExtcallSuccess#::$tmp::return_value$_nondet_bool$1' name='return_value$_nondet_bool$1' fn='' nondet='nondet$symex::nondet37'
   stack[2]: sol:@C@B2_ExtcallSuccess@_ESBMC_Nondet_Extcall_B2_ExtcallSuccess# < sol:@C@B2_ExtcallSuccess@F@_ESBMC_Main_B2_ExtcallSuccess#
ce step: sym='sol:@C@B2_ExtcallSuccess@F@probe@amount#8' name='amount' fn='' nondet='nondet$symex::nondet39'
   stack[0]: <empty>
ce step: sym='path_cov::__ESBMC_path_tr$0' name='path_tr$0' fn='probe' nondet='-'
   stack[3]: sol:@C@B2_ExtcallSuccess@F@probe#32 < sol:@C@B2_ExtcallSuccess@_ESBMC_Nondet_Extcall_B2_ExtcallSuccess# < sol:@C@B2_ExtcallSuccess@F@_ESBMC_Main_B2_ExtcallSuccess#
ce step: sym='goto_symex::guard' name='goto_symex::guard' fn='probe' nondet='-'
   stack[3]: sol:@C@B2_ExtcallSuccess@F@probe#32 < sol:@C@B2_ExtcallSuccess@_ESBMC_Nondet_Extcall_B2_ExtcallSuccess# < sol:@C@B2_ExtcallSuccess@F@_ESBMC_Main_B2_ExtcallSuccess#
ce step: sym='sol:@_ESBMC_Object_B2_ExtcallSuccess#' name='_ESBMC_Object_B2_ExtcallSuccess' fn='probe' nondet='-'
   stack[3]: sol:@C@B2_ExtcallSuccess@F@probe#32 < sol:@C@B2_ExtcallSuccess@_ESBMC_Nondet_Extcall_B2_ExtcallSuccess# < sol:@C@B2_ExtcallSuccess@F@_ESBMC_Main_B2_ExtcallSuccess#
ce step: sym='sol:@_ESBMC_Object_B2_ExtcallSuccess#' name='_ESBMC_Object_B2_ExtcallSuccess' fn='' nondet='sol:@_ESBMC_Object_B2_ExtcallSuccess#'
   stack[3]: sol:@C@B2_ExtcallSuccess@F@probe#32 < sol:@C@B2_ExtcallSuccess@_ESBMC_Nondet_Extcall_B2_ExtcallSuccess# < sol:@C@B2_ExtcallSuccess@F@_ESBMC_Main_B2_ExtcallSuccess#
ce step: sym='path_cov::__ESBMC_path_cnt$1' name='path_cnt$1' fn='' nondet='-'
   stack[3]: sol:@C@B2_ExtcallSuccess@F@probe#32 < sol:@C@B2_ExtcallSuccess@_ESBMC_Nondet_Extcall_B2_ExtcallSuccess# < sol:@C@B2_ExtcallSuccess@F@_ESBMC_Main_B2_ExtcallSuccess#
ce step: sym='sol:@_ESBMC_Object_B2_ExtcallSuccess#' name='_ESBMC_Object_B2_ExtcallSuccess' fn='' nondet='sol:@_ESBMC_Object_B2_ExtcallSuccess#'
   stack[3]: sol:@C@B2_ExtcallSuccess@F@probe#32 < sol:@C@B2_ExtcallSuccess@_ESBMC_Nondet_Extcall_B2_ExtcallSuccess# < sol:@C@B2_ExtcallSuccess@F@_ESBMC_Main_B2_ExtcallSuccess#
ce step: sym='path_cov::__ESBMC_path_tr$0' name='path_tr$0' fn='' nondet='path_cov::__ESBMC_path_tr$0'
   stack[3]: sol:@C@B2_ExtcallSuccess@F@probe#32 < sol:@C@B2_ExtcallSuccess@_ESBMC_Nondet_Extcall_B2_ExtcallSuccess# < sol:@C@B2_ExtcallSuccess@F@_ESBMC_Main_B2_ExtcallSuccess#
--solidity-path-coverage: CE journal cov-ce-journal.json updated after claim 3 of 3: 3 witnessed path(s) on disk, 3 with non-empty inputs (complete=false)

[Counterexample]


State 1 file /home/samson/workspace/esbmc/src/c2goto/library/solidity/solidity_blockchain.c line 73 column 1 thread 0
----------------------------------------------------
  block_timestamp = 0 (00000000 00000000 00000000 00000000 00000000 00000000 00000000 00000000 00000000 00000000 00000000 00000000 00000000 00000000 00000000 00000000 00000000 00000000 00000000 00000000 00000000 00000000 00000000 00000000 00000000 00000000 00000000 00000000 00000000 00000000 00000000 00000000)

State 2 file /home/samson/workspace/esbmc/src/c2goto/library/solidity/solidity_blockchain.c line 72 column 1 thread 0
----------------------------------------------------
  block_prevrandao = 0 (00000000 00000000 00000000 00000000 00000000 00000000 00000000 00000000 00000000 00000000 00000000 00000000 00000000 00000000 00000000 00000000 00000000 00000000 00000000 00000000 00000000 00000000 00000000 00000000 00000000 00000000 00000000 00000000 00000000 00000000 00000000 00000000)

State 3 file /home/samson/workspace/esbmc/src/c2goto/library/solidity/solidity_blockchain.c line 69 column 1 thread 0
----------------------------------------------------
  block_difficulty = 0 (00000000 00000000 00000000 00000000 00000000 00000000 00000000 00000000 00000000 00000000 00000000 00000000 00000000 00000000 00000000 00000000 00000000 00000000 00000000 00000000 00000000 00000000 00000000 00000000 00000000 00000000 00000000 00000000 00000000 00000000 00000000 00000000)

State 4 file /home/samson/workspace/esbmc/src/c2goto/library/solidity/solidity_blockchain.c line 62 column 1 thread 0
----------------------------------------------------
  tx_origin = 0 (00000000 00000000 00000000 00000000 00000000 00000000 00000000 00000000 00000000 00000000 00000000 00000000 00000000 00000000 00000000 00000000 00000000 00000000 00000000 00000000)

State 5 file /home/samson/workspace/esbmc/src/c2goto/library/solidity/solidity_blockchain.c line 65 column 1 thread 0
----------------------------------------------------
  block_basefee = 0 (00000000 00000000 00000000 00000000 00000000 00000000 00000000 00000000 00000000 00000000 00000000 00000000 00000000 00000000 00000000 00000000 00000000 00000000 00000000 00000000 00000000 00000000 00000000 00000000 00000000 00000000 00000000 00000000 00000000 00000000 00000000 00000000)

State 6 file /home/samson/workspace/esbmc/src/c2goto/library/solidity/solidity_blockchain.c line 71 column 1 thread 0
----------------------------------------------------
  block_number = 0 (00000000 00000000 00000000 00000000 00000000 00000000 00000000 00000000 00000000 00000000 00000000 00000000 00000000 00000000 00000000 00000000 00000000 00000000 00000000 00000000 00000000 00000000 00000000 00000000 00000000 00000000 00000000 00000000 00000000 00000000 00000000 00000000)

State 7 file /home/samson/workspace/esbmc/src/c2goto/library/solidity/solidity_blockchain.c line 30 column 1 thread 0
----------------------------------------------------
  msg_sig = 0 (00000000 00000000 00000000 00000000)

State 8 file /home/samson/workspace/esbmc/src/c2goto/library/solidity/solidity_blockchain.c line 67 column 1 thread 0
----------------------------------------------------
  block_chainid = 0 (00000000 00000000 00000000 00000000 00000000 00000000 00000000 00000000 00000000 00000000 00000000 00000000 00000000 00000000 00000000 00000000 00000000 00000000 00000000 00000000 00000000 00000000 00000000 00000000 00000000 00000000 00000000 00000000 00000000 00000000 00000000 00000000)

State 9 file /home/samson/workspace/esbmc/src/c2goto/library/solidity/solidity_blockchain.c line 70 column 1 thread 0
----------------------------------------------------
  block_gaslimit = 0 (00000000 00000000 00000000 00000000 00000000 00000000 00000000 00000000 00000000 00000000 00000000 00000000 00000000 00000000 00000000 00000000 00000000 00000000 00000000 00000000 00000000 00000000 00000000 00000000 00000000 00000000 00000000 00000000 00000000 00000000 00000000 00000000)

State 10 file /home/samson/workspace/esbmc/src/c2goto/library/solidity/solidity_blockchain.c line 29 column 1 thread 0
----------------------------------------------------
  msg_sender = 0 (00000000 00000000 00000000 00000000 00000000 00000000 00000000 00000000 00000000 00000000 00000000 00000000 00000000 00000000 00000000 00000000 00000000 00000000 00000000 00000000)

State 11 file /home/samson/workspace/esbmc/src/c2goto/library/solidity/solidity_blockchain.c line 31 column 1 thread 0
----------------------------------------------------
  msg_value = 0 (00000000 00000000 00000000 00000000 00000000 00000000 00000000 00000000 00000000 00000000 00000000 00000000 00000000 00000000 00000000 00000000 00000000 00000000 00000000 00000000 00000000 00000000 00000000 00000000 00000000 00000000 00000000 00000000 00000000 00000000 00000000 00000000)

State 12 file /home/samson/workspace/esbmc/src/c2goto/library/solidity/solidity_blockchain.c line 28 column 1 thread 0
----------------------------------------------------
  msg_data = 0 (00000000 00000000 00000000 00000000 00000000 00000000 00000000 00000000 00000000 00000000 00000000 00000000 00000000 00000000 00000000 00000000 00000000 00000000 00000000 00000000 00000000 00000000 00000000 00000000 00000000 00000000 00000000 00000000 00000000 00000000 00000000 00000000)

State 13 file /home/samson/workspace/esbmc/src/c2goto/library/solidity/solidity_blockchain.c line 66 column 1 thread 0
----------------------------------------------------
  block_blobbasefee = 0 (00000000 00000000 00000000 00000000 00000000 00000000 00000000 00000000 00000000 00000000 00000000 00000000 00000000 00000000 00000000 00000000 00000000 00000000 00000000 00000000 00000000 00000000 00000000 00000000 00000000 00000000 00000000 00000000 00000000 00000000 00000000 00000000)

State 14 file /home/samson/workspace/esbmc/src/c2goto/library/solidity/solidity_blockchain.c line 68 column 1 thread 0
----------------------------------------------------
  block_coinbase = 0 (00000000 00000000 00000000 00000000 00000000 00000000 00000000 00000000 00000000 00000000 00000000 00000000 00000000 00000000 00000000 00000000 00000000 00000000 00000000 00000000)

State 15 file /home/samson/workspace/esbmc/src/c2goto/library/solidity/solidity_blockchain.c line 61 column 1 thread 0
----------------------------------------------------
  tx_gasprice = 0 (00000000 00000000 00000000 00000000 00000000 00000000 00000000 00000000 00000000 00000000 00000000 00000000 00000000 00000000 00000000 00000000 00000000 00000000 00000000 00000000 00000000 00000000 00000000 00000000 00000000 00000000 00000000 00000000 00000000 00000000 00000000 00000000)

State 16  thread 0
----------------------------------------------------
  $B2_ExtcallSuccess_bind_cname_list = { 0 }

State 17 file /home/samson/workspace/esbmc/src/c2goto/library/solidity/solidity_misc.c line 122 column 14 function initialize thread 0
----------------------------------------------------
  msg_data = 0 (00000000 00000000 00000000 00000000 00000000 00000000 00000000 00000000 00000000 00000000 00000000 00000000 00000000 00000000 00000000 00000000 00000000 00000000 00000000 00000000 00000000 00000000 00000000 00000000 00000000 00000000 00000000 00000000 00000000 00000000 00000000 00000000)

State 18 file /home/samson/workspace/esbmc/src/c2goto/library/solidity/solidity_misc.c line 123 column 27 function initialize thread 0
----------------------------------------------------
  return_value$_nondet_uint$1 = 0 (00000000 00000000 00000000 00000000)

State 19 file /home/samson/workspace/esbmc/src/c2goto/library/solidity/solidity_misc.c line 123 column 3 function initialize thread 0
----------------------------------------------------
  msg_sender = 0 (00000000 00000000 00000000 00000000 00000000 00000000 00000000 00000000 00000000 00000000 00000000 00000000 00000000 00000000 00000000 00000000 00000000 00000000 00000000 00000000)

State 20 file /home/samson/workspace/esbmc/src/c2goto/library/solidity/solidity_misc.c line 124 column 13 function initialize thread 0
----------------------------------------------------
  msg_sig = 0 (00000000 00000000 00000000 00000000)

State 21 file /home/samson/workspace/esbmc/src/c2goto/library/solidity/solidity_misc.c line 125 column 15 function initialize thread 0
----------------------------------------------------
  msg_value = 0 (00000000 00000000 00000000 00000000 00000000 00000000 00000000 00000000 00000000 00000000 00000000 00000000 00000000 00000000 00000000 00000000 00000000 00000000 00000000 00000000 00000000 00000000 00000000 00000000 00000000 00000000 00000000 00000000 00000000 00000000 00000000 00000000)

State 22 file /home/samson/workspace/esbmc/src/c2goto/library/solidity/solidity_misc.c line 134 column 17 function initialize thread 0
----------------------------------------------------
  tx_gasprice = 0 (00000000 00000000 00000000 00000000 00000000 00000000 00000000 00000000 00000000 00000000 00000000 00000000 00000000 00000000 00000000 00000000 00000000 00000000 00000000 00000000 00000000 00000000 00000000 00000000 00000000 00000000 00000000 00000000 00000000 00000000 00000000 00000000)

State 23 file /home/samson/workspace/esbmc/src/c2goto/library/solidity/solidity_misc.c line 136 column 26 function initialize thread 0
----------------------------------------------------
  return_value$_nondet_uint$2 = 0 (00000000 00000000 00000000 00000000)

State 24 file /home/samson/workspace/esbmc/src/c2goto/library/solidity/solidity_misc.c line 136 column 3 function initialize thread 0
----------------------------------------------------
  tx_origin = 0 (00000000 00000000 00000000 00000000 00000000 00000000 00000000 00000000 00000000 00000000 00000000 00000000 00000000 00000000 00000000 00000000 00000000 00000000 00000000 00000000)

State 25 file /home/samson/workspace/esbmc/src/c2goto/library/solidity/solidity_misc.c line 138 column 19 function initialize thread 0
----------------------------------------------------
  block_basefee = 0 (00000000 00000000 00000000 00000000 00000000 00000000 00000000 00000000 00000000 00000000 00000000 00000000 00000000 00000000 00000000 00000000 00000000 00000000 00000000 00000000 00000000 00000000 00000000 00000000 00000000 00000000 00000000 00000000 00000000 00000000 00000000 00000000)

State 26 file /home/samson/workspace/esbmc/src/c2goto/library/solidity/solidity_misc.c line 139 column 23 function initialize thread 0
----------------------------------------------------
  block_blobbasefee = 0 (00000000 00000000 00000000 00000000 00000000 00000000 00000000 00000000 00000000 00000000 00000000 00000000 00000000 00000000 00000000 00000000 00000000 00000000 00000000 00000000 00000000 00000000 00000000 00000000 00000000 00000000 00000000 00000000 00000000 00000000 00000000 00000000)

State 27 file /home/samson/workspace/esbmc/src/c2goto/library/solidity/solidity_misc.c line 140 column 19 function initialize thread 0
----------------------------------------------------
  block_chainid = 0 (00000000 00000000 00000000 00000000 00000000 00000000 00000000 00000000 00000000 00000000 00000000 00000000 00000000 00000000 00000000 00000000 00000000 00000000 00000000 00000000 00000000 00000000 00000000 00000000 00000000 00000000 00000000 00000000 00000000 00000000 00000000 00000000)

State 28 file /home/samson/workspace/esbmc/src/c2goto/library/solidity/solidity_misc.c line 141 column 31 function initialize thread 0
----------------------------------------------------
  return_value$_nondet_uint$3 = 0 (00000000 00000000 00000000 00000000)

State 29 file /home/samson/workspace/esbmc/src/c2goto/library/solidity/solidity_misc.c line 141 column 3 function initialize thread 0
----------------------------------------------------
  block_coinbase = 0 (00000000 00000000 00000000 00000000 00000000 00000000 00000000 00000000 00000000 00000000 00000000 00000000 00000000 00000000 00000000 00000000 00000000 00000000 00000000 00000000)

State 30 file /home/samson/workspace/esbmc/src/c2goto/library/solidity/solidity_misc.c line 142 column 22 function initialize thread 0
----------------------------------------------------
  block_difficulty = 0 (00000000 00000000 00000000 00000000 00000000 00000000 00000000 00000000 00000000 00000000 00000000 00000000 00000000 00000000 00000000 00000000 00000000 00000000 00000000 00000000 00000000 00000000 00000000 00000000 00000000 00000000 00000000 00000000 00000000 00000000 00000000 00000000)

State 31 file /home/samson/workspace/esbmc/src/c2goto/library/solidity/solidity_misc.c line 143 column 20 function initialize thread 0
----------------------------------------------------
  block_gaslimit = 0 (00000000 00000000 00000000 00000000 00000000 00000000 00000000 00000000 00000000 00000000 00000000 00000000 00000000 00000000 00000000 00000000 00000000 00000000 00000000 00000000 00000000 00000000 00000000 00000000 00000000 00000000 00000000 00000000 00000000 00000000 00000000 00000000)

State 32 file /home/samson/workspace/esbmc/src/c2goto/library/solidity/solidity_misc.c line 144 column 18 function initialize thread 0
----------------------------------------------------
  block_number = 0xFFFFFFFFFFFFFFFFFFFFFFFFFFFFFFFFFFFFFFFFFFFFFFFFFFFFFFFFFFFFFFFF (11111111 11111111 11111111 11111111 11111111 11111111 11111111 11111111 11111111 11111111 11111111 11111111 11111111 11111111 11111111 11111111 11111111 11111111 11111111 11111111 11111111 11111111 11111111 11111111 11111111 11111111 11111111 11111111 11111111 11111111 11111111 11111111)

State 33 file /home/samson/workspace/esbmc/src/c2goto/library/solidity/solidity_misc.c line 145 column 22 function initialize thread 0
----------------------------------------------------
  block_prevrandao = 0 (00000000 00000000 00000000 00000000 00000000 00000000 00000000 00000000 00000000 00000000 00000000 00000000 00000000 00000000 00000000 00000000 00000000 00000000 00000000 00000000 00000000 00000000 00000000 00000000 00000000 00000000 00000000 00000000 00000000 00000000 00000000 00000000)

State 34 file /home/samson/workspace/esbmc/src/c2goto/library/solidity/solidity_misc.c line 146 column 21 function initialize thread 0
----------------------------------------------------
  block_timestamp = 0xFFFFFFFFFFFFFFFFFFFFFFFFFFFFFFFFFFFFFFFFFFFFFFFFFFFFFFFFFFFFFFFF (11111111 11111111 11111111 11111111 11111111 11111111 11111111 11111111 11111111 11111111 11111111 11111111 11111111 11111111 11111111 11111111 11111111 11111111 11111111 11111111 11111111 11111111 11111111 11111111 11111111 11111111 11111111 11111111 11111111 11111111 11111111 11111111)

State 35  thread 0
----------------------------------------------------
  $B2_ExtcallSuccess_bind_cname_list[0] = &"B2_ExtcallSuccess"[0]

State 36 file /home/samson/workspace/esbmc/src/c2goto/library/solidity/solidity_address.c line 95 column 32 function _ESBMC_get_unique_address thread 0
----------------------------------------------------
  return_value$_nondet_uint$1 = 4294967295 (11111111 11111111 11111111 11111111)

State 37 file /home/samson/workspace/esbmc/src/c2goto/library/solidity/solidity_address.c line 95 column 5 function _ESBMC_get_unique_address thread 0
----------------------------------------------------
  tmp = 4294967295 (00000000 00000000 00000000 00000000 00000000 00000000 00000000 00000000 00000000 00000000 00000000 00000000 00000000 00000000 00000000 00000000 11111111 11111111 11111111 11111111)

State 39 file /home/samson/workspace/esbmc/src/c2goto/library/solidity/solidity_address.c line 114 column 5 function _ESBMC_get_unique_address thread 0
----------------------------------------------------
  _ESBMC_Object_B2_ExtcallSuccess.$address = { .tag=nil, .anon_pad$1=nil, .$address=tmp, .anon_pad$3=nil,
    .$codehash=nil, .$balance=nil, .$code=nil,
    ._ESBMC_bind_cname=nil, .anon_pad$8=nil }

State 40  thread 0
----------------------------------------------------
  this->$codehash = { .tag=0, .anon_pad$1=0, .$address=4294967295, .anon_pad$3=0,
    .$codehash=0, .$balance=0, .$code=0,
    ._ESBMC_bind_cname={ .pointer_object=nil, .pointer_offset=nil }, .anon_pad$8=0 }

State 41 file /home/samson/workspace/esbmc/src/c2goto/library/solidity/solidity_misc.c line 44 column 17 function _ESBMC_nondet_init_balance thread 0
----------------------------------------------------
  return_value$_nondet_uint256$1 = 0 (00000000 00000000 00000000 00000000 00000000 00000000 00000000 00000000 00000000 00000000 00000000 00000000 00000000 00000000 00000000 00000000 00000000 00000000 00000000 00000000 00000000 00000000 00000000 00000000 00000000 00000000 00000000 00000000 00000000 00000000 00000000 00000000)

State 42 file /home/samson/workspace/esbmc/src/c2goto/library/solidity/solidity_misc.c line 44 column 3 function _ESBMC_nondet_init_balance thread 0
----------------------------------------------------
  b = 0 (00000000 00000000 00000000 00000000 00000000 00000000 00000000 00000000 00000000 00000000 00000000 00000000 00000000 00000000 00000000 00000000 00000000 00000000 00000000 00000000 00000000 00000000 00000000 00000000 00000000 00000000 00000000 00000000 00000000 00000000 00000000 00000000)

State 44 file /home/samson/workspace/esbmc/src/c2goto/library/solidity/solidity_misc.c line 46 column 3 function _ESBMC_nondet_init_balance thread 0
----------------------------------------------------
  _ESBMC_Object_B2_ExtcallSuccess.$balance = { .tag=0, .anon_pad$1=0, .$address=4294967295, .anon_pad$3=0,
    .$codehash=0, .$balance=0, .$code=0,
    ._ESBMC_bind_cname={ .pointer_object=nil, .pointer_offset=nil }, .anon_pad$8=0 }

State 45  thread 0
----------------------------------------------------
  this->$code = { .tag=0, .anon_pad$1=0, .$address=4294967295, .anon_pad$3=0,
    .$codehash=0, .$balance=0, .$code=0,
    ._ESBMC_bind_cname={ .pointer_object=nil, .pointer_offset=nil }, .anon_pad$8=0 }

State 46  thread 0
----------------------------------------------------
  this->_ESBMC_bind_cname = { .tag=0, .anon_pad$1=0, .$address=4294967295, .anon_pad$3=0,
    .$codehash=0, .$balance=0, .$code=0,
    ._ESBMC_bind_cname=&"B2_ExtcallSuccess"[0], .anon_pad$8=0 }

State 47  thread 0
----------------------------------------------------
  this->tag = { .tag=0, .anon_pad$1=0, .$address=4294967295, .anon_pad$3=0,
    .$codehash=0, .$balance=0, .$code=0,
    ._ESBMC_bind_cname=&"B2_ExtcallSuccess"[0], .anon_pad$8=0 }

State 48 file /home/samson/workspace/esbmc/src/c2goto/library/solidity/solidity_misc.c line 169 column 14 function _sol_per_tx_reseed thread 0
----------------------------------------------------
  msg_data = 0 (00000000 00000000 00000000 00000000 00000000 00000000 00000000 00000000 00000000 00000000 00000000 00000000 00000000 00000000 00000000 00000000 00000000 00000000 00000000 00000000 00000000 00000000 00000000 00000000 00000000 00000000 00000000 00000000 00000000 00000000 00000000 00000000)

State 49 file /home/samson/workspace/esbmc/src/c2goto/library/solidity/solidity_misc.c line 170 column 27 function _sol_per_tx_reseed thread 0
----------------------------------------------------
  return_value$_nondet_uint$1 = 0 (00000000 00000000 00000000 00000000)

State 50 file /home/samson/workspace/esbmc/src/c2goto/library/solidity/solidity_misc.c line 170 column 3 function _sol_per_tx_reseed thread 0
----------------------------------------------------
  msg_sender = 0 (00000000 00000000 00000000 00000000 00000000 00000000 00000000 00000000 00000000 00000000 00000000 00000000 00000000 00000000 00000000 00000000 00000000 00000000 00000000 00000000)

State 51 file /home/samson/workspace/esbmc/src/c2goto/library/solidity/solidity_misc.c line 171 column 15 function _sol_per_tx_reseed thread 0
----------------------------------------------------
  msg_value = 0xFFFFFFFFFFFFFFFFFFFFFFFFFFFFFFFFFFFFFFFFFFFFFFFFFFFFFFFFFFFFFFFF (11111111 11111111 11111111 11111111 11111111 11111111 11111111 11111111 11111111 11111111 11111111 11111111 11111111 11111111 11111111 11111111 11111111 11111111 11111111 11111111 11111111 11111111 11111111 11111111 11111111 11111111 11111111 11111111 11111111 11111111 11111111 11111111)

State 52 file /home/samson/workspace/esbmc/src/c2goto/library/solidity/solidity_misc.c line 172 column 26 function _sol_per_tx_reseed thread 0
----------------------------------------------------
  return_value$_nondet_uint$2 = 0 (00000000 00000000 00000000 00000000)

State 53 file /home/samson/workspace/esbmc/src/c2goto/library/solidity/solidity_misc.c line 172 column 3 function _sol_per_tx_reseed thread 0
----------------------------------------------------
  tx_origin = 0 (00000000 00000000 00000000 00000000 00000000 00000000 00000000 00000000 00000000 00000000 00000000 00000000 00000000 00000000 00000000 00000000 00000000 00000000 00000000 00000000)

State 54 file /home/samson/workspace/esbmc/src/c2goto/library/solidity/solidity_misc.c line 173 column 17 function _sol_per_tx_reseed thread 0
----------------------------------------------------
  tx_gasprice = 0 (00000000 00000000 00000000 00000000 00000000 00000000 00000000 00000000 00000000 00000000 00000000 00000000 00000000 00000000 00000000 00000000 00000000 00000000 00000000 00000000 00000000 00000000 00000000 00000000 00000000 00000000 00000000 00000000 00000000 00000000 00000000 00000000)

State 55 file /home/samson/workspace/esbmc/src/c2goto/library/solidity/solidity_misc.c line 192 column 23 function _sol_per_tx_reseed thread 0
----------------------------------------------------
  return_value$_nondet_uint256$3 = 0xFFFFFFFFFFFFFFFFFFFFFFFFFFFFFFFFFFFFFFFFFFFFFFFFFFFFFFFFFFFFFFFF (11111111 11111111 11111111 11111111 11111111 11111111 11111111 11111111 11111111 11111111 11111111 11111111 11111111 11111111 11111111 11111111 11111111 11111111 11111111 11111111 11111111 11111111 11111111 11111111 11111111 11111111 11111111 11111111 11111111 11111111 11111111 11111111)

State 56 file /home/samson/workspace/esbmc/src/c2goto/library/solidity/solidity_misc.c line 192 column 3 function _sol_per_tx_reseed thread 0
----------------------------------------------------
  _new_bn = 0xFFFFFFFFFFFFFFFFFFFFFFFFFFFFFFFFFFFFFFFFFFFFFFFFFFFFFFFFFFFFFFFF (11111111 11111111 11111111 11111111 11111111 11111111 11111111 11111111 11111111 11111111 11111111 11111111 11111111 11111111 11111111 11111111 11111111 11111111 11111111 11111111 11111111 11111111 11111111 11111111 11111111 11111111 11111111 11111111 11111111 11111111 11111111 11111111)

State 58 file /home/samson/workspace/esbmc/src/c2goto/library/solidity/solidity_misc.c line 194 column 3 function _sol_per_tx_reseed thread 0
----------------------------------------------------
  block_number = 0xFFFFFFFFFFFFFFFFFFFFFFFFFFFFFFFFFFFFFFFFFFFFFFFFFFFFFFFFFFFFFFFF (11111111 11111111 11111111 11111111 11111111 11111111 11111111 11111111 11111111 11111111 11111111 11111111 11111111 11111111 11111111 11111111 11111111 11111111 11111111 11111111 11111111 11111111 11111111 11111111 11111111 11111111 11111111 11111111 11111111 11111111 11111111 11111111)

State 59 file /home/samson/workspace/esbmc/src/c2goto/library/solidity/solidity_misc.c line 196 column 23 function _sol_per_tx_reseed thread 0
----------------------------------------------------
  return_value$_nondet_uint256$4 = 0xFFFFFFFFFFFFFFFFFFFFFFFFFFFFFFFFFFFFFFFFFFFFFFFFFFFFFFFFFFFFFFFF (11111111 11111111 11111111 11111111 11111111 11111111 11111111 11111111 11111111 11111111 11111111 11111111 11111111 11111111 11111111 11111111 11111111 11111111 11111111 11111111 11111111 11111111 11111111 11111111 11111111 11111111 11111111 11111111 11111111 11111111 11111111 11111111)

State 60 file /home/samson/workspace/esbmc/src/c2goto/library/solidity/solidity_misc.c line 196 column 3 function _sol_per_tx_reseed thread 0
----------------------------------------------------
  _new_ts = 0xFFFFFFFFFFFFFFFFFFFFFFFFFFFFFFFFFFFFFFFFFFFFFFFFFFFFFFFFFFFFFFFF (11111111 11111111 11111111 11111111 11111111 11111111 11111111 11111111 11111111 11111111 11111111 11111111 11111111 11111111 11111111 11111111 11111111 11111111 11111111 11111111 11111111 11111111 11111111 11111111 11111111 11111111 11111111 11111111 11111111 11111111 11111111 11111111)

State 62 file /home/samson/workspace/esbmc/src/c2goto/library/solidity/solidity_misc.c line 198 column 3 function _sol_per_tx_reseed thread 0
----------------------------------------------------
  block_timestamp = 0xFFFFFFFFFFFFFFFFFFFFFFFFFFFFFFFFFFFFFFFFFFFFFFFFFFFFFFFFFFFFFFFF (11111111 11111111 11111111 11111111 11111111 11111111 11111111 11111111 11111111 11111111 11111111 11111111 11111111 11111111 11111111 11111111 11111111 11111111 11111111 11111111 11111111 11111111 11111111 11111111 11111111 11111111 11111111 11111111 11111111 11111111 11111111 11111111)

State 63 file /home/samson/workspace/esbmc/src/c2goto/library/solidity/solidity_misc.c line 200 column 19 function _sol_per_tx_reseed thread 0
----------------------------------------------------
  block_basefee = 0 (00000000 00000000 00000000 00000000 00000000 00000000 00000000 00000000 00000000 00000000 00000000 00000000 00000000 00000000 00000000 00000000 00000000 00000000 00000000 00000000 00000000 00000000 00000000 00000000 00000000 00000000 00000000 00000000 00000000 00000000 00000000 00000000)

State 64 file /home/samson/workspace/esbmc/src/c2goto/library/solidity/solidity_misc.c line 201 column 23 function _sol_per_tx_reseed thread 0
----------------------------------------------------
  block_blobbasefee = 0 (00000000 00000000 00000000 00000000 00000000 00000000 00000000 00000000 00000000 00000000 00000000 00000000 00000000 00000000 00000000 00000000 00000000 00000000 00000000 00000000 00000000 00000000 00000000 00000000 00000000 00000000 00000000 00000000 00000000 00000000 00000000 00000000)

State 65 file /home/samson/workspace/esbmc/src/c2goto/library/solidity/solidity_misc.c line 202 column 31 function _sol_per_tx_reseed thread 0
----------------------------------------------------
  return_value$_nondet_uint$5 = 0 (00000000 00000000 00000000 00000000)

State 66 file /home/samson/workspace/esbmc/src/c2goto/library/solidity/solidity_misc.c line 202 column 3 function _sol_per_tx_reseed thread 0
----------------------------------------------------
  block_coinbase = 0 (00000000 00000000 00000000 00000000 00000000 00000000 00000000 00000000 00000000 00000000 00000000 00000000 00000000 00000000 00000000 00000000 00000000 00000000 00000000 00000000)

State 67 file /home/samson/workspace/esbmc/src/c2goto/library/solidity/solidity_misc.c line 203 column 22 function _sol_per_tx_reseed thread 0
----------------------------------------------------
  block_difficulty = 0 (00000000 00000000 00000000 00000000 00000000 00000000 00000000 00000000 00000000 00000000 00000000 00000000 00000000 00000000 00000000 00000000 00000000 00000000 00000000 00000000 00000000 00000000 00000000 00000000 00000000 00000000 00000000 00000000 00000000 00000000 00000000 00000000)

State 68 file /home/samson/workspace/esbmc/src/c2goto/library/solidity/solidity_misc.c line 204 column 20 function _sol_per_tx_reseed thread 0
----------------------------------------------------
  block_gaslimit = 0 (00000000 00000000 00000000 00000000 00000000 00000000 00000000 00000000 00000000 00000000 00000000 00000000 00000000 00000000 00000000 00000000 00000000 00000000 00000000 00000000 00000000 00000000 00000000 00000000 00000000 00000000 00000000 00000000 00000000 00000000 00000000 00000000)

State 69 file /home/samson/workspace/esbmc/src/c2goto/library/solidity/solidity_misc.c line 205 column 22 function _sol_per_tx_reseed thread 0
----------------------------------------------------
  block_prevrandao = 0 (00000000 00000000 00000000 00000000 00000000 00000000 00000000 00000000 00000000 00000000 00000000 00000000 00000000 00000000 00000000 00000000 00000000 00000000 00000000 00000000 00000000 00000000 00000000 00000000 00000000 00000000 00000000 00000000 00000000 00000000 00000000 00000000)

State 70  thread 0
----------------------------------------------------
  return_value$_nondet_bool$1 = 1

State 71  thread 0
----------------------------------------------------
  amount = 0 (00000000 00000000 00000000 00000000 00000000 00000000 00000000 00000000 00000000 00000000 00000000 00000000 00000000 00000000 00000000 00000000 00000000 00000000 00000000 00000000 00000000 00000000 00000000 00000000 00000000 00000000 00000000 00000000 00000000 00000000 00000000 00000000)

State 72 file notes/coverage/poc/B2_ExtcallSuccess.sol line 105 function probe thread 0
----------------------------------------------------
  path_tr$0 = 2 (00000000 00000000 00000000 00000000 00000000 00000000 00000000 00000010)

State 73 file notes/coverage/poc/B2_ExtcallSuccess.sol line 105 function probe thread 0
----------------------------------------------------
  goto_symex::guard = 1

State 74 file notes/coverage/poc/B2_ExtcallSuccess.sol line 113 function probe thread 0
----------------------------------------------------
  _ESBMC_Object_B2_ExtcallSuccess = { .tag=0, .anon_pad$1=0, .$address=4294967295, .anon_pad$3=0,
    .$codehash=0, .$balance=0, .$code=0,
    ._ESBMC_bind_cname=&"B2_ExtcallSuccess"[0], .anon_pad$8=0 }

State 75  thread 0
----------------------------------------------------
  _ESBMC_Object_B2_ExtcallSuccess = { .tag=2, .anon_pad$1=0, .$address=4294967295, .anon_pad$3=0,
    .$codehash=0, .$balance=0, .$code=0,
    ._ESBMC_bind_cname=&"B2_ExtcallSuccess"[0], .anon_pad$8=0 }

State 79  thread 0
----------------------------------------------------
Violated property:
  sol:@C@B2_ExtcallSuccess@F@probe#32:path:2
  path_tr$0 != 2 || path_cnt$1 != 1

Properties: 3 verified, ✗ 3 failed
Solver: Bitwuzla 0.8.2 • Decision procedure total time: 0.007s • Avg: 0.002s/property
--solidity-path-coverage: 3 of 3 instrumented path claim(s) reached the solver across 1 unit(s)

[Coverage]

Report Completeness: COMPLETE
Claim Budget: 120s per claim — 0 claim(s) abandoned over budget (bitwuzla: native BITWUZLA_OPT_TIME_LIMIT_PER (per satisfiability check, milliseconds))
Arithmetic Re-solve: OFF (--path-cov-arith-resolve). A witnessed path whose counterexample wraps or divides by zero is emitted as a normal-exit test and is RED on the unmodified contract
Verdicts Preserved: 0 — a claim already DECIDED whose later solve returned no verdict kept its decision. Non-zero also means the same claim key was solved more than once, which is a separate defect
Claim Multiplicity: 0 extra solve(s) beyond the first across all keys; worst key 'probe:path:7	' decided 1 time(s); ceiling not enforced (--path-cov-max-claim-solves unset); 0 decided verdict(s) superseded by a different decided verdict. Repetition is EXPECTED and is not bounded by this run's tx/unwind: one instantiation per transaction, one per re-entry level, and one per caller for a public unit another unit calls internally. The path's answer is the disjunction over them. The number to read is SUPERSEDED: non-zero means one key's instantiations disagreed, so what this run reports for that path depended on which was solved first
Complete Paths : 3
Reached : 3
Path Coverage: 100%
Path Exits: normal 2, revert 1, undetermined 0
Path Status: F 3, I 0, U 0
--solidity-path-coverage: CE PAYLOADS published for 3 witness(es) across 3 witnessed path(s); 0 path(s) carry more than one (--all-witnesses is off). Every witness of a path is a further point in that path's input domain, which is what a sibling span needs and what one counterexample cannot give
--solidity-path-coverage: DECISION SEQUENCES published for 3 of 3 witnessed path(s) (5 step(s), 0 unrecorded, 3 synthesised ABI value gate). A path with no sequence cannot be projected onto decisions, and the synthesised gate has no branch-coverage counterpart, so both are named rather than folded in
--solidity-path-coverage: EVENT SEQUENCES published for 3 of 3 witnessed path(s), 0 of them non-empty (0 emit(s) total). An EMPTY array is a measurement ("this path emits nothing recordable") and a MISSING field is not, so the two are counted apart; and `recordable` excludes the qualified spelling `emit L.E(x)`, which the front end drops
Coverage report written to cov-report.json
--solidity-path-coverage: CE journal cov-ce-journal.json updated at run end: 3 witnessed path(s) on disk, 3 with non-empty inputs (complete=true)

VERIFICATION FAILED
ESBMC version 8.2.0 64-bit x86_64 linux
################ HARVEST-VERBOSE UNIT=probe exit=1 ################
total 32
drwxr-xr-x  2 samson samson  4096 Aug  3 18:59 .
drwxr-xr-x 24 samson samson  4096 Aug  3 18:59 ..
-rw-r--r--  1 samson samson  6837 Aug  3 18:59 cov-ce-journal.json
-rw-r--r--  1 samson samson 13250 Aug  3 18:59 cov-report.json
=== AST STAMP AT END (must equal the one at the top) ===
-rw-r--r-- 1 samson samson 38324 Aug  3 18:47 /home/samson/workspace/esbmc/notes/coverage/poc/B2_ExtcallSuccess.solast
