=== iter 0 rc=0 ===
Warning: SPDX license identifier not provided in source file. Before publishing, consider adding a comment containing "SPDX-License-Identifier: <SPDX-License>" to each source file. Use "SPDX-License-Identifier: UNLICENSED" for non-open-source code. Please see https://spdx.org for more information.
--> contract.sol


=== full compile rc=1 ===
Warning: SPDX license identifier not provided in source file. Before publishing, consider adding a comment containing "SPDX-License-Identifier: <SPDX-License>" to each source file. Use "SPDX-License-Identifier: UNLICENSED" for non-open-source code. Please see https://spdx.org for more information.
--> contract.sol

Warning: This declaration shadows an existing declaration.
   --> contract.sol:322:15:
    |
322 |   constructor(string name, string symbol, uint8 decimals) public {
    |               ^^^^^^^^^^^
Note: The shadowed declaration is here:
   --> contract.sol:331:3:
    |
331 |   function name() public view returns(string) {
    |   ^ (Relevant source part starts here and spans across multiple lines).

Warning: This declaration shadows an existing declaration.
   --> contract.sol:322:28:
    |
322 |   constructor(string name, string symbol, uint8 decimals) public {
    |                            ^^^^^^^^^^^^^
Note: The shadowed declaration is here:
   --> contract.sol:338:3:
    |
338 |   function symbol() public view returns(string) {
    |   ^ (Relevant source part starts here and spans across multiple lines).

Warning: This declaration shadows an existing declaration.
   --> contract.sol:322:43:
    |
322 |   constructor(string name, string symbol, uint8 decimals) public {
    |                                           ^^^^^^^^^^^^^^
Note: The shadowed declaration is here:
   --> contract.sol:345:3:
    |
345 |   function decimals() public view returns(uint8) {
    |   ^ (Relevant source part starts here and spans across multiple lines).

Error: Data location must be "storage" or "memory" for constructor parameter, but none was given.
   --> contract.sol:322:15:
    |
322 |   constructor(string name, string symbol, uint8 decimals) public {
    |               ^^^^^^^^^^^

Error: Data location must be "storage" or "memory" for constructor parameter, but none was given.
   --> contract.sol:322:28:
    |
322 |   constructor(string name, string symbol, uint8 decimals) public {
    |                            ^^^^^^^^^^^^^

Error: Data location must be "memory" or "calldata" for return parameter in function, but none was given.
   --> contract.sol:331:39:
    |
331 |   function name() public view returns(string) {
    |                                       ^^^^^^

Error: Data location must be "memory" or "calldata" for return parameter in function, but none was given.
   --> contract.sol:338:41:
    |
338 |   function symbol() public view returns(string) {
    |                                         ^^^^^^


=== applied patch_memory_location ===
=== iter 1 rc=0 ===
Warning: SPDX license identifier not provided in source file. Before publishing, consider adding a comment containing "SPDX-License-Identifier: <SPDX-License>" to each source file. Use "SPDX-License-Identifier: UNLICENSED" for non-open-source code. Please see https://spdx.org for more information.
--> contract.sol


=== full compile rc=1 ===
Warning: SPDX license identifier not provided in source file. Before publishing, consider adding a comment containing "SPDX-License-Identifier: <SPDX-License>" to each source file. Use "SPDX-License-Identifier: UNLICENSED" for non-open-source code. Please see https://spdx.org for more information.
--> contract.sol

Warning: This declaration shadows an existing declaration.
   --> contract.sol:322:15:
    |
322 |   constructor(string memory name, string memory symbol, uint8 decimals) public {
    |               ^^^^^^^^^^^^^^^^^^
Note: The shadowed declaration is here:
   --> contract.sol:331:3:
    |
331 |   function name() public view returns (string memory) {
    |   ^ (Relevant source part starts here and spans across multiple lines).

Warning: This declaration shadows an existing declaration.
   --> contract.sol:322:35:
    |
322 |   constructor(string memory name, string memory symbol, uint8 decimals) public {
    |                                   ^^^^^^^^^^^^^^^^^^^^
Note: The shadowed declaration is here:
   --> contract.sol:338:3:
    |
338 |   function symbol() public view returns (string memory) {
    |   ^ (Relevant source part starts here and spans across multiple lines).

Warning: This declaration shadows an existing declaration.
   --> contract.sol:322:57:
    |
322 |   constructor(string memory name, string memory symbol, uint8 decimals) public {
    |                                                         ^^^^^^^^^^^^^^
Note: The shadowed declaration is here:
   --> contract.sol:345:3:
    |
345 |   function decimals() public view returns(uint8) {
    |   ^ (Relevant source part starts here and spans across multiple lines).

Error: Contract "ERC20Detailed" should be marked as abstract.
   --> contract.sol:317:1:
    |
317 | contract ERC20Detailed is IERC20 {
    | ^ (Relevant source part starts here and spans across multiple lines).
Note: Missing implementation: 
  --> contract.sol:15:3:
   |
15 |   function allowance(address owner, address spender)
   |   ^ (Relevant source part starts here and spans across multiple lines).
Note: Missing implementation: 
  --> contract.sol:20:3:
   |
20 |   function approve(address spender, uint256 value)
   |   ^ (Relevant source part starts here and spans across multiple lines).
Note: Missing implementation: 
  --> contract.sol:13:3:
   |
13 |   function balanceOf(address who) external view returns (uint256);
   |   ^^^^^^^^^^^^^^^^^^^^^^^^^^^^^^^^^^^^^^^^^^^^^^^^^^^^^^^^^^^^^^^^
Note: Missing implementation: 
  --> contract.sol:11:3:
   |
11 |   function totalSupply() external view returns (uint256);
   |   ^^^^^^^^^^^^^^^^^^^^^^^^^^^^^^^^^^^^^^^^^^^^^^^^^^^^^^^
Note: Missing implementation: 
  --> contract.sol:18:3:
   |
18 |   function transfer(address to, uint256 value) external returns (bool);
   |   ^^^^^^^^^^^^^^^^^^^^^^^^^^^^^^^^^^^^^^^^^^^^^^^^^^^^^^^^^^^^^^^^^^^^^
Note: Missing implementation: 
  --> contract.sol:23:3:
   |
23 |   function transferFrom(address from, address to, uint256 value)
   |   ^ (Relevant source part starts here and spans across multiple lines).

Error: Overriding function is missing "override" specifier.
   --> contract.sol:587:3:
    |
587 |   function transfer(
    |   ^ (Relevant source part starts here and spans across multiple lines).
Note: Overridden function is here:
   --> contract.sol:157:3:
    |
157 |   function transfer(address to, uint256 value) public returns (bool) {
    |   ^ (Relevant source part starts here and spans across multiple lines).

Error: Trying to override non-virtual function. Did you forget to add "virtual"?
   --> contract.sol:157:3:
    |
157 |   function transfer(address to, uint256 value) public returns (bool) {
    |   ^ (Relevant source part starts here and spans across multiple lines).
Note: Overriding function is here:
   --> contract.sol:587:3:
    |
587 |   function transfer(
    |   ^ (Relevant source part starts here and spans across multiple lines).

Error: Overriding function is missing "override" specifier.
   --> contract.sol:598:3:
    |
598 |   function transferFrom(
    |   ^ (Relevant source part starts here and spans across multiple lines).
Note: Overridden function is here:
   --> contract.sol:185:3:
    |
185 |   function transferFrom(
    |   ^ (Relevant source part starts here and spans across multiple lines).

Error: Trying to override non-virtual function. Did you forget to add "virtual"?
   --> contract.sol:185:3:
    |
185 |   function transferFrom(
    |   ^ (Relevant source part starts here and spans across multiple lines).
Note: Overriding function is here:
   --> contract.sol:598:3:
    |
598 |   function transferFrom(
    |   ^ (Relevant source part starts here and spans across multiple lines).

Error: Overriding function is missing "override" specifier.
   --> contract.sol:610:3:
    |
610 |   function approve(
    |   ^ (Relevant source part starts here and spans across multiple lines).
Note: Overridden function is here:
   --> contract.sol:171:3:
    |
171 |   function approve(address spender, uint256 value) public returns (bool) {
    |   ^ (Relevant source part starts here and spans across multiple lines).

Error: Trying to override non-virtual function. Did you forget to add "virtual"?
   --> contract.sol:171:3:
    |
171 |   function approve(address spender, uint256 value) public returns (bool) {
    |   ^ (Relevant source part starts here and spans across multiple lines).
Note: Overriding function is here:
   --> contract.sol:610:3:
    |
610 |   function approve(
    |   ^ (Relevant source part starts here and spans across multiple lines).

Error: Overriding function is missing "override" specifier.
   --> contract.sol:621:3:
    |
621 |   function increaseAllowance(
    |   ^ (Relevant source part starts here and spans across multiple lines).
Note: Overridden function is here:
   --> contract.sol:209:3:
    |
209 |   function increaseAllowance(
    |   ^ (Relevant source part starts here and spans across multiple lines).

Error: Trying to override non-virtual function. Did you forget to add "virtual"?
   --> contract.sol:209:3:
    |
209 |   function increaseAllowance(
    |   ^ (Relevant source part starts here and spans across multiple lines).
Note: Overriding function is here:
   --> contract.sol:621:3:
    |
621 |   function increaseAllowance(
    |   ^ (Relevant source part starts here and spans across multiple lines).

Error: Overriding function is missing "override" specifier.
   --> contract.sol:632:3:
    |
632 |   function decreaseAllowance(
    |   ^ (Relevant source part starts here and spans across multiple lines).
Note: Overridden function is here:
   --> contract.sol:233:3:
    |
233 |   function decreaseAllowance(
    |   ^ (Relevant source part starts here and spans across multiple lines).

Error: Trying to override non-virtual function. Did you forget to add "virtual"?
   --> contract.sol:233:3:
    |
233 |   function decreaseAllowance(
    |   ^ (Relevant source part starts here and spans across multiple lines).
Note: Overriding function is here:
   --> contract.sol:632:3:
    |
632 |   function decreaseAllowance(
    |   ^ (Relevant source part starts here and spans across multiple lines).

Error: Overriding function is missing "override" specifier.
   --> contract.sol:666:5:
    |
666 |     function mint(address to, uint256 value) public onlyMinter returns (bool) {
    |     ^ (Relevant source part starts here and spans across multiple lines).
Note: Overridden function is here:
   --> contract.sol:446:3:
    |
446 |   function mint(
    |   ^ (Relevant source part starts here and spans across multiple lines).

Error: Trying to override non-virtual function. Did you forget to add "virtual"?
   --> contract.sol:446:3:
    |
446 |   function mint(
    |   ^ (Relevant source part starts here and spans across multiple lines).
Note: Overriding function is here:
   --> contract.sol:666:5:
    |
666 |     function mint(address to, uint256 value) public onlyMinter returns (bool) {
    |     ^ (Relevant source part starts here and spans across multiple lines).

Error: Overriding function is missing "override" specifier.
   --> contract.sol:672:5:
    |
672 |     function burn(uint256 value) public {
    |     ^ (Relevant source part starts here and spans across multiple lines).
Note: Overridden function is here:
   --> contract.sol:470:3:
    |
470 |   function burn(uint256 value) public {
    |   ^ (Relevant source part starts here and spans across multiple lines).

Error: Trying to override non-virtual function. Did you forget to add "virtual"?
   --> contract.sol:470:3:
    |
470 |   function burn(uint256 value) public {
    |   ^ (Relevant source part starts here and spans across multiple lines).
Note: Overriding function is here:
   --> contract.sol:672:5:
    |
672 |     function burn(uint256 value) public {
    |     ^ (Relevant source part starts here and spans across multiple lines).

Error: Overriding function is missing "override" specifier.
   --> contract.sol:677:5:
    |
677 |     function transfer(address to, uint256 value) public returns (bool) {
    |     ^ (Relevant source part starts here and spans across multiple lines).
Note: Overridden function is here:
   --> contract.sol:157:3:
    |
157 |   function transfer(address to, uint256 value) public returns (bool) {
    |   ^ (Relevant source part starts here and spans across multiple lines).

Error: Trying to override non-virtual function. Did you forget to add "virtual"?
   --> contract.sol:157:3:
    |
157 |   function transfer(address to, uint256 value) public returns (bool) {
    |   ^ (Relevant source part starts here and spans across multiple lines).
Note: Overriding function is here:
   --> contract.sol:677:5:
    |
677 |     function transfer(address to, uint256 value) public returns (bool) {
    |     ^ (Relevant source part starts here and spans across multiple lines).

Error: Overriding function is missing "override" specifier.
   --> contract.sol:677:5:
    |
677 |     function transfer(address to, uint256 value) public returns (bool) {
    |     ^ (Relevant source part starts here and spans across multiple lines).
Note: Overridden function is here:
   --> contract.sol:157:3:
    |
157 |   function transfer(address to, uint256 value) public returns (bool) {
    |   ^ (Relevant source part starts here and spans across multiple lines).

Error: Trying to override non-virtual function. Did you forget to add "virtual"?
   --> contract.sol:157:3:
    |
157 |   function transfer(address to, uint256 value) public returns (bool) {
    |   ^ (Relevant source part starts here and spans across multiple lines).
Note: Overriding function is here:
   --> contract.sol:677:5:
    |
677 |     function transfer(address to, uint256 value) public returns (bool) {
    |     ^ (Relevant source part starts here and spans across multiple lines).

Error: Overriding function is missing "override" specifier.
   --> contract.sol:677:5:
    |
677 |     function transfer(address to, uint256 value) public returns (bool) {
    |     ^ (Relevant source part starts here and spans across multiple lines).
Note: Overridden function is here:
   --> contract.sol:157:3:
    |
157 |   function transfer(address to, uint256 value) public returns (bool) {
    |   ^ (Relevant source part starts here and spans across multiple lines).

Error: Trying to override non-virtual function. Did you forget to add "virtual"?
   --> contract.sol:157:3:
    |
157 |   function transfer(address to, uint256 value) public returns (bool) {
    |   ^ (Relevant source part starts here and spans across multiple lines).
Note: Overriding function is here:
   --> contract.sol:677:5:
    |
677 |     function transfer(address to, uint256 value) public returns (bool) {
    |     ^ (Relevant source part starts here and spans across multiple lines).

Error: Overriding function is missing "override" specifier.
   --> contract.sol:677:5:
    |
677 |     function transfer(address to, uint256 value) public returns (bool) {
    |     ^ (Relevant source part starts here and spans across multiple lines).
Note: Overridden function is here:
   --> contract.sol:587:3:
    |
587 |   function transfer(
    |   ^ (Relevant source part starts here and spans across multiple lines).

Error: Trying to override non-virtual function. Did you forget to add "virtual"?
   --> contract.sol:587:3:
    |
587 |   function transfer(
    |   ^ (Relevant source part starts here and spans across multiple lines).
Note: Overriding function is here:
   --> contract.sol:677:5:
    |
677 |     function transfer(address to, uint256 value) public returns (bool) {
    |     ^ (Relevant source part starts here and spans across multiple lines).

Error: Function needs to specify overridden contracts "ERC20", "ERC20Pausable" and "IERC20".
   --> contract.sol:677:5:
    |
677 |     function transfer(address to, uint256 value) public returns (bool) {
    |     ^ (Relevant source part starts here and spans across multiple lines).
Note: This contract: 
  --> contract.sol:10:1:
   |
10 | interface IERC20 {
   | ^ (Relevant source part starts here and spans across multiple lines).
Note: This contract: 
   --> contract.sol:110:1:
    |
110 | contract ERC20 is IERC20 {
    | ^ (Relevant source part starts here and spans across multiple lines).
Note: This contract: 
   --> contract.sol:585:1:
    |
585 | contract ERC20Pausable is ERC20, Pausable {
    | ^ (Relevant source part starts here and spans across multiple lines).

Error: Overriding function is missing "override" specifier.
   --> contract.sol:683:5:
    |
683 |     function transferFrom(address from, address to, uint256 value) public returns (bool) {
    |     ^ (Relevant source part starts here and spans across multiple lines).
Note: Overridden function is here:
   --> contract.sol:185:3:
    |
185 |   function transferFrom(
    |   ^ (Relevant source part starts here and spans across multiple lines).

Error: Trying to override non-virtual function. Did you forget to add "virtual"?
   --> contract.sol:185:3:
    |
185 |   function transferFrom(
    |   ^ (Relevant source part starts here and spans across multiple lines).
Note: Overriding function is here:
   --> contract.sol:683:5:
    |
683 |     function transferFrom(address from, address to, uint256 value) public returns (bool) {
    |     ^ (Relevant source part starts here and spans across multiple lines).

Error: Overriding function is missing "override" specifier.
   --> contract.sol:683:5:
    |
683 |     function transferFrom(address from, address to, uint256 value) public returns (bool) {
    |     ^ (Relevant source part starts here and spans across multiple lines).
Note: Overridden function is here:
   --> contract.sol:185:3:
    |
185 |   function transferFrom(
    |   ^ (Relevant source part starts here and spans across multiple lines).

Error: Trying to override non-virtual function. Did you forget to add "virtual"?
   --> contract.sol:185:3:
    |
185 |   function transferFrom(
    |   ^ (Relevant source part starts here and spans across multiple lines).
Note: Overriding function is here:
   --> contract.sol:683:5:
    |
683 |     function transferFrom(address from, address to, uint256 value) public returns (bool) {
    |     ^ (Relevant source part starts here and spans across multiple lines).

Error: Overriding function is missing "override" specifier.
   --> contract.sol:683:5:
    |
683 |     function transferFrom(address from, address to, uint256 value) public returns (bool) {
    |     ^ (Relevant source part starts here and spans across multiple lines).
Note: Overridden function is here:
   --> contract.sol:185:3:
    |
185 |   function transferFrom(
    |   ^ (Relevant source part starts here and spans across multiple lines).

Error: Trying to override non-virtual function. Did you forget to add "virtual"?
   --> contract.sol:185:3:
    |
185 |   function transferFrom(
    |   ^ (Relevant source part starts here and spans across multiple lines).
Note: Overriding function is here:
   --> contract.sol:683:5:
    |
683 |     function transferFrom(address from, address to, uint256 value) public returns (bool) {
    |     ^ (Relevant source part starts here and spans across multiple lines).

Error: Overriding function is missing "override" specifier.
   --> contract.sol:683:5:
    |
683 |     function transferFrom(address from, address to, uint256 value) public returns (bool) {
    |     ^ (Relevant source part starts here and spans across multiple lines).
Note: Overridden function is here:
   --> contract.sol:598:3:
    |
598 |   function transferFrom(
    |   ^ (Relevant source part starts here and spans across multiple lines).

Error: Trying to override non-virtual function. Did you forget to add "virtual"?
   --> contract.sol:598:3:
    |
598 |   function transferFrom(
    |   ^ (Relevant source part starts here and spans across multiple lines).
Note: Overriding function is here:
   --> contract.sol:683:5:
    |
683 |     function transferFrom(address from, address to, uint256 value) public returns (bool) {
    |     ^ (Relevant source part starts here and spans across multiple lines).

Error: Function needs to specify overridden contracts "ERC20", "ERC20Pausable" and "IERC20".
   --> contract.sol:683:5:
    |
683 |     function transferFrom(address from, address to, uint256 value) public returns (bool) {
    |     ^ (Relevant source part starts here and spans across multiple lines).
Note: This contract: 
  --> contract.sol:10:1:
   |
10 | interface IERC20 {
   | ^ (Relevant source part starts here and spans across multiple lines).
Note: This contract: 
   --> contract.sol:110:1:
    |
110 | contract ERC20 is IERC20 {
    | ^ (Relevant source part starts here and spans across multiple lines).
Note: This contract: 
   --> contract.sol:585:1:
    |
585 | contract ERC20Pausable is ERC20, Pausable {
    | ^ (Relevant source part starts here and spans across multiple lines).

Error: Derived contract must override function "approve". Two or more base classes define function with same name and parameter types.
   --> contract.sol:645:1:
    |
645 | contract INRD is ERC20, ERC20Detailed, ERC20Mintable, ERC20Burnable, ERC20Pausable {
    | ^ (Relevant source part starts here and spans across multiple lines).
Note: Definition in "ERC20": 
   --> contract.sol:171:3:
    |
171 |   function approve(address spender, uint256 value) public returns (bool) {
    |   ^ (Relevant source part starts here and spans across multiple lines).
Note: Definition in "ERC20Pausable": 
   --> contract.sol:610:3:
    |
610 |   function approve(
    |   ^ (Relevant source part starts here and spans across multiple lines).

Error: Derived contract must override function "decreaseAllowance". Two or more base classes define function with same name and parameter types.
   --> contract.sol:645:1:
    |
645 | contract INRD is ERC20, ERC20Detailed, ERC20Mintable, ERC20Burnable, ERC20Pausable {
    | ^ (Relevant source part starts here and spans across multiple lines).
Note: Definition in "ERC20": 
   --> contract.sol:233:3:
    |
233 |   function decreaseAllowance(
    |   ^ (Relevant source part starts here and spans across multiple lines).
Note: Definition in "ERC20Pausable": 
   --> contract.sol:632:3:
    |
632 |   function decreaseAllowance(
    |   ^ (Relevant source part starts here and spans across multiple lines).

Error: Derived contract must override function "increaseAllowance". Two or more base classes define function with same name and parameter types.
   --> contract.sol:645:1:
    |
645 | contract INRD is ERC20, ERC20Detailed, ERC20Mintable, ERC20Burnable, ERC20Pausable {
    | ^ (Relevant source part starts here and spans across multiple lines).
Note: Definition in "ERC20": 
   --> contract.sol:209:3:
    |
209 |   function increaseAllowance(
    |   ^ (Relevant source part starts here and spans across multiple lines).
Note: Definition in "ERC20Pausable": 
   --> contract.sol:621:3:
    |
621 |   function increaseAllowance(
    |   ^ (Relevant source part starts here and spans across multiple lines).

Error: Built-in binary operator != cannot be applied to types address and int_const 0.
   --> contract.sol:271:13:
    |
271 |     require(account != 0);
    |             ^^^^^^^^^^^^

Error: Built-in binary operator != cannot be applied to types address and int_const 0.
   --> contract.sol:284:13:
    |
284 |     require(account != 0);
    |             ^^^^^^^^^^^^

Warning: Visibility for constructor is ignored. If you want the contract to be non-deployable, making it "abstract" is sufficient.
   --> contract.sol:322:3:
    |
322 |   constructor(string memory name, string memory symbol, uint8 decimals) public {
    |   ^ (Relevant source part starts here and spans across multiple lines).

Error: Non-abstract contracts cannot have internal constructors. Remove the "internal" keyword and make the contract abstract to fix this.
   --> contract.sol:403:3:
    |
403 |   constructor() internal {
    |   ^ (Relevant source part starts here and spans across multiple lines).

Error: Non-abstract contracts cannot have internal constructors. Remove the "internal" keyword and make the contract abstract to fix this.
   --> contract.sol:495:3:
    |
495 |   constructor() internal {
    |   ^ (Relevant source part starts here and spans across multiple lines).

Error: Non-abstract contracts cannot have internal constructors. Remove the "internal" keyword and make the contract abstract to fix this.
   --> contract.sol:537:3:
    |
537 |   constructor() internal {
    |   ^ (Relevant source part starts here and spans across multiple lines).

Warning: Visibility for constructor is ignored. If you want the contract to be non-deployable, making it "abstract" is sufficient.
   --> contract.sol:656:5:
    |
656 |     constructor(address _staker)
    |     ^ (Relevant source part starts here and spans across multiple lines).

Error: Member "mul" not found or not visible after argument-dependent lookup in uint256.
   --> contract.sol:690:30:
    |
690 |         uint256 stakingFee = _value.mul(_fees).div(feeDenominator);
    |                              ^^^^^^^^^^


=== applied patch_using_safemath ===
=== iter 2 rc=0 ===
Warning: SPDX license identifier not provided in source file. Before publishing, consider adding a comment containing "SPDX-License-Identifier: <SPDX-License>" to each source file. Use "SPDX-License-Identifier: UNLICENSED" for non-open-source code. Please see https://spdx.org for more information.
--> contract.sol


=== full compile rc=1 ===
Warning: SPDX license identifier not provided in source file. Before publishing, consider adding a comment containing "SPDX-License-Identifier: <SPDX-License>" to each source file. Use "SPDX-License-Identifier: UNLICENSED" for non-open-source code. Please see https://spdx.org for more information.
--> contract.sol

Warning: This declaration shadows an existing declaration.
   --> contract.sol:322:15:
    |
322 |   constructor(string memory name, string memory symbol, uint8 decimals) public {
    |               ^^^^^^^^^^^^^^^^^^
Note: The shadowed declaration is here:
   --> contract.sol:331:3:
    |
331 |   function name() public view returns (string memory) {
    |   ^ (Relevant source part starts here and spans across multiple lines).

Warning: This declaration shadows an existing declaration.
   --> contract.sol:322:35:
    |
322 |   constructor(string memory name, string memory symbol, uint8 decimals) public {
    |                                   ^^^^^^^^^^^^^^^^^^^^
Note: The shadowed declaration is here:
   --> contract.sol:338:3:
    |
338 |   function symbol() public view returns (string memory) {
    |   ^ (Relevant source part starts here and spans across multiple lines).

Warning: This declaration shadows an existing declaration.
   --> contract.sol:322:57:
    |
322 |   constructor(string memory name, string memory symbol, uint8 decimals) public {
    |                                                         ^^^^^^^^^^^^^^
Note: The shadowed declaration is here:
   --> contract.sol:345:3:
    |
345 |   function decimals() public view returns(uint8) {
    |   ^ (Relevant source part starts here and spans across multiple lines).

Error: Contract "ERC20Detailed" should be marked as abstract.
   --> contract.sol:317:1:
    |
317 | contract ERC20Detailed is IERC20 {
    | ^ (Relevant source part starts here and spans across multiple lines).
Note: Missing implementation: 
  --> contract.sol:15:3:
   |
15 |   function allowance(address owner, address spender)
   |   ^ (Relevant source part starts here and spans across multiple lines).
Note: Missing implementation: 
  --> contract.sol:20:3:
   |
20 |   function approve(address spender, uint256 value)
   |   ^ (Relevant source part starts here and spans across multiple lines).
Note: Missing implementation: 
  --> contract.sol:13:3:
   |
13 |   function balanceOf(address who) external view returns (uint256);
   |   ^^^^^^^^^^^^^^^^^^^^^^^^^^^^^^^^^^^^^^^^^^^^^^^^^^^^^^^^^^^^^^^^
Note: Missing implementation: 
  --> contract.sol:11:3:
   |
11 |   function totalSupply() external view returns (uint256);
   |   ^^^^^^^^^^^^^^^^^^^^^^^^^^^^^^^^^^^^^^^^^^^^^^^^^^^^^^^
Note: Missing implementation: 
  --> contract.sol:18:3:
   |
18 |   function transfer(address to, uint256 value) external returns (bool);
   |   ^^^^^^^^^^^^^^^^^^^^^^^^^^^^^^^^^^^^^^^^^^^^^^^^^^^^^^^^^^^^^^^^^^^^^
Note: Missing implementation: 
  --> contract.sol:23:3:
   |
23 |   function transferFrom(address from, address to, uint256 value)
   |   ^ (Relevant source part starts here and spans across multiple lines).

Error: Overriding function is missing "override" specifier.
   --> contract.sol:587:3:
    |
587 |   function transfer(
    |   ^ (Relevant source part starts here and spans across multiple lines).
Note: Overridden function is here:
   --> contract.sol:157:3:
    |
157 |   function transfer(address to, uint256 value) public returns (bool) {
    |   ^ (Relevant source part starts here and spans across multiple lines).

Error: Trying to override non-virtual function. Did you forget to add "virtual"?
   --> contract.sol:157:3:
    |
157 |   function transfer(address to, uint256 value) public returns (bool) {
    |   ^ (Relevant source part starts here and spans across multiple lines).
Note: Overriding function is here:
   --> contract.sol:587:3:
    |
587 |   function transfer(
    |   ^ (Relevant source part starts here and spans across multiple lines).

Error: Overriding function is missing "override" specifier.
   --> contract.sol:598:3:
    |
598 |   function transferFrom(
    |   ^ (Relevant source part starts here and spans across multiple lines).
Note: Overridden function is here:
   --> contract.sol:185:3:
    |
185 |   function transferFrom(
    |   ^ (Relevant source part starts here and spans across multiple lines).

Error: Trying to override non-virtual function. Did you forget to add "virtual"?
   --> contract.sol:185:3:
    |
185 |   function transferFrom(
    |   ^ (Relevant source part starts here and spans across multiple lines).
Note: Overriding function is here:
   --> contract.sol:598:3:
    |
598 |   function transferFrom(
    |   ^ (Relevant source part starts here and spans across multiple lines).

Error: Overriding function is missing "override" specifier.
   --> contract.sol:610:3:
    |
610 |   function approve(
    |   ^ (Relevant source part starts here and spans across multiple lines).
Note: Overridden function is here:
   --> contract.sol:171:3:
    |
171 |   function approve(address spender, uint256 value) public returns (bool) {
    |   ^ (Relevant source part starts here and spans across multiple lines).

Error: Trying to override non-virtual function. Did you forget to add "virtual"?
   --> contract.sol:171:3:
    |
171 |   function approve(address spender, uint256 value) public returns (bool) {
    |   ^ (Relevant source part starts here and spans across multiple lines).
Note: Overriding function is here:
   --> contract.sol:610:3:
    |
610 |   function approve(
    |   ^ (Relevant source part starts here and spans across multiple lines).

Error: Overriding function is missing "override" specifier.
   --> contract.sol:621:3:
    |
621 |   function increaseAllowance(
    |   ^ (Relevant source part starts here and spans across multiple lines).
Note: Overridden function is here:
   --> contract.sol:209:3:
    |
209 |   function increaseAllowance(
    |   ^ (Relevant source part starts here and spans across multiple lines).

Error: Trying to override non-virtual function. Did you forget to add "virtual"?
   --> contract.sol:209:3:
    |
209 |   function increaseAllowance(
    |   ^ (Relevant source part starts here and spans across multiple lines).
Note: Overriding function is here:
   --> contract.sol:621:3:
    |
621 |   function increaseAllowance(
    |   ^ (Relevant source part starts here and spans across multiple lines).

Error: Overriding function is missing "override" specifier.
   --> contract.sol:632:3:
    |
632 |   function decreaseAllowance(
    |   ^ (Relevant source part starts here and spans across multiple lines).
Note: Overridden function is here:
   --> contract.sol:233:3:
    |
233 |   function decreaseAllowance(
    |   ^ (Relevant source part starts here and spans across multiple lines).

Error: Trying to override non-virtual function. Did you forget to add "virtual"?
   --> contract.sol:233:3:
    |
233 |   function decreaseAllowance(
    |   ^ (Relevant source part starts here and spans across multiple lines).
Note: Overriding function is here:
   --> contract.sol:632:3:
    |
632 |   function decreaseAllowance(
    |   ^ (Relevant source part starts here and spans across multiple lines).

Error: Overriding function is missing "override" specifier.
   --> contract.sol:666:5:
    |
666 |     function mint(address to, uint256 value) public onlyMinter returns (bool) {
    |     ^ (Relevant source part starts here and spans across multiple lines).
Note: Overridden function is here:
   --> contract.sol:446:3:
    |
446 |   function mint(
    |   ^ (Relevant source part starts here and spans across multiple lines).

Error: Trying to override non-virtual function. Did you forget to add "virtual"?
   --> contract.sol:446:3:
    |
446 |   function mint(
    |   ^ (Relevant source part starts here and spans across multiple lines).
Note: Overriding function is here:
   --> contract.sol:666:5:
    |
666 |     function mint(address to, uint256 value) public onlyMinter returns (bool) {
    |     ^ (Relevant source part starts here and spans across multiple lines).

Error: Overriding function is missing "override" specifier.
   --> contract.sol:672:5:
    |
672 |     function burn(uint256 value) public {
    |     ^ (Relevant source part starts here and spans across multiple lines).
Note: Overridden function is here:
   --> contract.sol:470:3:
    |
470 |   function burn(uint256 value) public {
    |   ^ (Relevant source part starts here and spans across multiple lines).

Error: Trying to override non-virtual function. Did you forget to add "virtual"?
   --> contract.sol:470:3:
    |
470 |   function burn(uint256 value) public {
    |   ^ (Relevant source part starts here and spans across multiple lines).
Note: Overriding function is here:
   --> contract.sol:672:5:
    |
672 |     function burn(uint256 value) public {
    |     ^ (Relevant source part starts here and spans across multiple lines).

Error: Overriding function is missing "override" specifier.
   --> contract.sol:677:5:
    |
677 |     function transfer(address to, uint256 value) public returns (bool) {
    |     ^ (Relevant source part starts here and spans across multiple lines).
Note: Overridden function is here:
   --> contract.sol:157:3:
    |
157 |   function transfer(address to, uint256 value) public returns (bool) {
    |   ^ (Relevant source part starts here and spans across multiple lines).

Error: Trying to override non-virtual function. Did you forget to add "virtual"?
   --> contract.sol:157:3:
    |
157 |   function transfer(address to, uint256 value) public returns (bool) {
    |   ^ (Relevant source part starts here and spans across multiple lines).
Note: Overriding function is here:
   --> contract.sol:677:5:
    |
677 |     function transfer(address to, uint256 value) public returns (bool) {
    |     ^ (Relevant source part starts here and spans across multiple lines).

Error: Overriding function is missing "override" specifier.
   --> contract.sol:677:5:
    |
677 |     function transfer(address to, uint256 value) public returns (bool) {
    |     ^ (Relevant source part starts here and spans across multiple lines).
Note: Overridden function is here:
   --> contract.sol:157:3:
    |
157 |   function transfer(address to, uint256 value) public returns (bool) {
    |   ^ (Relevant source part starts here and spans across multiple lines).

Error: Trying to override non-virtual function. Did you forget to add "virtual"?
   --> contract.sol:157:3:
    |
157 |   function transfer(address to, uint256 value) public returns (bool) {
    |   ^ (Relevant source part starts here and spans across multiple lines).
Note: Overriding function is here:
   --> contract.sol:677:5:
    |
677 |     function transfer(address to, uint256 value) public returns (bool) {
    |     ^ (Relevant source part starts here and spans across multiple lines).

Error: Overriding function is missing "override" specifier.
   --> contract.sol:677:5:
    |
677 |     function transfer(address to, uint256 value) public returns (bool) {
    |     ^ (Relevant source part starts here and spans across multiple lines).
Note: Overridden function is here:
   --> contract.sol:157:3:
    |
157 |   function transfer(address to, uint256 value) public returns (bool) {
    |   ^ (Relevant source part starts here and spans across multiple lines).

Error: Trying to override non-virtual function. Did you forget to add "virtual"?
   --> contract.sol:157:3:
    |
157 |   function transfer(address to, uint256 value) public returns (bool) {
    |   ^ (Relevant source part starts here and spans across multiple lines).
Note: Overriding function is here:
   --> contract.sol:677:5:
    |
677 |     function transfer(address to, uint256 value) public returns (bool) {
    |     ^ (Relevant source part starts here and spans across multiple lines).

Error: Overriding function is missing "override" specifier.
   --> contract.sol:677:5:
    |
677 |     function transfer(address to, uint256 value) public returns (bool) {
    |     ^ (Relevant source part starts here and spans across multiple lines).
Note: Overridden function is here:
   --> contract.sol:587:3:
    |
587 |   function transfer(
    |   ^ (Relevant source part starts here and spans across multiple lines).

Error: Trying to override non-virtual function. Did you forget to add "virtual"?
   --> contract.sol:587:3:
    |
587 |   function transfer(
    |   ^ (Relevant source part starts here and spans across multiple lines).
Note: Overriding function is here:
   --> contract.sol:677:5:
    |
677 |     function transfer(address to, uint256 value) public returns (bool) {
    |     ^ (Relevant source part starts here and spans across multiple lines).

Error: Function needs to specify overridden contracts "ERC20", "ERC20Pausable" and "IERC20".
   --> contract.sol:677:5:
    |
677 |     function transfer(address to, uint256 value) public returns (bool) {
    |     ^ (Relevant source part starts here and spans across multiple lines).
Note: This contract: 
  --> contract.sol:10:1:
   |
10 | interface IERC20 {
   | ^ (Relevant source part starts here and spans across multiple lines).
Note: This contract: 
   --> contract.sol:110:1:
    |
110 | contract ERC20 is IERC20 {
    | ^ (Relevant source part starts here and spans across multiple lines).
Note: This contract: 
   --> contract.sol:585:1:
    |
585 | contract ERC20Pausable is ERC20, Pausable {
    | ^ (Relevant source part starts here and spans across multiple lines).

Error: Overriding function is missing "override" specifier.
   --> contract.sol:683:5:
    |
683 |     function transferFrom(address from, address to, uint256 value) public returns (bool) {
    |     ^ (Relevant source part starts here and spans across multiple lines).
Note: Overridden function is here:
   --> contract.sol:185:3:
    |
185 |   function transferFrom(
    |   ^ (Relevant source part starts here and spans across multiple lines).

Error: Trying to override non-virtual function. Did you forget to add "virtual"?
   --> contract.sol:185:3:
    |
185 |   function transferFrom(
    |   ^ (Relevant source part starts here and spans across multiple lines).
Note: Overriding function is here:
   --> contract.sol:683:5:
    |
683 |     function transferFrom(address from, address to, uint256 value) public returns (bool) {
    |     ^ (Relevant source part starts here and spans across multiple lines).

Error: Overriding function is missing "override" specifier.
   --> contract.sol:683:5:
    |
683 |     function transferFrom(address from, address to, uint256 value) public returns (bool) {
    |     ^ (Relevant source part starts here and spans across multiple lines).
Note: Overridden function is here:
   --> contract.sol:185:3:
    |
185 |   function transferFrom(
    |   ^ (Relevant source part starts here and spans across multiple lines).

Error: Trying to override non-virtual function. Did you forget to add "virtual"?
   --> contract.sol:185:3:
    |
185 |   function transferFrom(
    |   ^ (Relevant source part starts here and spans across multiple lines).
Note: Overriding function is here:
   --> contract.sol:683:5:
    |
683 |     function transferFrom(address from, address to, uint256 value) public returns (bool) {
    |     ^ (Relevant source part starts here and spans across multiple lines).

Error: Overriding function is missing "override" specifier.
   --> contract.sol:683:5:
    |
683 |     function transferFrom(address from, address to, uint256 value) public returns (bool) {
    |     ^ (Relevant source part starts here and spans across multiple lines).
Note: Overridden function is here:
   --> contract.sol:185:3:
    |
185 |   function transferFrom(
    |   ^ (Relevant source part starts here and spans across multiple lines).

Error: Trying to override non-virtual function. Did you forget to add "virtual"?
   --> contract.sol:185:3:
    |
185 |   function transferFrom(
    |   ^ (Relevant source part starts here and spans across multiple lines).
Note: Overriding function is here:
   --> contract.sol:683:5:
    |
683 |     function transferFrom(address from, address to, uint256 value) public returns (bool) {
    |     ^ (Relevant source part starts here and spans across multiple lines).

Error: Overriding function is missing "override" specifier.
   --> contract.sol:683:5:
    |
683 |     function transferFrom(address from, address to, uint256 value) public returns (bool) {
    |     ^ (Relevant source part starts here and spans across multiple lines).
Note: Overridden function is here:
   --> contract.sol:598:3:
    |
598 |   function transferFrom(
    |   ^ (Relevant source part starts here and spans across multiple lines).

Error: Trying to override non-virtual function. Did you forget to add "virtual"?
   --> contract.sol:598:3:
    |
598 |   function transferFrom(
    |   ^ (Relevant source part starts here and spans across multiple lines).
Note: Overriding function is here:
   --> contract.sol:683:5:
    |
683 |     function transferFrom(address from, address to, uint256 value) public returns (bool) {
    |     ^ (Relevant source part starts here and spans across multiple lines).

Error: Function needs to specify overridden contracts "ERC20", "ERC20Pausable" and "IERC20".
   --> contract.sol:683:5:
    |
683 |     function transferFrom(address from, address to, uint256 value) public returns (bool) {
    |     ^ (Relevant source part starts here and spans across multiple lines).
Note: This contract: 
  --> contract.sol:10:1:
   |
10 | interface IERC20 {
   | ^ (Relevant source part starts here and spans across multiple lines).
Note: This contract: 
   --> contract.sol:110:1:
    |
110 | contract ERC20 is IERC20 {
    | ^ (Relevant source part starts here and spans across multiple lines).
Note: This contract: 
   --> contract.sol:585:1:
    |
585 | contract ERC20Pausable is ERC20, Pausable {
    | ^ (Relevant source part starts here and spans across multiple lines).

Error: Derived contract must override function "approve". Two or more base classes define function with same name and parameter types.
   --> contract.sol:645:1:
    |
645 | contract INRD is ERC20, ERC20Detailed, ERC20Mintable, ERC20Burnable, ERC20Pausable {
    | ^ (Relevant source part starts here and spans across multiple lines).
Note: Definition in "ERC20": 
   --> contract.sol:171:3:
    |
171 |   function approve(address spender, uint256 value) public returns (bool) {
    |   ^ (Relevant source part starts here and spans across multiple lines).
Note: Definition in "ERC20Pausable": 
   --> contract.sol:610:3:
    |
610 |   function approve(
    |   ^ (Relevant source part starts here and spans across multiple lines).

Error: Derived contract must override function "decreaseAllowance". Two or more base classes define function with same name and parameter types.
   --> contract.sol:645:1:
    |
645 | contract INRD is ERC20, ERC20Detailed, ERC20Mintable, ERC20Burnable, ERC20Pausable {
    | ^ (Relevant source part starts here and spans across multiple lines).
Note: Definition in "ERC20": 
   --> contract.sol:233:3:
    |
233 |   function decreaseAllowance(
    |   ^ (Relevant source part starts here and spans across multiple lines).
Note: Definition in "ERC20Pausable": 
   --> contract.sol:632:3:
    |
632 |   function decreaseAllowance(
    |   ^ (Relevant source part starts here and spans across multiple lines).

Error: Derived contract must override function "increaseAllowance". Two or more base classes define function with same name and parameter types.
   --> contract.sol:645:1:
    |
645 | contract INRD is ERC20, ERC20Detailed, ERC20Mintable, ERC20Burnable, ERC20Pausable {
    | ^ (Relevant source part starts here and spans across multiple lines).
Note: Definition in "ERC20": 
   --> contract.sol:209:3:
    |
209 |   function increaseAllowance(
    |   ^ (Relevant source part starts here and spans across multiple lines).
Note: Definition in "ERC20Pausable": 
   --> contract.sol:621:3:
    |
621 |   function increaseAllowance(
    |   ^ (Relevant source part starts here and spans across multiple lines).

Error: Built-in binary operator != cannot be applied to types address and int_const 0.
   --> contract.sol:271:13:
    |
271 |     require(account != 0);
    |             ^^^^^^^^^^^^

Error: Built-in binary operator != cannot be applied to types address and int_const 0.
   --> contract.sol:284:13:
    |
284 |     require(account != 0);
    |             ^^^^^^^^^^^^

Warning: Visibility for constructor is ignored. If you want the contract to be non-deployable, making it "abstract" is sufficient.
   --> contract.sol:322:3:
    |
322 |   constructor(string memory name, string memory symbol, uint8 decimals) public {
    |   ^ (Relevant source part starts here and spans across multiple lines).

Error: Non-abstract contracts cannot have internal constructors. Remove the "internal" keyword and make the contract abstract to fix this.
   --> contract.sol:403:3:
    |
403 |   constructor() internal {
    |   ^ (Relevant source part starts here and spans across multiple lines).

Error: Built-in binary operator + cannot be applied to types struct Roles.Role storage ref and address. No matching user-defined operator found.
   --> contract.sol:425:5:
    |
425 |     minters + (account);
    |     ^^^^^^^^^^^^^^^^^^^

Error: Non-abstract contracts cannot have internal constructors. Remove the "internal" keyword and make the contract abstract to fix this.
   --> contract.sol:495:3:
    |
495 |   constructor() internal {
    |   ^ (Relevant source part starts here and spans across multiple lines).

Error: Built-in binary operator + cannot be applied to types struct Roles.Role storage ref and address. No matching user-defined operator found.
   --> contract.sol:517:5:
    |
517 |     pausers + (account);
    |     ^^^^^^^^^^^^^^^^^^^

Error: Non-abstract contracts cannot have internal constructors. Remove the "internal" keyword and make the contract abstract to fix this.
   --> contract.sol:537:3:
    |
537 |   constructor() internal {
    |   ^ (Relevant source part starts here and spans across multiple lines).

Warning: Visibility for constructor is ignored. If you want the contract to be non-deployable, making it "abstract" is sufficient.
   --> contract.sol:656:5:
    |
656 |     constructor(address _staker)
    |     ^ (Relevant source part starts here and spans across multiple lines).


=== applied patch_internal_ctor ===
=== iter 3 rc=0 ===
Warning: SPDX license identifier not provided in source file. Before publishing, consider adding a comment containing "SPDX-License-Identifier: <SPDX-License>" to each source file. Use "SPDX-License-Identifier: UNLICENSED" for non-open-source code. Please see https://spdx.org for more information.
--> contract.sol


=== full compile rc=1 ===
Warning: SPDX license identifier not provided in source file. Before publishing, consider adding a comment containing "SPDX-License-Identifier: <SPDX-License>" to each source file. Use "SPDX-License-Identifier: UNLICENSED" for non-open-source code. Please see https://spdx.org for more information.
--> contract.sol

Warning: This declaration shadows an existing declaration.
   --> contract.sol:322:15:
    |
322 |   constructor(string memory name, string memory symbol, uint8 decimals) public {
    |               ^^^^^^^^^^^^^^^^^^
Note: The shadowed declaration is here:
   --> contract.sol:331:3:
    |
331 |   function name() public view returns (string memory) {
    |   ^ (Relevant source part starts here and spans across multiple lines).

Warning: This declaration shadows an existing declaration.
   --> contract.sol:322:35:
    |
322 |   constructor(string memory name, string memory symbol, uint8 decimals) public {
    |                                   ^^^^^^^^^^^^^^^^^^^^
Note: The shadowed declaration is here:
   --> contract.sol:338:3:
    |
338 |   function symbol() public view returns (string memory) {
    |   ^ (Relevant source part starts here and spans across multiple lines).

Warning: This declaration shadows an existing declaration.
   --> contract.sol:322:57:
    |
322 |   constructor(string memory name, string memory symbol, uint8 decimals) public {
    |                                                         ^^^^^^^^^^^^^^
Note: The shadowed declaration is here:
   --> contract.sol:345:3:
    |
345 |   function decimals() public view returns(uint8) {
    |   ^ (Relevant source part starts here and spans across multiple lines).

Error: Contract "ERC20Detailed" should be marked as abstract.
   --> contract.sol:317:1:
    |
317 | contract ERC20Detailed is IERC20 {
    | ^ (Relevant source part starts here and spans across multiple lines).
Note: Missing implementation: 
  --> contract.sol:15:3:
   |
15 |   function allowance(address owner, address spender)
   |   ^ (Relevant source part starts here and spans across multiple lines).
Note: Missing implementation: 
  --> contract.sol:20:3:
   |
20 |   function approve(address spender, uint256 value)
   |   ^ (Relevant source part starts here and spans across multiple lines).
Note: Missing implementation: 
  --> contract.sol:13:3:
   |
13 |   function balanceOf(address who) external view returns (uint256);
   |   ^^^^^^^^^^^^^^^^^^^^^^^^^^^^^^^^^^^^^^^^^^^^^^^^^^^^^^^^^^^^^^^^
Note: Missing implementation: 
  --> contract.sol:11:3:
   |
11 |   function totalSupply() external view returns (uint256);
   |   ^^^^^^^^^^^^^^^^^^^^^^^^^^^^^^^^^^^^^^^^^^^^^^^^^^^^^^^
Note: Missing implementation: 
  --> contract.sol:18:3:
   |
18 |   function transfer(address to, uint256 value) external returns (bool);
   |   ^^^^^^^^^^^^^^^^^^^^^^^^^^^^^^^^^^^^^^^^^^^^^^^^^^^^^^^^^^^^^^^^^^^^^
Note: Missing implementation: 
  --> contract.sol:23:3:
   |
23 |   function transferFrom(address from, address to, uint256 value)
   |   ^ (Relevant source part starts here and spans across multiple lines).

Error: Overriding function is missing "override" specifier.
   --> contract.sol:587:3:
    |
587 |   function transfer(
    |   ^ (Relevant source part starts here and spans across multiple lines).
Note: Overridden function is here:
   --> contract.sol:157:3:
    |
157 |   function transfer(address to, uint256 value) public returns (bool) {
    |   ^ (Relevant source part starts here and spans across multiple lines).

Error: Trying to override non-virtual function. Did you forget to add "virtual"?
   --> contract.sol:157:3:
    |
157 |   function transfer(address to, uint256 value) public returns (bool) {
    |   ^ (Relevant source part starts here and spans across multiple lines).
Note: Overriding function is here:
   --> contract.sol:587:3:
    |
587 |   function transfer(
    |   ^ (Relevant source part starts here and spans across multiple lines).

Error: Overriding function is missing "override" specifier.
   --> contract.sol:598:3:
    |
598 |   function transferFrom(
    |   ^ (Relevant source part starts here and spans across multiple lines).
Note: Overridden function is here:
   --> contract.sol:185:3:
    |
185 |   function transferFrom(
    |   ^ (Relevant source part starts here and spans across multiple lines).

Error: Trying to override non-virtual function. Did you forget to add "virtual"?
   --> contract.sol:185:3:
    |
185 |   function transferFrom(
    |   ^ (Relevant source part starts here and spans across multiple lines).
Note: Overriding function is here:
   --> contract.sol:598:3:
    |
598 |   function transferFrom(
    |   ^ (Relevant source part starts here and spans across multiple lines).

Error: Overriding function is missing "override" specifier.
   --> contract.sol:610:3:
    |
610 |   function approve(
    |   ^ (Relevant source part starts here and spans across multiple lines).
Note: Overridden function is here:
   --> contract.sol:171:3:
    |
171 |   function approve(address spender, uint256 value) public returns (bool) {
    |   ^ (Relevant source part starts here and spans across multiple lines).

Error: Trying to override non-virtual function. Did you forget to add "virtual"?
   --> contract.sol:171:3:
    |
171 |   function approve(address spender, uint256 value) public returns (bool) {
    |   ^ (Relevant source part starts here and spans across multiple lines).
Note: Overriding function is here:
   --> contract.sol:610:3:
    |
610 |   function approve(
    |   ^ (Relevant source part starts here and spans across multiple lines).

Error: Overriding function is missing "override" specifier.
   --> contract.sol:621:3:
    |
621 |   function increaseAllowance(
    |   ^ (Relevant source part starts here and spans across multiple lines).
Note: Overridden function is here:
   --> contract.sol:209:3:
    |
209 |   function increaseAllowance(
    |   ^ (Relevant source part starts here and spans across multiple lines).

Error: Trying to override non-virtual function. Did you forget to add "virtual"?
   --> contract.sol:209:3:
    |
209 |   function increaseAllowance(
    |   ^ (Relevant source part starts here and spans across multiple lines).
Note: Overriding function is here:
   --> contract.sol:621:3:
    |
621 |   function increaseAllowance(
    |   ^ (Relevant source part starts here and spans across multiple lines).

Error: Overriding function is missing "override" specifier.
   --> contract.sol:632:3:
    |
632 |   function decreaseAllowance(
    |   ^ (Relevant source part starts here and spans across multiple lines).
Note: Overridden function is here:
   --> contract.sol:233:3:
    |
233 |   function decreaseAllowance(
    |   ^ (Relevant source part starts here and spans across multiple lines).

Error: Trying to override non-virtual function. Did you forget to add "virtual"?
   --> contract.sol:233:3:
    |
233 |   function decreaseAllowance(
    |   ^ (Relevant source part starts here and spans across multiple lines).
Note: Overriding function is here:
   --> contract.sol:632:3:
    |
632 |   function decreaseAllowance(
    |   ^ (Relevant source part starts here and spans across multiple lines).

Error: Overriding function is missing "override" specifier.
   --> contract.sol:666:5:
    |
666 |     function mint(address to, uint256 value) public onlyMinter returns (bool) {
    |     ^ (Relevant source part starts here and spans across multiple lines).
Note: Overridden function is here:
   --> contract.sol:446:3:
    |
446 |   function mint(
    |   ^ (Relevant source part starts here and spans across multiple lines).

Error: Trying to override non-virtual function. Did you forget to add "virtual"?
   --> contract.sol:446:3:
    |
446 |   function mint(
    |   ^ (Relevant source part starts here and spans across multiple lines).
Note: Overriding function is here:
   --> contract.sol:666:5:
    |
666 |     function mint(address to, uint256 value) public onlyMinter returns (bool) {
    |     ^ (Relevant source part starts here and spans across multiple lines).

Error: Overriding function is missing "override" specifier.
   --> contract.sol:672:5:
    |
672 |     function burn(uint256 value) public {
    |     ^ (Relevant source part starts here and spans across multiple lines).
Note: Overridden function is here:
   --> contract.sol:470:3:
    |
470 |   function burn(uint256 value) public {
    |   ^ (Relevant source part starts here and spans across multiple lines).

Error: Trying to override non-virtual function. Did you forget to add "virtual"?
   --> contract.sol:470:3:
    |
470 |   function burn(uint256 value) public {
    |   ^ (Relevant source part starts here and spans across multiple lines).
Note: Overriding function is here:
   --> contract.sol:672:5:
    |
672 |     function burn(uint256 value) public {
    |     ^ (Relevant source part starts here and spans across multiple lines).

Error: Overriding function is missing "override" specifier.
   --> contract.sol:677:5:
    |
677 |     function transfer(address to, uint256 value) public returns (bool) {
    |     ^ (Relevant source part starts here and spans across multiple lines).
Note: Overridden function is here:
   --> contract.sol:157:3:
    |
157 |   function transfer(address to, uint256 value) public returns (bool) {
    |   ^ (Relevant source part starts here and spans across multiple lines).

Error: Trying to override non-virtual function. Did you forget to add "virtual"?
   --> contract.sol:157:3:
    |
157 |   function transfer(address to, uint256 value) public returns (bool) {
    |   ^ (Relevant source part starts here and spans across multiple lines).
Note: Overriding function is here:
   --> contract.sol:677:5:
    |
677 |     function transfer(address to, uint256 value) public returns (bool) {
    |     ^ (Relevant source part starts here and spans across multiple lines).

Error: Overriding function is missing "override" specifier.
   --> contract.sol:677:5:
    |
677 |     function transfer(address to, uint256 value) public returns (bool) {
    |     ^ (Relevant source part starts here and spans across multiple lines).
Note: Overridden function is here:
   --> contract.sol:157:3:
    |
157 |   function transfer(address to, uint256 value) public returns (bool) {
    |   ^ (Relevant source part starts here and spans across multiple lines).

Error: Trying to override non-virtual function. Did you forget to add "virtual"?
   --> contract.sol:157:3:
    |
157 |   function transfer(address to, uint256 value) public returns (bool) {
    |   ^ (Relevant source part starts here and spans across multiple lines).
Note: Overriding function is here:
   --> contract.sol:677:5:
    |
677 |     function transfer(address to, uint256 value) public returns (bool) {
    |     ^ (Relevant source part starts here and spans across multiple lines).

Error: Overriding function is missing "override" specifier.
   --> contract.sol:677:5:
    |
677 |     function transfer(address to, uint256 value) public returns (bool) {
    |     ^ (Relevant source part starts here and spans across multiple lines).
Note: Overridden function is here:
   --> contract.sol:157:3:
    |
157 |   function transfer(address to, uint256 value) public returns (bool) {
    |   ^ (Relevant source part starts here and spans across multiple lines).

Error: Trying to override non-virtual function. Did you forget to add "virtual"?
   --> contract.sol:157:3:
    |
157 |   function transfer(address to, uint256 value) public returns (bool) {
    |   ^ (Relevant source part starts here and spans across multiple lines).
Note: Overriding function is here:
   --> contract.sol:677:5:
    |
677 |     function transfer(address to, uint256 value) public returns (bool) {
    |     ^ (Relevant source part starts here and spans across multiple lines).

Error: Overriding function is missing "override" specifier.
   --> contract.sol:677:5:
    |
677 |     function transfer(address to, uint256 value) public returns (bool) {
    |     ^ (Relevant source part starts here and spans across multiple lines).
Note: Overridden function is here:
   --> contract.sol:587:3:
    |
587 |   function transfer(
    |   ^ (Relevant source part starts here and spans across multiple lines).

Error: Trying to override non-virtual function. Did you forget to add "virtual"?
   --> contract.sol:587:3:
    |
587 |   function transfer(
    |   ^ (Relevant source part starts here and spans across multiple lines).
Note: Overriding function is here:
   --> contract.sol:677:5:
    |
677 |     function transfer(address to, uint256 value) public returns (bool) {
    |     ^ (Relevant source part starts here and spans across multiple lines).

Error: Function needs to specify overridden contracts "ERC20", "ERC20Pausable" and "IERC20".
   --> contract.sol:677:5:
    |
677 |     function transfer(address to, uint256 value) public returns (bool) {
    |     ^ (Relevant source part starts here and spans across multiple lines).
Note: This contract: 
  --> contract.sol:10:1:
   |
10 | interface IERC20 {
   | ^ (Relevant source part starts here and spans across multiple lines).
Note: This contract: 
   --> contract.sol:110:1:
    |
110 | contract ERC20 is IERC20 {
    | ^ (Relevant source part starts here and spans across multiple lines).
Note: This contract: 
   --> contract.sol:585:1:
    |
585 | contract ERC20Pausable is ERC20, Pausable {
    | ^ (Relevant source part starts here and spans across multiple lines).

Error: Overriding function is missing "override" specifier.
   --> contract.sol:683:5:
    |
683 |     function transferFrom(address from, address to, uint256 value) public returns (bool) {
    |     ^ (Relevant source part starts here and spans across multiple lines).
Note: Overridden function is here:
   --> contract.sol:185:3:
    |
185 |   function transferFrom(
    |   ^ (Relevant source part starts here and spans across multiple lines).

Error: Trying to override non-virtual function. Did you forget to add "virtual"?
   --> contract.sol:185:3:
    |
185 |   function transferFrom(
    |   ^ (Relevant source part starts here and spans across multiple lines).
Note: Overriding function is here:
   --> contract.sol:683:5:
    |
683 |     function transferFrom(address from, address to, uint256 value) public returns (bool) {
    |     ^ (Relevant source part starts here and spans across multiple lines).

Error: Overriding function is missing "override" specifier.
   --> contract.sol:683:5:
    |
683 |     function transferFrom(address from, address to, uint256 value) public returns (bool) {
    |     ^ (Relevant source part starts here and spans across multiple lines).
Note: Overridden function is here:
   --> contract.sol:185:3:
    |
185 |   function transferFrom(
    |   ^ (Relevant source part starts here and spans across multiple lines).

Error: Trying to override non-virtual function. Did you forget to add "virtual"?
   --> contract.sol:185:3:
    |
185 |   function transferFrom(
    |   ^ (Relevant source part starts here and spans across multiple lines).
Note: Overriding function is here:
   --> contract.sol:683:5:
    |
683 |     function transferFrom(address from, address to, uint256 value) public returns (bool) {
    |     ^ (Relevant source part starts here and spans across multiple lines).

Error: Overriding function is missing "override" specifier.
   --> contract.sol:683:5:
    |
683 |     function transferFrom(address from, address to, uint256 value) public returns (bool) {
    |     ^ (Relevant source part starts here and spans across multiple lines).
Note: Overridden function is here:
   --> contract.sol:185:3:
    |
185 |   function transferFrom(
    |   ^ (Relevant source part starts here and spans across multiple lines).

Error: Trying to override non-virtual function. Did you forget to add "virtual"?
   --> contract.sol:185:3:
    |
185 |   function transferFrom(
    |   ^ (Relevant source part starts here and spans across multiple lines).
Note: Overriding function is here:
   --> contract.sol:683:5:
    |
683 |     function transferFrom(address from, address to, uint256 value) public returns (bool) {
    |     ^ (Relevant source part starts here and spans across multiple lines).

Error: Overriding function is missing "override" specifier.
   --> contract.sol:683:5:
    |
683 |     function transferFrom(address from, address to, uint256 value) public returns (bool) {
    |     ^ (Relevant source part starts here and spans across multiple lines).
Note: Overridden function is here:
   --> contract.sol:598:3:
    |
598 |   function transferFrom(
    |   ^ (Relevant source part starts here and spans across multiple lines).

Error: Trying to override non-virtual function. Did you forget to add "virtual"?
   --> contract.sol:598:3:
    |
598 |   function transferFrom(
    |   ^ (Relevant source part starts here and spans across multiple lines).
Note: Overriding function is here:
   --> contract.sol:683:5:
    |
683 |     function transferFrom(address from, address to, uint256 value) public returns (bool) {
    |     ^ (Relevant source part starts here and spans across multiple lines).

Error: Function needs to specify overridden contracts "ERC20", "ERC20Pausable" and "IERC20".
   --> contract.sol:683:5:
    |
683 |     function transferFrom(address from, address to, uint256 value) public returns (bool) {
    |     ^ (Relevant source part starts here and spans across multiple lines).
Note: This contract: 
  --> contract.sol:10:1:
   |
10 | interface IERC20 {
   | ^ (Relevant source part starts here and spans across multiple lines).
Note: This contract: 
   --> contract.sol:110:1:
    |
110 | contract ERC20 is IERC20 {
    | ^ (Relevant source part starts here and spans across multiple lines).
Note: This contract: 
   --> contract.sol:585:1:
    |
585 | contract ERC20Pausable is ERC20, Pausable {
    | ^ (Relevant source part starts here and spans across multiple lines).

Error: Derived contract must override function "approve". Two or more base classes define function with same name and parameter types.
   --> contract.sol:645:1:
    |
645 | contract INRD is ERC20, ERC20Detailed, ERC20Mintable, ERC20Burnable, ERC20Pausable {
    | ^ (Relevant source part starts here and spans across multiple lines).
Note: Definition in "ERC20": 
   --> contract.sol:171:3:
    |
171 |   function approve(address spender, uint256 value) public returns (bool) {
    |   ^ (Relevant source part starts here and spans across multiple lines).
Note: Definition in "ERC20Pausable": 
   --> contract.sol:610:3:
    |
610 |   function approve(
    |   ^ (Relevant source part starts here and spans across multiple lines).

Error: Derived contract must override function "decreaseAllowance". Two or more base classes define function with same name and parameter types.
   --> contract.sol:645:1:
    |
645 | contract INRD is ERC20, ERC20Detailed, ERC20Mintable, ERC20Burnable, ERC20Pausable {
    | ^ (Relevant source part starts here and spans across multiple lines).
Note: Definition in "ERC20": 
   --> contract.sol:233:3:
    |
233 |   function decreaseAllowance(
    |   ^ (Relevant source part starts here and spans across multiple lines).
Note: Definition in "ERC20Pausable": 
   --> contract.sol:632:3:
    |
632 |   function decreaseAllowance(
    |   ^ (Relevant source part starts here and spans across multiple lines).

Error: Derived contract must override function "increaseAllowance". Two or more base classes define function with same name and parameter types.
   --> contract.sol:645:1:
    |
645 | contract INRD is ERC20, ERC20Detailed, ERC20Mintable, ERC20Burnable, ERC20Pausable {
    | ^ (Relevant source part starts here and spans across multiple lines).
Note: Definition in "ERC20": 
   --> contract.sol:209:3:
    |
209 |   function increaseAllowance(
    |   ^ (Relevant source part starts here and spans across multiple lines).
Note: Definition in "ERC20Pausable": 
   --> contract.sol:621:3:
    |
621 |   function increaseAllowance(
    |   ^ (Relevant source part starts here and spans across multiple lines).

Error: Built-in binary operator != cannot be applied to types address and int_const 0.
   --> contract.sol:271:13:
    |
271 |     require(account != 0);
    |             ^^^^^^^^^^^^

Error: Built-in binary operator != cannot be applied to types address and int_const 0.
   --> contract.sol:284:13:
    |
284 |     require(account != 0);
    |             ^^^^^^^^^^^^

Warning: Visibility for constructor is ignored. If you want the contract to be non-deployable, making it "abstract" is sufficient.
   --> contract.sol:322:3:
    |
322 |   constructor(string memory name, string memory symbol, uint8 decimals) public {
    |   ^ (Relevant source part starts here and spans across multiple lines).

Error: Built-in binary operator + cannot be applied to types struct Roles.Role storage ref and address. No matching user-defined operator found.
   --> contract.sol:425:5:
    |
425 |     minters + (account);
    |     ^^^^^^^^^^^^^^^^^^^

Error: Built-in binary operator + cannot be applied to types struct Roles.Role storage ref and address. No matching user-defined operator found.
   --> contract.sol:517:5:
    |
517 |     pausers + (account);
    |     ^^^^^^^^^^^^^^^^^^^

Warning: Visibility for constructor is ignored. If you want the contract to be non-deployable, making it "abstract" is sufficient.
   --> contract.sol:656:5:
    |
656 |     constructor(address _staker)
    |     ^ (Relevant source part starts here and spans across multiple lines).


=== applied patch_drop_ctor_visibility ===
=== iter 4 rc=0 ===
Warning: SPDX license identifier not provided in source file. Before publishing, consider adding a comment containing "SPDX-License-Identifier: <SPDX-License>" to each source file. Use "SPDX-License-Identifier: UNLICENSED" for non-open-source code. Please see https://spdx.org for more information.
--> contract.sol


=== full compile rc=1 ===
Warning: SPDX license identifier not provided in source file. Before publishing, consider adding a comment containing "SPDX-License-Identifier: <SPDX-License>" to each source file. Use "SPDX-License-Identifier: UNLICENSED" for non-open-source code. Please see https://spdx.org for more information.
--> contract.sol

Warning: This declaration shadows an existing declaration.
   --> contract.sol:322:15:
    |
322 |   constructor(string memory name, string memory symbol, uint8 decimals) {
    |               ^^^^^^^^^^^^^^^^^^
Note: The shadowed declaration is here:
   --> contract.sol:331:3:
    |
331 |   function name() public view returns (string memory) {
    |   ^ (Relevant source part starts here and spans across multiple lines).

Warning: This declaration shadows an existing declaration.
   --> contract.sol:322:35:
    |
322 |   constructor(string memory name, string memory symbol, uint8 decimals) {
    |                                   ^^^^^^^^^^^^^^^^^^^^
Note: The shadowed declaration is here:
   --> contract.sol:338:3:
    |
338 |   function symbol() public view returns (string memory) {
    |   ^ (Relevant source part starts here and spans across multiple lines).

Warning: This declaration shadows an existing declaration.
   --> contract.sol:322:57:
    |
322 |   constructor(string memory name, string memory symbol, uint8 decimals) {
    |                                                         ^^^^^^^^^^^^^^
Note: The shadowed declaration is here:
   --> contract.sol:345:3:
    |
345 |   function decimals() public view returns(uint8) {
    |   ^ (Relevant source part starts here and spans across multiple lines).

Error: Contract "ERC20Detailed" should be marked as abstract.
   --> contract.sol:317:1:
    |
317 | contract ERC20Detailed is IERC20 {
    | ^ (Relevant source part starts here and spans across multiple lines).
Note: Missing implementation: 
  --> contract.sol:15:3:
   |
15 |   function allowance(address owner, address spender)
   |   ^ (Relevant source part starts here and spans across multiple lines).
Note: Missing implementation: 
  --> contract.sol:20:3:
   |
20 |   function approve(address spender, uint256 value)
   |   ^ (Relevant source part starts here and spans across multiple lines).
Note: Missing implementation: 
  --> contract.sol:13:3:
   |
13 |   function balanceOf(address who) external view returns (uint256);
   |   ^^^^^^^^^^^^^^^^^^^^^^^^^^^^^^^^^^^^^^^^^^^^^^^^^^^^^^^^^^^^^^^^
Note: Missing implementation: 
  --> contract.sol:11:3:
   |
11 |   function totalSupply() external view returns (uint256);
   |   ^^^^^^^^^^^^^^^^^^^^^^^^^^^^^^^^^^^^^^^^^^^^^^^^^^^^^^^
Note: Missing implementation: 
  --> contract.sol:18:3:
   |
18 |   function transfer(address to, uint256 value) external returns (bool);
   |   ^^^^^^^^^^^^^^^^^^^^^^^^^^^^^^^^^^^^^^^^^^^^^^^^^^^^^^^^^^^^^^^^^^^^^
Note: Missing implementation: 
  --> contract.sol:23:3:
   |
23 |   function transferFrom(address from, address to, uint256 value)
   |   ^ (Relevant source part starts here and spans across multiple lines).

Error: Overriding function is missing "override" specifier.
   --> contract.sol:587:3:
    |
587 |   function transfer(
    |   ^ (Relevant source part starts here and spans across multiple lines).
Note: Overridden function is here:
   --> contract.sol:157:3:
    |
157 |   function transfer(address to, uint256 value) public returns (bool) {
    |   ^ (Relevant source part starts here and spans across multiple lines).

Error: Trying to override non-virtual function. Did you forget to add "virtual"?
   --> contract.sol:157:3:
    |
157 |   function transfer(address to, uint256 value) public returns (bool) {
    |   ^ (Relevant source part starts here and spans across multiple lines).
Note: Overriding function is here:
   --> contract.sol:587:3:
    |
587 |   function transfer(
    |   ^ (Relevant source part starts here and spans across multiple lines).

Error: Overriding function is missing "override" specifier.
   --> contract.sol:598:3:
    |
598 |   function transferFrom(
    |   ^ (Relevant source part starts here and spans across multiple lines).
Note: Overridden function is here:
   --> contract.sol:185:3:
    |
185 |   function transferFrom(
    |   ^ (Relevant source part starts here and spans across multiple lines).

Error: Trying to override non-virtual function. Did you forget to add "virtual"?
   --> contract.sol:185:3:
    |
185 |   function transferFrom(
    |   ^ (Relevant source part starts here and spans across multiple lines).
Note: Overriding function is here:
   --> contract.sol:598:3:
    |
598 |   function transferFrom(
    |   ^ (Relevant source part starts here and spans across multiple lines).

Error: Overriding function is missing "override" specifier.
   --> contract.sol:610:3:
    |
610 |   function approve(
    |   ^ (Relevant source part starts here and spans across multiple lines).
Note: Overridden function is here:
   --> contract.sol:171:3:
    |
171 |   function approve(address spender, uint256 value) public returns (bool) {
    |   ^ (Relevant source part starts here and spans across multiple lines).

Error: Trying to override non-virtual function. Did you forget to add "virtual"?
   --> contract.sol:171:3:
    |
171 |   function approve(address spender, uint256 value) public returns (bool) {
    |   ^ (Relevant source part starts here and spans across multiple lines).
Note: Overriding function is here:
   --> contract.sol:610:3:
    |
610 |   function approve(
    |   ^ (Relevant source part starts here and spans across multiple lines).

Error: Overriding function is missing "override" specifier.
   --> contract.sol:621:3:
    |
621 |   function increaseAllowance(
    |   ^ (Relevant source part starts here and spans across multiple lines).
Note: Overridden function is here:
   --> contract.sol:209:3:
    |
209 |   function increaseAllowance(
    |   ^ (Relevant source part starts here and spans across multiple lines).

Error: Trying to override non-virtual function. Did you forget to add "virtual"?
   --> contract.sol:209:3:
    |
209 |   function increaseAllowance(
    |   ^ (Relevant source part starts here and spans across multiple lines).
Note: Overriding function is here:
   --> contract.sol:621:3:
    |
621 |   function increaseAllowance(
    |   ^ (Relevant source part starts here and spans across multiple lines).

Error: Overriding function is missing "override" specifier.
   --> contract.sol:632:3:
    |
632 |   function decreaseAllowance(
    |   ^ (Relevant source part starts here and spans across multiple lines).
Note: Overridden function is here:
   --> contract.sol:233:3:
    |
233 |   function decreaseAllowance(
    |   ^ (Relevant source part starts here and spans across multiple lines).

Error: Trying to override non-virtual function. Did you forget to add "virtual"?
   --> contract.sol:233:3:
    |
233 |   function decreaseAllowance(
    |   ^ (Relevant source part starts here and spans across multiple lines).
Note: Overriding function is here:
   --> contract.sol:632:3:
    |
632 |   function decreaseAllowance(
    |   ^ (Relevant source part starts here and spans across multiple lines).

Error: Overriding function is missing "override" specifier.
   --> contract.sol:666:5:
    |
666 |     function mint(address to, uint256 value) public onlyMinter returns (bool) {
    |     ^ (Relevant source part starts here and spans across multiple lines).
Note: Overridden function is here:
   --> contract.sol:446:3:
    |
446 |   function mint(
    |   ^ (Relevant source part starts here and spans across multiple lines).

Error: Trying to override non-virtual function. Did you forget to add "virtual"?
   --> contract.sol:446:3:
    |
446 |   function mint(
    |   ^ (Relevant source part starts here and spans across multiple lines).
Note: Overriding function is here:
   --> contract.sol:666:5:
    |
666 |     function mint(address to, uint256 value) public onlyMinter returns (bool) {
    |     ^ (Relevant source part starts here and spans across multiple lines).

Error: Overriding function is missing "override" specifier.
   --> contract.sol:672:5:
    |
672 |     function burn(uint256 value) public {
    |     ^ (Relevant source part starts here and spans across multiple lines).
Note: Overridden function is here:
   --> contract.sol:470:3:
    |
470 |   function burn(uint256 value) public {
    |   ^ (Relevant source part starts here and spans across multiple lines).

Error: Trying to override non-virtual function. Did you forget to add "virtual"?
   --> contract.sol:470:3:
    |
470 |   function burn(uint256 value) public {
    |   ^ (Relevant source part starts here and spans across multiple lines).
Note: Overriding function is here:
   --> contract.sol:672:5:
    |
672 |     function burn(uint256 value) public {
    |     ^ (Relevant source part starts here and spans across multiple lines).

Error: Overriding function is missing "override" specifier.
   --> contract.sol:677:5:
    |
677 |     function transfer(address to, uint256 value) public returns (bool) {
    |     ^ (Relevant source part starts here and spans across multiple lines).
Note: Overridden function is here:
   --> contract.sol:157:3:
    |
157 |   function transfer(address to, uint256 value) public returns (bool) {
    |   ^ (Relevant source part starts here and spans across multiple lines).

Error: Trying to override non-virtual function. Did you forget to add "virtual"?
   --> contract.sol:157:3:
    |
157 |   function transfer(address to, uint256 value) public returns (bool) {
    |   ^ (Relevant source part starts here and spans across multiple lines).
Note: Overriding function is here:
   --> contract.sol:677:5:
    |
677 |     function transfer(address to, uint256 value) public returns (bool) {
    |     ^ (Relevant source part starts here and spans across multiple lines).

Error: Overriding function is missing "override" specifier.
   --> contract.sol:677:5:
    |
677 |     function transfer(address to, uint256 value) public returns (bool) {
    |     ^ (Relevant source part starts here and spans across multiple lines).
Note: Overridden function is here:
   --> contract.sol:157:3:
    |
157 |   function transfer(address to, uint256 value) public returns (bool) {
    |   ^ (Relevant source part starts here and spans across multiple lines).

Error: Trying to override non-virtual function. Did you forget to add "virtual"?
   --> contract.sol:157:3:
    |
157 |   function transfer(address to, uint256 value) public returns (bool) {
    |   ^ (Relevant source part starts here and spans across multiple lines).
Note: Overriding function is here:
   --> contract.sol:677:5:
    |
677 |     function transfer(address to, uint256 value) public returns (bool) {
    |     ^ (Relevant source part starts here and spans across multiple lines).

Error: Overriding function is missing "override" specifier.
   --> contract.sol:677:5:
    |
677 |     function transfer(address to, uint256 value) public returns (bool) {
    |     ^ (Relevant source part starts here and spans across multiple lines).
Note: Overridden function is here:
   --> contract.sol:157:3:
    |
157 |   function transfer(address to, uint256 value) public returns (bool) {
    |   ^ (Relevant source part starts here and spans across multiple lines).

Error: Trying to override non-virtual function. Did you forget to add "virtual"?
   --> contract.sol:157:3:
    |
157 |   function transfer(address to, uint256 value) public returns (bool) {
    |   ^ (Relevant source part starts here and spans across multiple lines).
Note: Overriding function is here:
   --> contract.sol:677:5:
    |
677 |     function transfer(address to, uint256 value) public returns (bool) {
    |     ^ (Relevant source part starts here and spans across multiple lines).

Error: Overriding function is missing "override" specifier.
   --> contract.sol:677:5:
    |
677 |     function transfer(address to, uint256 value) public returns (bool) {
    |     ^ (Relevant source part starts here and spans across multiple lines).
Note: Overridden function is here:
   --> contract.sol:587:3:
    |
587 |   function transfer(
    |   ^ (Relevant source part starts here and spans across multiple lines).

Error: Trying to override non-virtual function. Did you forget to add "virtual"?
   --> contract.sol:587:3:
    |
587 |   function transfer(
    |   ^ (Relevant source part starts here and spans across multiple lines).
Note: Overriding function is here:
   --> contract.sol:677:5:
    |
677 |     function transfer(address to, uint256 value) public returns (bool) {
    |     ^ (Relevant source part starts here and spans across multiple lines).

Error: Function needs to specify overridden contracts "ERC20", "ERC20Pausable" and "IERC20".
   --> contract.sol:677:5:
    |
677 |     function transfer(address to, uint256 value) public returns (bool) {
    |     ^ (Relevant source part starts here and spans across multiple lines).
Note: This contract: 
  --> contract.sol:10:1:
   |
10 | interface IERC20 {
   | ^ (Relevant source part starts here and spans across multiple lines).
Note: This contract: 
   --> contract.sol:110:1:
    |
110 | contract ERC20 is IERC20 {
    | ^ (Relevant source part starts here and spans across multiple lines).
Note: This contract: 
   --> contract.sol:585:1:
    |
585 | contract ERC20Pausable is ERC20, Pausable {
    | ^ (Relevant source part starts here and spans across multiple lines).

Error: Overriding function is missing "override" specifier.
   --> contract.sol:683:5:
    |
683 |     function transferFrom(address from, address to, uint256 value) public returns (bool) {
    |     ^ (Relevant source part starts here and spans across multiple lines).
Note: Overridden function is here:
   --> contract.sol:185:3:
    |
185 |   function transferFrom(
    |   ^ (Relevant source part starts here and spans across multiple lines).

Error: Trying to override non-virtual function. Did you forget to add "virtual"?
   --> contract.sol:185:3:
    |
185 |   function transferFrom(
    |   ^ (Relevant source part starts here and spans across multiple lines).
Note: Overriding function is here:
   --> contract.sol:683:5:
    |
683 |     function transferFrom(address from, address to, uint256 value) public returns (bool) {
    |     ^ (Relevant source part starts here and spans across multiple lines).

Error: Overriding function is missing "override" specifier.
   --> contract.sol:683:5:
    |
683 |     function transferFrom(address from, address to, uint256 value) public returns (bool) {
    |     ^ (Relevant source part starts here and spans across multiple lines).
Note: Overridden function is here:
   --> contract.sol:185:3:
    |
185 |   function transferFrom(
    |   ^ (Relevant source part starts here and spans across multiple lines).

Error: Trying to override non-virtual function. Did you forget to add "virtual"?
   --> contract.sol:185:3:
    |
185 |   function transferFrom(
    |   ^ (Relevant source part starts here and spans across multiple lines).
Note: Overriding function is here:
   --> contract.sol:683:5:
    |
683 |     function transferFrom(address from, address to, uint256 value) public returns (bool) {
    |     ^ (Relevant source part starts here and spans across multiple lines).

Error: Overriding function is missing "override" specifier.
   --> contract.sol:683:5:
    |
683 |     function transferFrom(address from, address to, uint256 value) public returns (bool) {
    |     ^ (Relevant source part starts here and spans across multiple lines).
Note: Overridden function is here:
   --> contract.sol:185:3:
    |
185 |   function transferFrom(
    |   ^ (Relevant source part starts here and spans across multiple lines).

Error: Trying to override non-virtual function. Did you forget to add "virtual"?
   --> contract.sol:185:3:
    |
185 |   function transferFrom(
    |   ^ (Relevant source part starts here and spans across multiple lines).
Note: Overriding function is here:
   --> contract.sol:683:5:
    |
683 |     function transferFrom(address from, address to, uint256 value) public returns (bool) {
    |     ^ (Relevant source part starts here and spans across multiple lines).

Error: Overriding function is missing "override" specifier.
   --> contract.sol:683:5:
    |
683 |     function transferFrom(address from, address to, uint256 value) public returns (bool) {
    |     ^ (Relevant source part starts here and spans across multiple lines).
Note: Overridden function is here:
   --> contract.sol:598:3:
    |
598 |   function transferFrom(
    |   ^ (Relevant source part starts here and spans across multiple lines).

Error: Trying to override non-virtual function. Did you forget to add "virtual"?
   --> contract.sol:598:3:
    |
598 |   function transferFrom(
    |   ^ (Relevant source part starts here and spans across multiple lines).
Note: Overriding function is here:
   --> contract.sol:683:5:
    |
683 |     function transferFrom(address from, address to, uint256 value) public returns (bool) {
    |     ^ (Relevant source part starts here and spans across multiple lines).

Error: Function needs to specify overridden contracts "ERC20", "ERC20Pausable" and "IERC20".
   --> contract.sol:683:5:
    |
683 |     function transferFrom(address from, address to, uint256 value) public returns (bool) {
    |     ^ (Relevant source part starts here and spans across multiple lines).
Note: This contract: 
  --> contract.sol:10:1:
   |
10 | interface IERC20 {
   | ^ (Relevant source part starts here and spans across multiple lines).
Note: This contract: 
   --> contract.sol:110:1:
    |
110 | contract ERC20 is IERC20 {
    | ^ (Relevant source part starts here and spans across multiple lines).
Note: This contract: 
   --> contract.sol:585:1:
    |
585 | contract ERC20Pausable is ERC20, Pausable {
    | ^ (Relevant source part starts here and spans across multiple lines).

Error: Derived contract must override function "approve". Two or more base classes define function with same name and parameter types.
   --> contract.sol:645:1:
    |
645 | contract INRD is ERC20, ERC20Detailed, ERC20Mintable, ERC20Burnable, ERC20Pausable {
    | ^ (Relevant source part starts here and spans across multiple lines).
Note: Definition in "ERC20": 
   --> contract.sol:171:3:
    |
171 |   function approve(address spender, uint256 value) public returns (bool) {
    |   ^ (Relevant source part starts here and spans across multiple lines).
Note: Definition in "ERC20Pausable": 
   --> contract.sol:610:3:
    |
610 |   function approve(
    |   ^ (Relevant source part starts here and spans across multiple lines).

Error: Derived contract must override function "decreaseAllowance". Two or more base classes define function with same name and parameter types.
   --> contract.sol:645:1:
    |
645 | contract INRD is ERC20, ERC20Detailed, ERC20Mintable, ERC20Burnable, ERC20Pausable {
    | ^ (Relevant source part starts here and spans across multiple lines).
Note: Definition in "ERC20": 
   --> contract.sol:233:3:
    |
233 |   function decreaseAllowance(
    |   ^ (Relevant source part starts here and spans across multiple lines).
Note: Definition in "ERC20Pausable": 
   --> contract.sol:632:3:
    |
632 |   function decreaseAllowance(
    |   ^ (Relevant source part starts here and spans across multiple lines).

Error: Derived contract must override function "increaseAllowance". Two or more base classes define function with same name and parameter types.
   --> contract.sol:645:1:
    |
645 | contract INRD is ERC20, ERC20Detailed, ERC20Mintable, ERC20Burnable, ERC20Pausable {
    | ^ (Relevant source part starts here and spans across multiple lines).
Note: Definition in "ERC20": 
   --> contract.sol:209:3:
    |
209 |   function increaseAllowance(
    |   ^ (Relevant source part starts here and spans across multiple lines).
Note: Definition in "ERC20Pausable": 
   --> contract.sol:621:3:
    |
621 |   function increaseAllowance(
    |   ^ (Relevant source part starts here and spans across multiple lines).

Error: Built-in binary operator != cannot be applied to types address and int_const 0.
   --> contract.sol:271:13:
    |
271 |     require(account != 0);
    |             ^^^^^^^^^^^^

Error: Built-in binary operator != cannot be applied to types address and int_const 0.
   --> contract.sol:284:13:
    |
284 |     require(account != 0);
    |             ^^^^^^^^^^^^

Error: Built-in binary operator + cannot be applied to types struct Roles.Role storage ref and address. No matching user-defined operator found.
   --> contract.sol:425:5:
    |
425 |     minters + (account);
    |     ^^^^^^^^^^^^^^^^^^^

Error: Built-in binary operator + cannot be applied to types struct Roles.Role storage ref and address. No matching user-defined operator found.
   --> contract.sol:517:5:
    |
517 |     pausers + (account);
    |     ^^^^^^^^^^^^^^^^^^^

Warning: Visibility for constructor is ignored. If you want the contract to be non-deployable, making it "abstract" is sufficient.
   --> contract.sol:656:5:
    |
656 |     constructor(address _staker)
    |     ^ (Relevant source part starts here and spans across multiple lines).


=== applied patch_override_needed ===
=== iter 5 rc=0 ===
Warning: SPDX license identifier not provided in source file. Before publishing, consider adding a comment containing "SPDX-License-Identifier: <SPDX-License>" to each source file. Use "SPDX-License-Identifier: UNLICENSED" for non-open-source code. Please see https://spdx.org for more information.
--> contract.sol


=== full compile rc=1 ===
Warning: SPDX license identifier not provided in source file. Before publishing, consider adding a comment containing "SPDX-License-Identifier: <SPDX-License>" to each source file. Use "SPDX-License-Identifier: UNLICENSED" for non-open-source code. Please see https://spdx.org for more information.
--> contract.sol

Warning: This declaration shadows an existing declaration.
   --> contract.sol:314:15:
    |
314 |   constructor(string memory name, string memory symbol, uint8 decimals) {
    |               ^^^^^^^^^^^^^^^^^^
Note: The shadowed declaration is here:
   --> contract.sol:323:3:
    |
323 |   function name() public view virtual override returns (string memory) {
    |   ^ (Relevant source part starts here and spans across multiple lines).

Warning: This declaration shadows an existing declaration.
   --> contract.sol:314:35:
    |
314 |   constructor(string memory name, string memory symbol, uint8 decimals) {
    |                                   ^^^^^^^^^^^^^^^^^^^^
Note: The shadowed declaration is here:
   --> contract.sol:330:3:
    |
330 |   function symbol() public view virtual override returns (string memory) {
    |   ^ (Relevant source part starts here and spans across multiple lines).

Warning: This declaration shadows an existing declaration.
   --> contract.sol:314:57:
    |
314 |   constructor(string memory name, string memory symbol, uint8 decimals) {
    |                                                         ^^^^^^^^^^^^^^
Note: The shadowed declaration is here:
   --> contract.sol:337:3:
    |
337 |   function decimals() public view virtual override returns(uint8) {
    |   ^ (Relevant source part starts here and spans across multiple lines).

Error: Function has override specified but does not override anything.
   --> contract.sol:209:20:
    |
209 |     public virtual override returns (bool) {
    |                    ^^^^^^^^

Error: Function has override specified but does not override anything.
   --> contract.sol:231:20:
    |
231 |     public virtual override returns (bool) {
    |                    ^^^^^^^^

Error: Function has override specified but does not override anything.
   --> contract.sol:246:80:
    |
246 |   function _transfer(address from, address to, uint256 value) internal virtual override {
    |                                                                                ^^^^^^^^

Error: Function has override specified but does not override anything.
   --> contract.sol:262:67:
    |
262 |   function _mint(address account, uint256 value) internal virtual override {
    |                                                                   ^^^^^^^^

Error: Function has override specified but does not override anything.
   --> contract.sol:275:67:
    |
275 |   function _burn(address account, uint256 value) internal virtual override {
    |                                                                   ^^^^^^^^

Error: Function has override specified but does not override anything.
   --> contract.sol:323:39:
    |
323 |   function name() public view virtual override returns (string memory) {
    |                                       ^^^^^^^^

Error: Function has override specified but does not override anything.
   --> contract.sol:330:41:
    |
330 |   function symbol() public view virtual override returns (string memory) {
    |                                         ^^^^^^^^

Error: Function has override specified but does not override anything.
   --> contract.sol:337:43:
    |
337 |   function decimals() public view virtual override returns(uint8) {
    |                                           ^^^^^^^^

Error: Contract "ERC20Detailed" should be marked as abstract.
   --> contract.sol:309:1:
    |
309 | contract ERC20Detailed is IERC20 {
    | ^ (Relevant source part starts here and spans across multiple lines).
Note: Missing implementation: 
  --> contract.sol:15:3:
   |
15 |   function allowance(address owner, address spender)
   |   ^ (Relevant source part starts here and spans across multiple lines).
Note: Missing implementation: 
  --> contract.sol:20:3:
   |
20 |   function approve(address spender, uint256 value)
   |   ^ (Relevant source part starts here and spans across multiple lines).
Note: Missing implementation: 
  --> contract.sol:13:3:
   |
13 |   function balanceOf(address who) external view returns (uint256);
   |   ^^^^^^^^^^^^^^^^^^^^^^^^^^^^^^^^^^^^^^^^^^^^^^^^^^^^^^^^^^^^^^^^
Note: Missing implementation: 
  --> contract.sol:11:3:
   |
11 |   function totalSupply() external view returns (uint256);
   |   ^^^^^^^^^^^^^^^^^^^^^^^^^^^^^^^^^^^^^^^^^^^^^^^^^^^^^^^
Note: Missing implementation: 
  --> contract.sol:18:3:
   |
18 |   function transfer(address to, uint256 value) external returns (bool);
   |   ^^^^^^^^^^^^^^^^^^^^^^^^^^^^^^^^^^^^^^^^^^^^^^^^^^^^^^^^^^^^^^^^^^^^^
Note: Missing implementation: 
  --> contract.sol:23:3:
   |
23 |   function transferFrom(address from, address to, uint256 value)
   |   ^ (Relevant source part starts here and spans across multiple lines).

Error: Overriding function is missing "override" specifier.
   --> contract.sol:579:3:
    |
579 |   function transfer(
    |   ^ (Relevant source part starts here and spans across multiple lines).
Note: Overridden function is here:
   --> contract.sol:155:3:
    |
155 |   function transfer(address to, uint256 value) public virtual override returns (bool) {
    |   ^ (Relevant source part starts here and spans across multiple lines).

Error: Overriding function is missing "override" specifier.
   --> contract.sol:590:3:
    |
590 |   function transferFrom(
    |   ^ (Relevant source part starts here and spans across multiple lines).
Note: Overridden function is here:
   --> contract.sol:183:3:
    |
183 |   function transferFrom(
    |   ^ (Relevant source part starts here and spans across multiple lines).

Error: Overriding function is missing "override" specifier.
   --> contract.sol:602:3:
    |
602 |   function approve(
    |   ^ (Relevant source part starts here and spans across multiple lines).
Note: Overridden function is here:
   --> contract.sol:169:3:
    |
169 |   function approve(address spender, uint256 value) public virtual override returns (bool) {
    |   ^ (Relevant source part starts here and spans across multiple lines).

Error: Overriding function is missing "override" specifier.
   --> contract.sol:613:3:
    |
613 |   function increaseAllowance(
    |   ^ (Relevant source part starts here and spans across multiple lines).
Note: Overridden function is here:
   --> contract.sol:205:3:
    |
205 |   function increaseAllowance(
    |   ^ (Relevant source part starts here and spans across multiple lines).

Error: Overriding function is missing "override" specifier.
   --> contract.sol:624:3:
    |
624 |   function decreaseAllowance(
    |   ^ (Relevant source part starts here and spans across multiple lines).
Note: Overridden function is here:
   --> contract.sol:227:3:
    |
227 |   function decreaseAllowance(
    |   ^ (Relevant source part starts here and spans across multiple lines).

Error: Overriding function is missing "override" specifier.
   --> contract.sol:658:5:
    |
658 |     function mint(address to, uint256 value) public onlyMinter returns (bool) {
    |     ^ (Relevant source part starts here and spans across multiple lines).
Note: Overridden function is here:
   --> contract.sol:438:3:
    |
438 |   function mint(
    |   ^ (Relevant source part starts here and spans across multiple lines).

Error: Trying to override non-virtual function. Did you forget to add "virtual"?
   --> contract.sol:438:3:
    |
438 |   function mint(
    |   ^ (Relevant source part starts here and spans across multiple lines).
Note: Overriding function is here:
   --> contract.sol:658:5:
    |
658 |     function mint(address to, uint256 value) public onlyMinter returns (bool) {
    |     ^ (Relevant source part starts here and spans across multiple lines).

Error: Overriding function is missing "override" specifier.
   --> contract.sol:664:5:
    |
664 |     function burn(uint256 value) public {
    |     ^ (Relevant source part starts here and spans across multiple lines).
Note: Overridden function is here:
   --> contract.sol:462:3:
    |
462 |   function burn(uint256 value) public {
    |   ^ (Relevant source part starts here and spans across multiple lines).

Error: Trying to override non-virtual function. Did you forget to add "virtual"?
   --> contract.sol:462:3:
    |
462 |   function burn(uint256 value) public {
    |   ^ (Relevant source part starts here and spans across multiple lines).
Note: Overriding function is here:
   --> contract.sol:664:5:
    |
664 |     function burn(uint256 value) public {
    |     ^ (Relevant source part starts here and spans across multiple lines).

Error: Trying to override non-virtual function. Did you forget to add "virtual"?
   --> contract.sol:579:3:
    |
579 |   function transfer(
    |   ^ (Relevant source part starts here and spans across multiple lines).
Note: Overriding function is here:
   --> contract.sol:669:5:
    |
669 |     function transfer(address to, uint256 value) public virtual override returns (bool) {
    |     ^ (Relevant source part starts here and spans across multiple lines).

Error: Function needs to specify overridden contracts "ERC20", "ERC20Pausable" and "IERC20".
   --> contract.sol:669:65:
    |
669 |     function transfer(address to, uint256 value) public virtual override returns (bool) {
    |                                                                 ^^^^^^^^
Note: This contract: 
  --> contract.sol:10:1:
   |
10 | interface IERC20 {
   | ^ (Relevant source part starts here and spans across multiple lines).
Note: This contract: 
   --> contract.sol:110:1:
    |
110 | contract ERC20 is IERC20 {
    | ^ (Relevant source part starts here and spans across multiple lines).
Note: This contract: 
   --> contract.sol:577:1:
    |
577 | contract ERC20Pausable is ERC20, Pausable {
    | ^ (Relevant source part starts here and spans across multiple lines).

Error: Trying to override non-virtual function. Did you forget to add "virtual"?
   --> contract.sol:590:3:
    |
590 |   function transferFrom(
    |   ^ (Relevant source part starts here and spans across multiple lines).
Note: Overriding function is here:
   --> contract.sol:675:5:
    |
675 |     function transferFrom(address from, address to, uint256 value) public virtual override returns (bool) {
    |     ^ (Relevant source part starts here and spans across multiple lines).

Error: Function needs to specify overridden contracts "ERC20", "ERC20Pausable" and "IERC20".
   --> contract.sol:675:83:
    |
675 |     function transferFrom(address from, address to, uint256 value) public virtual override returns (bool) {
    |                                                                                   ^^^^^^^^
Note: This contract: 
  --> contract.sol:10:1:
   |
10 | interface IERC20 {
   | ^ (Relevant source part starts here and spans across multiple lines).
Note: This contract: 
   --> contract.sol:110:1:
    |
110 | contract ERC20 is IERC20 {
    | ^ (Relevant source part starts here and spans across multiple lines).
Note: This contract: 
   --> contract.sol:577:1:
    |
577 | contract ERC20Pausable is ERC20, Pausable {
    | ^ (Relevant source part starts here and spans across multiple lines).

Error: Derived contract must override function "approve". Two or more base classes define function with same name and parameter types.
   --> contract.sol:637:1:
    |
637 | contract INRD is ERC20, ERC20Detailed, ERC20Mintable, ERC20Burnable, ERC20Pausable {
    | ^ (Relevant source part starts here and spans across multiple lines).
Note: Definition in "ERC20": 
   --> contract.sol:169:3:
    |
169 |   function approve(address spender, uint256 value) public virtual override returns (bool) {
    |   ^ (Relevant source part starts here and spans across multiple lines).
Note: Definition in "ERC20Pausable": 
   --> contract.sol:602:3:
    |
602 |   function approve(
    |   ^ (Relevant source part starts here and spans across multiple lines).

Error: Derived contract must override function "decreaseAllowance". Two or more base classes define function with same name and parameter types.
   --> contract.sol:637:1:
    |
637 | contract INRD is ERC20, ERC20Detailed, ERC20Mintable, ERC20Burnable, ERC20Pausable {
    | ^ (Relevant source part starts here and spans across multiple lines).
Note: Definition in "ERC20": 
   --> contract.sol:227:3:
    |
227 |   function decreaseAllowance(
    |   ^ (Relevant source part starts here and spans across multiple lines).
Note: Definition in "ERC20Pausable": 
   --> contract.sol:624:3:
    |
624 |   function decreaseAllowance(
    |   ^ (Relevant source part starts here and spans across multiple lines).

Error: Derived contract must override function "increaseAllowance". Two or more base classes define function with same name and parameter types.
   --> contract.sol:637:1:
    |
637 | contract INRD is ERC20, ERC20Detailed, ERC20Mintable, ERC20Burnable, ERC20Pausable {
    | ^ (Relevant source part starts here and spans across multiple lines).
Note: Definition in "ERC20": 
   --> contract.sol:205:3:
    |
205 |   function increaseAllowance(
    |   ^ (Relevant source part starts here and spans across multiple lines).
Note: Definition in "ERC20Pausable": 
   --> contract.sol:613:3:
    |
613 |   function increaseAllowance(
    |   ^ (Relevant source part starts here and spans across multiple lines).

Error: Built-in binary operator != cannot be applied to types address and int_const 0.
   --> contract.sol:263:13:
    |
263 |     require(account != 0);
    |             ^^^^^^^^^^^^

Error: Built-in binary operator != cannot be applied to types address and int_const 0.
   --> contract.sol:276:13:
    |
276 |     require(account != 0);
    |             ^^^^^^^^^^^^

Error: Built-in binary operator + cannot be applied to types struct Roles.Role storage ref and address. No matching user-defined operator found.
   --> contract.sol:417:5:
    |
417 |     minters + (account);
    |     ^^^^^^^^^^^^^^^^^^^

Error: Built-in binary operator + cannot be applied to types struct Roles.Role storage ref and address. No matching user-defined operator found.
   --> contract.sol:509:5:
    |
509 |     pausers + (account);
    |     ^^^^^^^^^^^^^^^^^^^

Warning: Visibility for constructor is ignored. If you want the contract to be non-deployable, making it "abstract" is sufficient.
   --> contract.sol:648:5:
    |
648 |     constructor(address _staker)
    |     ^ (Relevant source part starts here and spans across multiple lines).


=== applied patch_remove_bogus_override ===
=== iter 6 rc=0 ===
Warning: SPDX license identifier not provided in source file. Before publishing, consider adding a comment containing "SPDX-License-Identifier: <SPDX-License>" to each source file. Use "SPDX-License-Identifier: UNLICENSED" for non-open-source code. Please see https://spdx.org for more information.
--> contract.sol


=== full compile rc=1 ===
Warning: SPDX license identifier not provided in source file. Before publishing, consider adding a comment containing "SPDX-License-Identifier: <SPDX-License>" to each source file. Use "SPDX-License-Identifier: UNLICENSED" for non-open-source code. Please see https://spdx.org for more information.
--> contract.sol

Warning: This declaration shadows an existing declaration.
   --> contract.sol:314:15:
    |
314 |   constructor(string memory name, string memory symbol, uint8 decimals) {
    |               ^^^^^^^^^^^^^^^^^^
Note: The shadowed declaration is here:
   --> contract.sol:323:3:
    |
323 |   function name() public view virtual returns (string memory) {
    |   ^ (Relevant source part starts here and spans across multiple lines).

Warning: This declaration shadows an existing declaration.
   --> contract.sol:314:35:
    |
314 |   constructor(string memory name, string memory symbol, uint8 decimals) {
    |                                   ^^^^^^^^^^^^^^^^^^^^
Note: The shadowed declaration is here:
   --> contract.sol:330:3:
    |
330 |   function symbol() public view virtual returns (string memory) {
    |   ^ (Relevant source part starts here and spans across multiple lines).

Warning: This declaration shadows an existing declaration.
   --> contract.sol:314:57:
    |
314 |   constructor(string memory name, string memory symbol, uint8 decimals) {
    |                                                         ^^^^^^^^^^^^^^
Note: The shadowed declaration is here:
   --> contract.sol:337:3:
    |
337 |   function decimals() public view virtual returns(uint8) {
    |   ^ (Relevant source part starts here and spans across multiple lines).

Error: Contract "ERC20Detailed" should be marked as abstract.
   --> contract.sol:309:1:
    |
309 | contract ERC20Detailed is IERC20 {
    | ^ (Relevant source part starts here and spans across multiple lines).
Note: Missing implementation: 
  --> contract.sol:15:3:
   |
15 |   function allowance(address owner, address spender)
   |   ^ (Relevant source part starts here and spans across multiple lines).
Note: Missing implementation: 
  --> contract.sol:20:3:
   |
20 |   function approve(address spender, uint256 value)
   |   ^ (Relevant source part starts here and spans across multiple lines).
Note: Missing implementation: 
  --> contract.sol:13:3:
   |
13 |   function balanceOf(address who) external view returns (uint256);
   |   ^^^^^^^^^^^^^^^^^^^^^^^^^^^^^^^^^^^^^^^^^^^^^^^^^^^^^^^^^^^^^^^^
Note: Missing implementation: 
  --> contract.sol:11:3:
   |
11 |   function totalSupply() external view returns (uint256);
   |   ^^^^^^^^^^^^^^^^^^^^^^^^^^^^^^^^^^^^^^^^^^^^^^^^^^^^^^^
Note: Missing implementation: 
  --> contract.sol:18:3:
   |
18 |   function transfer(address to, uint256 value) external returns (bool);
   |   ^^^^^^^^^^^^^^^^^^^^^^^^^^^^^^^^^^^^^^^^^^^^^^^^^^^^^^^^^^^^^^^^^^^^^
Note: Missing implementation: 
  --> contract.sol:23:3:
   |
23 |   function transferFrom(address from, address to, uint256 value)
   |   ^ (Relevant source part starts here and spans across multiple lines).

Error: Overriding function is missing "override" specifier.
   --> contract.sol:579:3:
    |
579 |   function transfer(
    |   ^ (Relevant source part starts here and spans across multiple lines).
Note: Overridden function is here:
   --> contract.sol:155:3:
    |
155 |   function transfer(address to, uint256 value) public virtual returns (bool) {
    |   ^ (Relevant source part starts here and spans across multiple lines).

Error: Overriding function is missing "override" specifier.
   --> contract.sol:590:3:
    |
590 |   function transferFrom(
    |   ^ (Relevant source part starts here and spans across multiple lines).
Note: Overridden function is here:
   --> contract.sol:183:3:
    |
183 |   function transferFrom(
    |   ^ (Relevant source part starts here and spans across multiple lines).

Error: Overriding function is missing "override" specifier.
   --> contract.sol:602:3:
    |
602 |   function approve(
    |   ^ (Relevant source part starts here and spans across multiple lines).
Note: Overridden function is here:
   --> contract.sol:169:3:
    |
169 |   function approve(address spender, uint256 value) public virtual returns (bool) {
    |   ^ (Relevant source part starts here and spans across multiple lines).

Error: Overriding function is missing "override" specifier.
   --> contract.sol:613:3:
    |
613 |   function increaseAllowance(
    |   ^ (Relevant source part starts here and spans across multiple lines).
Note: Overridden function is here:
   --> contract.sol:205:3:
    |
205 |   function increaseAllowance(
    |   ^ (Relevant source part starts here and spans across multiple lines).

Error: Overriding function is missing "override" specifier.
   --> contract.sol:624:3:
    |
624 |   function decreaseAllowance(
    |   ^ (Relevant source part starts here and spans across multiple lines).
Note: Overridden function is here:
   --> contract.sol:227:3:
    |
227 |   function decreaseAllowance(
    |   ^ (Relevant source part starts here and spans across multiple lines).

Error: Overriding function is missing "override" specifier.
   --> contract.sol:658:5:
    |
658 |     function mint(address to, uint256 value) public onlyMinter returns (bool) {
    |     ^ (Relevant source part starts here and spans across multiple lines).
Note: Overridden function is here:
   --> contract.sol:438:3:
    |
438 |   function mint(
    |   ^ (Relevant source part starts here and spans across multiple lines).

Error: Trying to override non-virtual function. Did you forget to add "virtual"?
   --> contract.sol:438:3:
    |
438 |   function mint(
    |   ^ (Relevant source part starts here and spans across multiple lines).
Note: Overriding function is here:
   --> contract.sol:658:5:
    |
658 |     function mint(address to, uint256 value) public onlyMinter returns (bool) {
    |     ^ (Relevant source part starts here and spans across multiple lines).

Error: Overriding function is missing "override" specifier.
   --> contract.sol:664:5:
    |
664 |     function burn(uint256 value) public {
    |     ^ (Relevant source part starts here and spans across multiple lines).
Note: Overridden function is here:
   --> contract.sol:462:3:
    |
462 |   function burn(uint256 value) public {
    |   ^ (Relevant source part starts here and spans across multiple lines).

Error: Trying to override non-virtual function. Did you forget to add "virtual"?
   --> contract.sol:462:3:
    |
462 |   function burn(uint256 value) public {
    |   ^ (Relevant source part starts here and spans across multiple lines).
Note: Overriding function is here:
   --> contract.sol:664:5:
    |
664 |     function burn(uint256 value) public {
    |     ^ (Relevant source part starts here and spans across multiple lines).

Error: Overriding function is missing "override" specifier.
   --> contract.sol:669:5:
    |
669 |     function transfer(address to, uint256 value) public virtual returns (bool) {
    |     ^ (Relevant source part starts here and spans across multiple lines).
Note: Overridden function is here:
   --> contract.sol:155:3:
    |
155 |   function transfer(address to, uint256 value) public virtual returns (bool) {
    |   ^ (Relevant source part starts here and spans across multiple lines).

Error: Overriding function is missing "override" specifier.
   --> contract.sol:669:5:
    |
669 |     function transfer(address to, uint256 value) public virtual returns (bool) {
    |     ^ (Relevant source part starts here and spans across multiple lines).
Note: Overridden function is here:
   --> contract.sol:155:3:
    |
155 |   function transfer(address to, uint256 value) public virtual returns (bool) {
    |   ^ (Relevant source part starts here and spans across multiple lines).

Error: Overriding function is missing "override" specifier.
   --> contract.sol:669:5:
    |
669 |     function transfer(address to, uint256 value) public virtual returns (bool) {
    |     ^ (Relevant source part starts here and spans across multiple lines).
Note: Overridden function is here:
   --> contract.sol:155:3:
    |
155 |   function transfer(address to, uint256 value) public virtual returns (bool) {
    |   ^ (Relevant source part starts here and spans across multiple lines).

Error: Overriding function is missing "override" specifier.
   --> contract.sol:669:5:
    |
669 |     function transfer(address to, uint256 value) public virtual returns (bool) {
    |     ^ (Relevant source part starts here and spans across multiple lines).
Note: Overridden function is here:
   --> contract.sol:579:3:
    |
579 |   function transfer(
    |   ^ (Relevant source part starts here and spans across multiple lines).

Error: Trying to override non-virtual function. Did you forget to add "virtual"?
   --> contract.sol:579:3:
    |
579 |   function transfer(
    |   ^ (Relevant source part starts here and spans across multiple lines).
Note: Overriding function is here:
   --> contract.sol:669:5:
    |
669 |     function transfer(address to, uint256 value) public virtual returns (bool) {
    |     ^ (Relevant source part starts here and spans across multiple lines).

Error: Function needs to specify overridden contracts "ERC20", "ERC20Pausable" and "IERC20".
   --> contract.sol:669:5:
    |
669 |     function transfer(address to, uint256 value) public virtual returns (bool) {
    |     ^ (Relevant source part starts here and spans across multiple lines).
Note: This contract: 
  --> contract.sol:10:1:
   |
10 | interface IERC20 {
   | ^ (Relevant source part starts here and spans across multiple lines).
Note: This contract: 
   --> contract.sol:110:1:
    |
110 | contract ERC20 is IERC20 {
    | ^ (Relevant source part starts here and spans across multiple lines).
Note: This contract: 
   --> contract.sol:577:1:
    |
577 | contract ERC20Pausable is ERC20, Pausable {
    | ^ (Relevant source part starts here and spans across multiple lines).

Error: Overriding function is missing "override" specifier.
   --> contract.sol:675:5:
    |
675 |     function transferFrom(address from, address to, uint256 value) public virtual returns (bool) {
    |     ^ (Relevant source part starts here and spans across multiple lines).
Note: Overridden function is here:
   --> contract.sol:183:3:
    |
183 |   function transferFrom(
    |   ^ (Relevant source part starts here and spans across multiple lines).

Error: Overriding function is missing "override" specifier.
   --> contract.sol:675:5:
    |
675 |     function transferFrom(address from, address to, uint256 value) public virtual returns (bool) {
    |     ^ (Relevant source part starts here and spans across multiple lines).
Note: Overridden function is here:
   --> contract.sol:183:3:
    |
183 |   function transferFrom(
    |   ^ (Relevant source part starts here and spans across multiple lines).

Error: Overriding function is missing "override" specifier.
   --> contract.sol:675:5:
    |
675 |     function transferFrom(address from, address to, uint256 value) public virtual returns (bool) {
    |     ^ (Relevant source part starts here and spans across multiple lines).
Note: Overridden function is here:
   --> contract.sol:183:3:
    |
183 |   function transferFrom(
    |   ^ (Relevant source part starts here and spans across multiple lines).

Error: Overriding function is missing "override" specifier.
   --> contract.sol:675:5:
    |
675 |     function transferFrom(address from, address to, uint256 value) public virtual returns (bool) {
    |     ^ (Relevant source part starts here and spans across multiple lines).
Note: Overridden function is here:
   --> contract.sol:590:3:
    |
590 |   function transferFrom(
    |   ^ (Relevant source part starts here and spans across multiple lines).

Error: Trying to override non-virtual function. Did you forget to add "virtual"?
   --> contract.sol:590:3:
    |
590 |   function transferFrom(
    |   ^ (Relevant source part starts here and spans across multiple lines).
Note: Overriding function is here:
   --> contract.sol:675:5:
    |
675 |     function transferFrom(address from, address to, uint256 value) public virtual returns (bool) {
    |     ^ (Relevant source part starts here and spans across multiple lines).

Error: Function needs to specify overridden contracts "ERC20", "ERC20Pausable" and "IERC20".
   --> contract.sol:675:5:
    |
675 |     function transferFrom(address from, address to, uint256 value) public virtual returns (bool) {
    |     ^ (Relevant source part starts here and spans across multiple lines).
Note: This contract: 
  --> contract.sol:10:1:
   |
10 | interface IERC20 {
   | ^ (Relevant source part starts here and spans across multiple lines).
Note: This contract: 
   --> contract.sol:110:1:
    |
110 | contract ERC20 is IERC20 {
    | ^ (Relevant source part starts here and spans across multiple lines).
Note: This contract: 
   --> contract.sol:577:1:
    |
577 | contract ERC20Pausable is ERC20, Pausable {
    | ^ (Relevant source part starts here and spans across multiple lines).

Error: Derived contract must override function "approve". Two or more base classes define function with same name and parameter types.
   --> contract.sol:637:1:
    |
637 | contract INRD is ERC20, ERC20Detailed, ERC20Mintable, ERC20Burnable, ERC20Pausable {
    | ^ (Relevant source part starts here and spans across multiple lines).
Note: Definition in "ERC20": 
   --> contract.sol:169:3:
    |
169 |   function approve(address spender, uint256 value) public virtual returns (bool) {
    |   ^ (Relevant source part starts here and spans across multiple lines).
Note: Definition in "ERC20Pausable": 
   --> contract.sol:602:3:
    |
602 |   function approve(
    |   ^ (Relevant source part starts here and spans across multiple lines).

Error: Derived contract must override function "decreaseAllowance". Two or more base classes define function with same name and parameter types.
   --> contract.sol:637:1:
    |
637 | contract INRD is ERC20, ERC20Detailed, ERC20Mintable, ERC20Burnable, ERC20Pausable {
    | ^ (Relevant source part starts here and spans across multiple lines).
Note: Definition in "ERC20": 
   --> contract.sol:227:3:
    |
227 |   function decreaseAllowance(
    |   ^ (Relevant source part starts here and spans across multiple lines).
Note: Definition in "ERC20Pausable": 
   --> contract.sol:624:3:
    |
624 |   function decreaseAllowance(
    |   ^ (Relevant source part starts here and spans across multiple lines).

Error: Derived contract must override function "increaseAllowance". Two or more base classes define function with same name and parameter types.
   --> contract.sol:637:1:
    |
637 | contract INRD is ERC20, ERC20Detailed, ERC20Mintable, ERC20Burnable, ERC20Pausable {
    | ^ (Relevant source part starts here and spans across multiple lines).
Note: Definition in "ERC20": 
   --> contract.sol:205:3:
    |
205 |   function increaseAllowance(
    |   ^ (Relevant source part starts here and spans across multiple lines).
Note: Definition in "ERC20Pausable": 
   --> contract.sol:613:3:
    |
613 |   function increaseAllowance(
    |   ^ (Relevant source part starts here and spans across multiple lines).

Error: Built-in binary operator != cannot be applied to types address and int_const 0.
   --> contract.sol:263:13:
    |
263 |     require(account != 0);
    |             ^^^^^^^^^^^^

Error: Built-in binary operator != cannot be applied to types address and int_const 0.
   --> contract.sol:276:13:
    |
276 |     require(account != 0);
    |             ^^^^^^^^^^^^

Error: Built-in binary operator + cannot be applied to types struct Roles.Role storage ref and address. No matching user-defined operator found.
   --> contract.sol:417:5:
    |
417 |     minters + (account);
    |     ^^^^^^^^^^^^^^^^^^^

Error: Built-in binary operator + cannot be applied to types struct Roles.Role storage ref and address. No matching user-defined operator found.
   --> contract.sol:509:5:
    |
509 |     pausers + (account);
    |     ^^^^^^^^^^^^^^^^^^^

Warning: Visibility for constructor is ignored. If you want the contract to be non-deployable, making it "abstract" is sufficient.
   --> contract.sol:648:5:
    |
648 |     constructor(address _staker)
    |     ^ (Relevant source part starts here and spans across multiple lines).


=== no rule matched ===
