=== iter 0 rc=0 ===
Warning: SPDX license identifier not provided in source file. Before publishing, consider adding a comment containing "SPDX-License-Identifier: <SPDX-License>" to each source file. Use "SPDX-License-Identifier: UNLICENSED" for non-open-source code. Please see https://spdx.org for more information.
--> contract.sol


=== full compile rc=1 ===
Warning: SPDX license identifier not provided in source file. Before publishing, consider adding a comment containing "SPDX-License-Identifier: <SPDX-License>" to each source file. Use "SPDX-License-Identifier: UNLICENSED" for non-open-source code. Please see https://spdx.org for more information.
--> contract.sol

Error: Functions are not allowed to have the same name as the contract. If you intend this to be a constructor, use "constructor(...) { ... }" to define it.
  --> contract.sol:89:3:
   |
89 |   function Ownable() public {
   |   ^ (Relevant source part starts here and spans across multiple lines).

Warning: This declaration shadows an existing declaration.
  --> contract.sol:89:3:
   |
89 |   function Ownable() public {
   |   ^ (Relevant source part starts here and spans across multiple lines).
Note: The shadowed declaration is here:
  --> contract.sol:78:1:
   |
78 | contract Ownable {
   | ^ (Relevant source part starts here and spans across multiple lines).

Error: Contract "ERC20Basic" should be marked as abstract.
  --> contract.sol:55:1:
   |
55 | contract ERC20Basic {
   | ^ (Relevant source part starts here and spans across multiple lines).
Note: Missing implementation: 
  --> contract.sol:57:3:
   |
57 |   function balanceOf(address who) public view returns (uint256);
   |   ^^^^^^^^^^^^^^^^^^^^^^^^^^^^^^^^^^^^^^^^^^^^^^^^^^^^^^^^^^^^^^
Note: Missing implementation: 
  --> contract.sol:56:3:
   |
56 |   function totalSupply() public view returns (uint256);
   |   ^^^^^^^^^^^^^^^^^^^^^^^^^^^^^^^^^^^^^^^^^^^^^^^^^^^^^
Note: Missing implementation: 
  --> contract.sol:58:3:
   |
58 |   function transfer(address to, uint256 value) public returns (bool);
   |   ^^^^^^^^^^^^^^^^^^^^^^^^^^^^^^^^^^^^^^^^^^^^^^^^^^^^^^^^^^^^^^^^^^^

Error: Contract "ERC20" should be marked as abstract.
  --> contract.sol:66:1:
   |
66 | contract ERC20 is ERC20Basic {
   | ^ (Relevant source part starts here and spans across multiple lines).
Note: Missing implementation: 
  --> contract.sol:67:3:
   |
67 |   function allowance(address owner, address spender) public view returns (uint256);
   |   ^^^^^^^^^^^^^^^^^^^^^^^^^^^^^^^^^^^^^^^^^^^^^^^^^^^^^^^^^^^^^^^^^^^^^^^^^^^^^^^^^
Note: Missing implementation: 
  --> contract.sol:69:3:
   |
69 |   function approve(address spender, uint256 value) public returns (bool);
   |   ^^^^^^^^^^^^^^^^^^^^^^^^^^^^^^^^^^^^^^^^^^^^^^^^^^^^^^^^^^^^^^^^^^^^^^^
Note: Missing implementation: 
  --> contract.sol:57:3:
   |
57 |   function balanceOf(address who) public view returns (uint256);
   |   ^^^^^^^^^^^^^^^^^^^^^^^^^^^^^^^^^^^^^^^^^^^^^^^^^^^^^^^^^^^^^^
Note: Missing implementation: 
  --> contract.sol:56:3:
   |
56 |   function totalSupply() public view returns (uint256);
   |   ^^^^^^^^^^^^^^^^^^^^^^^^^^^^^^^^^^^^^^^^^^^^^^^^^^^^^
Note: Missing implementation: 
  --> contract.sol:58:3:
   |
58 |   function transfer(address to, uint256 value) public returns (bool);
   |   ^^^^^^^^^^^^^^^^^^^^^^^^^^^^^^^^^^^^^^^^^^^^^^^^^^^^^^^^^^^^^^^^^^^
Note: Missing implementation: 
  --> contract.sol:68:3:
   |
68 |   function transferFrom(address from, address to, uint256 value) public returns (bool);
   |   ^^^^^^^^^^^^^^^^^^^^^^^^^^^^^^^^^^^^^^^^^^^^^^^^^^^^^^^^^^^^^^^^^^^^^^^^^^^^^^^^^^^^^

Error: Overriding function is missing "override" specifier.
   --> contract.sol:171:3:
    |
171 |   function totalSupply() public view returns (uint256) {
    |   ^ (Relevant source part starts here and spans across multiple lines).
Note: Overridden function is here:
  --> contract.sol:56:3:
   |
56 |   function totalSupply() public view returns (uint256);
   |   ^^^^^^^^^^^^^^^^^^^^^^^^^^^^^^^^^^^^^^^^^^^^^^^^^^^^^

Error: Trying to override non-virtual function. Did you forget to add "virtual"?
  --> contract.sol:56:3:
   |
56 |   function totalSupply() public view returns (uint256);
   |   ^^^^^^^^^^^^^^^^^^^^^^^^^^^^^^^^^^^^^^^^^^^^^^^^^^^^^
Note: Overriding function is here:
   --> contract.sol:171:3:
    |
171 |   function totalSupply() public view returns (uint256) {
    |   ^ (Relevant source part starts here and spans across multiple lines).

Error: Overriding function is missing "override" specifier.
   --> contract.sol:180:3:
    |
180 |   function transfer(address _to, uint256 _value) public returns (bool) {
    |   ^ (Relevant source part starts here and spans across multiple lines).
Note: Overridden function is here:
  --> contract.sol:58:3:
   |
58 |   function transfer(address to, uint256 value) public returns (bool);
   |   ^^^^^^^^^^^^^^^^^^^^^^^^^^^^^^^^^^^^^^^^^^^^^^^^^^^^^^^^^^^^^^^^^^^

Error: Trying to override non-virtual function. Did you forget to add "virtual"?
  --> contract.sol:58:3:
   |
58 |   function transfer(address to, uint256 value) public returns (bool);
   |   ^^^^^^^^^^^^^^^^^^^^^^^^^^^^^^^^^^^^^^^^^^^^^^^^^^^^^^^^^^^^^^^^^^^
Note: Overriding function is here:
   --> contract.sol:180:3:
    |
180 |   function transfer(address _to, uint256 _value) public returns (bool) {
    |   ^ (Relevant source part starts here and spans across multiple lines).

Error: Overriding function is missing "override" specifier.
   --> contract.sol:195:3:
    |
195 |   function balanceOf(address _owner) public view returns (uint256) {
    |   ^ (Relevant source part starts here and spans across multiple lines).
Note: Overridden function is here:
  --> contract.sol:57:3:
   |
57 |   function balanceOf(address who) public view returns (uint256);
   |   ^^^^^^^^^^^^^^^^^^^^^^^^^^^^^^^^^^^^^^^^^^^^^^^^^^^^^^^^^^^^^^

Error: Trying to override non-virtual function. Did you forget to add "virtual"?
  --> contract.sol:57:3:
   |
57 |   function balanceOf(address who) public view returns (uint256);
   |   ^^^^^^^^^^^^^^^^^^^^^^^^^^^^^^^^^^^^^^^^^^^^^^^^^^^^^^^^^^^^^^
Note: Overriding function is here:
   --> contract.sol:195:3:
    |
195 |   function balanceOf(address _owner) public view returns (uint256) {
    |   ^ (Relevant source part starts here and spans across multiple lines).

Error: Overriding function is missing "override" specifier.
   --> contract.sol:218:3:
    |
218 |   function transferFrom(address _from, address _to, uint256 _value) public returns (bool) {
    |   ^ (Relevant source part starts here and spans across multiple lines).
Note: Overridden function is here:
  --> contract.sol:68:3:
   |
68 |   function transferFrom(address from, address to, uint256 value) public returns (bool);
   |   ^^^^^^^^^^^^^^^^^^^^^^^^^^^^^^^^^^^^^^^^^^^^^^^^^^^^^^^^^^^^^^^^^^^^^^^^^^^^^^^^^^^^^

Error: Trying to override non-virtual function. Did you forget to add "virtual"?
  --> contract.sol:68:3:
   |
68 |   function transferFrom(address from, address to, uint256 value) public returns (bool);
   |   ^^^^^^^^^^^^^^^^^^^^^^^^^^^^^^^^^^^^^^^^^^^^^^^^^^^^^^^^^^^^^^^^^^^^^^^^^^^^^^^^^^^^^
Note: Overriding function is here:
   --> contract.sol:218:3:
    |
218 |   function transferFrom(address _from, address _to, uint256 _value) public returns (bool) {
    |   ^ (Relevant source part starts here and spans across multiple lines).

Error: Overriding function is missing "override" specifier.
   --> contract.sol:240:3:
    |
240 |   function approve(address _spender, uint256 _value) public returns (bool) {
    |   ^ (Relevant source part starts here and spans across multiple lines).
Note: Overridden function is here:
  --> contract.sol:69:3:
   |
69 |   function approve(address spender, uint256 value) public returns (bool);
   |   ^^^^^^^^^^^^^^^^^^^^^^^^^^^^^^^^^^^^^^^^^^^^^^^^^^^^^^^^^^^^^^^^^^^^^^^

Error: Trying to override non-virtual function. Did you forget to add "virtual"?
  --> contract.sol:69:3:
   |
69 |   function approve(address spender, uint256 value) public returns (bool);
   |   ^^^^^^^^^^^^^^^^^^^^^^^^^^^^^^^^^^^^^^^^^^^^^^^^^^^^^^^^^^^^^^^^^^^^^^^
Note: Overriding function is here:
   --> contract.sol:240:3:
    |
240 |   function approve(address _spender, uint256 _value) public returns (bool) {
    |   ^ (Relevant source part starts here and spans across multiple lines).

Error: Overriding function is missing "override" specifier.
   --> contract.sol:252:3:
    |
252 |   function allowance(address _owner, address _spender) public view returns (uint256) {
    |   ^ (Relevant source part starts here and spans across multiple lines).
Note: Overridden function is here:
  --> contract.sol:67:3:
   |
67 |   function allowance(address owner, address spender) public view returns (uint256);
   |   ^^^^^^^^^^^^^^^^^^^^^^^^^^^^^^^^^^^^^^^^^^^^^^^^^^^^^^^^^^^^^^^^^^^^^^^^^^^^^^^^^

Error: Trying to override non-virtual function. Did you forget to add "virtual"?
  --> contract.sol:67:3:
   |
67 |   function allowance(address owner, address spender) public view returns (uint256);
   |   ^^^^^^^^^^^^^^^^^^^^^^^^^^^^^^^^^^^^^^^^^^^^^^^^^^^^^^^^^^^^^^^^^^^^^^^^^^^^^^^^^
Note: Overriding function is here:
   --> contract.sol:252:3:
    |
252 |   function allowance(address _owner, address _spender) public view returns (uint256) {
    |   ^ (Relevant source part starts here and spans across multiple lines).

Error: Overriding function is missing "override" specifier.
   --> contract.sol:341:3:
    |
341 |   function transfer(address _to, uint256 _value) public whenNotPaused returns (bool) {
    |   ^ (Relevant source part starts here and spans across multiple lines).
Note: Overridden function is here:
  --> contract.sol:58:3:
   |
58 |   function transfer(address to, uint256 value) public returns (bool);
   |   ^^^^^^^^^^^^^^^^^^^^^^^^^^^^^^^^^^^^^^^^^^^^^^^^^^^^^^^^^^^^^^^^^^^

Error: Trying to override non-virtual function. Did you forget to add "virtual"?
  --> contract.sol:58:3:
   |
58 |   function transfer(address to, uint256 value) public returns (bool);
   |   ^^^^^^^^^^^^^^^^^^^^^^^^^^^^^^^^^^^^^^^^^^^^^^^^^^^^^^^^^^^^^^^^^^^
Note: Overriding function is here:
   --> contract.sol:341:3:
    |
341 |   function transfer(address _to, uint256 _value) public whenNotPaused returns (bool) {
    |   ^ (Relevant source part starts here and spans across multiple lines).

Error: Overriding function is missing "override" specifier.
   --> contract.sol:341:3:
    |
341 |   function transfer(address _to, uint256 _value) public whenNotPaused returns (bool) {
    |   ^ (Relevant source part starts here and spans across multiple lines).
Note: Overridden function is here:
   --> contract.sol:180:3:
    |
180 |   function transfer(address _to, uint256 _value) public returns (bool) {
    |   ^ (Relevant source part starts here and spans across multiple lines).

Error: Trying to override non-virtual function. Did you forget to add "virtual"?
   --> contract.sol:180:3:
    |
180 |   function transfer(address _to, uint256 _value) public returns (bool) {
    |   ^ (Relevant source part starts here and spans across multiple lines).
Note: Overriding function is here:
   --> contract.sol:341:3:
    |
341 |   function transfer(address _to, uint256 _value) public whenNotPaused returns (bool) {
    |   ^ (Relevant source part starts here and spans across multiple lines).

Error: Function needs to specify overridden contracts "BasicToken" and "ERC20Basic".
   --> contract.sol:341:3:
    |
341 |   function transfer(address _to, uint256 _value) public whenNotPaused returns (bool) {
    |   ^ (Relevant source part starts here and spans across multiple lines).
Note: This contract: 
  --> contract.sol:55:1:
   |
55 | contract ERC20Basic {
   | ^ (Relevant source part starts here and spans across multiple lines).
Note: This contract: 
   --> contract.sol:161:1:
    |
161 | contract BasicToken is ERC20Basic {
    | ^ (Relevant source part starts here and spans across multiple lines).

Error: Overriding function is missing "override" specifier.
   --> contract.sol:345:3:
    |
345 |   function transferFrom(address _from, address _to, uint256 _value) public whenNotPaused returns (bool) {
    |   ^ (Relevant source part starts here and spans across multiple lines).
Note: Overridden function is here:
   --> contract.sol:218:3:
    |
218 |   function transferFrom(address _from, address _to, uint256 _value) public returns (bool) {
    |   ^ (Relevant source part starts here and spans across multiple lines).

Error: Trying to override non-virtual function. Did you forget to add "virtual"?
   --> contract.sol:218:3:
    |
218 |   function transferFrom(address _from, address _to, uint256 _value) public returns (bool) {
    |   ^ (Relevant source part starts here and spans across multiple lines).
Note: Overriding function is here:
   --> contract.sol:345:3:
    |
345 |   function transferFrom(address _from, address _to, uint256 _value) public whenNotPaused returns (bool) {
    |   ^ (Relevant source part starts here and spans across multiple lines).

Error: Overriding function is missing "override" specifier.
   --> contract.sol:349:3:
    |
349 |   function approve(address _spender, uint256 _value) public whenNotPaused returns (bool) {
    |   ^ (Relevant source part starts here and spans across multiple lines).
Note: Overridden function is here:
   --> contract.sol:240:3:
    |
240 |   function approve(address _spender, uint256 _value) public returns (bool) {
    |   ^ (Relevant source part starts here and spans across multiple lines).

Error: Trying to override non-virtual function. Did you forget to add "virtual"?
   --> contract.sol:240:3:
    |
240 |   function approve(address _spender, uint256 _value) public returns (bool) {
    |   ^ (Relevant source part starts here and spans across multiple lines).
Note: Overriding function is here:
   --> contract.sol:349:3:
    |
349 |   function approve(address _spender, uint256 _value) public whenNotPaused returns (bool) {
    |   ^ (Relevant source part starts here and spans across multiple lines).

Error: Overriding function is missing "override" specifier.
   --> contract.sol:353:3:
    |
353 |   function increaseApproval(address _spender, uint _addedValue) public whenNotPaused returns (bool success) {
    |   ^ (Relevant source part starts here and spans across multiple lines).
Note: Overridden function is here:
   --> contract.sol:266:3:
    |
266 |   function increaseApproval(address _spender, uint _addedValue) public returns (bool) {
    |   ^ (Relevant source part starts here and spans across multiple lines).

Error: Trying to override non-virtual function. Did you forget to add "virtual"?
   --> contract.sol:266:3:
    |
266 |   function increaseApproval(address _spender, uint _addedValue) public returns (bool) {
    |   ^ (Relevant source part starts here and spans across multiple lines).
Note: Overriding function is here:
   --> contract.sol:353:3:
    |
353 |   function increaseApproval(address _spender, uint _addedValue) public whenNotPaused returns (bool success) {
    |   ^ (Relevant source part starts here and spans across multiple lines).

Error: Overriding function is missing "override" specifier.
   --> contract.sol:357:3:
    |
357 |   function decreaseApproval(address _spender, uint _subtractedValue) public whenNotPaused returns (bool success) {
    |   ^ (Relevant source part starts here and spans across multiple lines).
Note: Overridden function is here:
   --> contract.sol:282:3:
    |
282 |   function decreaseApproval(address _spender, uint _subtractedValue) public returns (bool) {
    |   ^ (Relevant source part starts here and spans across multiple lines).

Error: Trying to override non-virtual function. Did you forget to add "virtual"?
   --> contract.sol:282:3:
    |
282 |   function decreaseApproval(address _spender, uint _subtractedValue) public returns (bool) {
    |   ^ (Relevant source part starts here and spans across multiple lines).
Note: Overriding function is here:
   --> contract.sol:357:3:
    |
357 |   function decreaseApproval(address _spender, uint _subtractedValue) public whenNotPaused returns (bool success) {
    |   ^ (Relevant source part starts here and spans across multiple lines).

Error: Derived contract must override function "approve". Two or more base classes define function with same name and parameter types.
   --> contract.sol:362:1:
    |
362 | contract MedXToken is PausableToken, MintableToken {
    | ^ (Relevant source part starts here and spans across multiple lines).
Note: Definition in "StandardToken": 
   --> contract.sol:240:3:
    |
240 |   function approve(address _spender, uint256 _value) public returns (bool) {
    |   ^ (Relevant source part starts here and spans across multiple lines).
Note: Definition in "PausableToken": 
   --> contract.sol:349:3:
    |
349 |   function approve(address _spender, uint256 _value) public whenNotPaused returns (bool) {
    |   ^ (Relevant source part starts here and spans across multiple lines).

Error: Derived contract must override function "decreaseApproval". Two or more base classes define function with same name and parameter types.
   --> contract.sol:362:1:
    |
362 | contract MedXToken is PausableToken, MintableToken {
    | ^ (Relevant source part starts here and spans across multiple lines).
Note: Definition in "StandardToken": 
   --> contract.sol:282:3:
    |
282 |   function decreaseApproval(address _spender, uint _subtractedValue) public returns (bool) {
    |   ^ (Relevant source part starts here and spans across multiple lines).
Note: Definition in "PausableToken": 
   --> contract.sol:357:3:
    |
357 |   function decreaseApproval(address _spender, uint _subtractedValue) public whenNotPaused returns (bool success) {
    |   ^ (Relevant source part starts here and spans across multiple lines).

Error: Derived contract must override function "increaseApproval". Two or more base classes define function with same name and parameter types.
   --> contract.sol:362:1:
    |
362 | contract MedXToken is PausableToken, MintableToken {
    | ^ (Relevant source part starts here and spans across multiple lines).
Note: Definition in "StandardToken": 
   --> contract.sol:266:3:
    |
266 |   function increaseApproval(address _spender, uint _addedValue) public returns (bool) {
    |   ^ (Relevant source part starts here and spans across multiple lines).
Note: Definition in "PausableToken": 
   --> contract.sol:353:3:
    |
353 |   function increaseApproval(address _spender, uint _addedValue) public whenNotPaused returns (bool success) {
    |   ^ (Relevant source part starts here and spans across multiple lines).

Error: Derived contract must override function "transfer". Two or more base classes define function with same name and parameter types.
   --> contract.sol:362:1:
    |
362 | contract MedXToken is PausableToken, MintableToken {
    | ^ (Relevant source part starts here and spans across multiple lines).
Note: Definition in "BasicToken": 
   --> contract.sol:180:3:
    |
180 |   function transfer(address _to, uint256 _value) public returns (bool) {
    |   ^ (Relevant source part starts here and spans across multiple lines).
Note: Definition in "PausableToken": 
   --> contract.sol:341:3:
    |
341 |   function transfer(address _to, uint256 _value) public whenNotPaused returns (bool) {
    |   ^ (Relevant source part starts here and spans across multiple lines).

Error: Derived contract must override function "transferFrom". Two or more base classes define function with same name and parameter types.
   --> contract.sol:362:1:
    |
362 | contract MedXToken is PausableToken, MintableToken {
    | ^ (Relevant source part starts here and spans across multiple lines).
Note: Definition in "StandardToken": 
   --> contract.sol:218:3:
    |
218 |   function transferFrom(address _from, address _to, uint256 _value) public returns (bool) {
    |   ^ (Relevant source part starts here and spans across multiple lines).
Note: Definition in "PausableToken": 
   --> contract.sol:345:3:
    |
345 |   function transferFrom(address _from, address _to, uint256 _value) public whenNotPaused returns (bool) {
    |   ^ (Relevant source part starts here and spans across multiple lines).

Error: Functions without implementation must be marked virtual.
  --> contract.sol:56:3:
   |
56 |   function totalSupply() public view returns (uint256);
   |   ^^^^^^^^^^^^^^^^^^^^^^^^^^^^^^^^^^^^^^^^^^^^^^^^^^^^^

Error: Functions without implementation must be marked virtual.
  --> contract.sol:57:3:
   |
57 |   function balanceOf(address who) public view returns (uint256);
   |   ^^^^^^^^^^^^^^^^^^^^^^^^^^^^^^^^^^^^^^^^^^^^^^^^^^^^^^^^^^^^^^

Error: Functions without implementation must be marked virtual.
  --> contract.sol:58:3:
   |
58 |   function transfer(address to, uint256 value) public returns (bool);
   |   ^^^^^^^^^^^^^^^^^^^^^^^^^^^^^^^^^^^^^^^^^^^^^^^^^^^^^^^^^^^^^^^^^^^

Error: Functions without implementation must be marked virtual.
  --> contract.sol:67:3:
   |
67 |   function allowance(address owner, address spender) public view returns (uint256);
   |   ^^^^^^^^^^^^^^^^^^^^^^^^^^^^^^^^^^^^^^^^^^^^^^^^^^^^^^^^^^^^^^^^^^^^^^^^^^^^^^^^^

Error: Functions without implementation must be marked virtual.
  --> contract.sol:68:3:
   |
68 |   function transferFrom(address from, address to, uint256 value) public returns (bool);
   |   ^^^^^^^^^^^^^^^^^^^^^^^^^^^^^^^^^^^^^^^^^^^^^^^^^^^^^^^^^^^^^^^^^^^^^^^^^^^^^^^^^^^^^

Error: Functions without implementation must be marked virtual.
  --> contract.sol:69:3:
   |
69 |   function approve(address spender, uint256 value) public returns (bool);
   |   ^^^^^^^^^^^^^^^^^^^^^^^^^^^^^^^^^^^^^^^^^^^^^^^^^^^^^^^^^^^^^^^^^^^^^^^

Error: Member "sub" not found or not visible after argument-dependent lookup in uint256.
   --> contract.sol:223:23:
    |
223 |     balances[_from] = balances[_from].sub(_value);
    |                       ^^^^^^^^^^^^^^^^^^^


=== applied patch_contract_named_ctor ===
=== iter 1 rc=0 ===
Warning: SPDX license identifier not provided in source file. Before publishing, consider adding a comment containing "SPDX-License-Identifier: <SPDX-License>" to each source file. Use "SPDX-License-Identifier: UNLICENSED" for non-open-source code. Please see https://spdx.org for more information.
--> contract.sol


=== full compile rc=1 ===
Warning: SPDX license identifier not provided in source file. Before publishing, consider adding a comment containing "SPDX-License-Identifier: <SPDX-License>" to each source file. Use "SPDX-License-Identifier: UNLICENSED" for non-open-source code. Please see https://spdx.org for more information.
--> contract.sol

Error: Contract "ERC20Basic" should be marked as abstract.
  --> contract.sol:55:1:
   |
55 | contract ERC20Basic {
   | ^ (Relevant source part starts here and spans across multiple lines).
Note: Missing implementation: 
  --> contract.sol:57:3:
   |
57 |   function balanceOf(address who) public view returns (uint256);
   |   ^^^^^^^^^^^^^^^^^^^^^^^^^^^^^^^^^^^^^^^^^^^^^^^^^^^^^^^^^^^^^^
Note: Missing implementation: 
  --> contract.sol:56:3:
   |
56 |   function totalSupply() public view returns (uint256);
   |   ^^^^^^^^^^^^^^^^^^^^^^^^^^^^^^^^^^^^^^^^^^^^^^^^^^^^^
Note: Missing implementation: 
  --> contract.sol:58:3:
   |
58 |   function transfer(address to, uint256 value) public returns (bool);
   |   ^^^^^^^^^^^^^^^^^^^^^^^^^^^^^^^^^^^^^^^^^^^^^^^^^^^^^^^^^^^^^^^^^^^

Error: Contract "ERC20" should be marked as abstract.
  --> contract.sol:66:1:
   |
66 | contract ERC20 is ERC20Basic {
   | ^ (Relevant source part starts here and spans across multiple lines).
Note: Missing implementation: 
  --> contract.sol:67:3:
   |
67 |   function allowance(address owner, address spender) public view returns (uint256);
   |   ^^^^^^^^^^^^^^^^^^^^^^^^^^^^^^^^^^^^^^^^^^^^^^^^^^^^^^^^^^^^^^^^^^^^^^^^^^^^^^^^^
Note: Missing implementation: 
  --> contract.sol:69:3:
   |
69 |   function approve(address spender, uint256 value) public returns (bool);
   |   ^^^^^^^^^^^^^^^^^^^^^^^^^^^^^^^^^^^^^^^^^^^^^^^^^^^^^^^^^^^^^^^^^^^^^^^
Note: Missing implementation: 
  --> contract.sol:57:3:
   |
57 |   function balanceOf(address who) public view returns (uint256);
   |   ^^^^^^^^^^^^^^^^^^^^^^^^^^^^^^^^^^^^^^^^^^^^^^^^^^^^^^^^^^^^^^
Note: Missing implementation: 
  --> contract.sol:56:3:
   |
56 |   function totalSupply() public view returns (uint256);
   |   ^^^^^^^^^^^^^^^^^^^^^^^^^^^^^^^^^^^^^^^^^^^^^^^^^^^^^
Note: Missing implementation: 
  --> contract.sol:58:3:
   |
58 |   function transfer(address to, uint256 value) public returns (bool);
   |   ^^^^^^^^^^^^^^^^^^^^^^^^^^^^^^^^^^^^^^^^^^^^^^^^^^^^^^^^^^^^^^^^^^^
Note: Missing implementation: 
  --> contract.sol:68:3:
   |
68 |   function transferFrom(address from, address to, uint256 value) public returns (bool);
   |   ^^^^^^^^^^^^^^^^^^^^^^^^^^^^^^^^^^^^^^^^^^^^^^^^^^^^^^^^^^^^^^^^^^^^^^^^^^^^^^^^^^^^^

Error: Overriding function is missing "override" specifier.
   --> contract.sol:171:3:
    |
171 |   function totalSupply() public view returns (uint256) {
    |   ^ (Relevant source part starts here and spans across multiple lines).
Note: Overridden function is here:
  --> contract.sol:56:3:
   |
56 |   function totalSupply() public view returns (uint256);
   |   ^^^^^^^^^^^^^^^^^^^^^^^^^^^^^^^^^^^^^^^^^^^^^^^^^^^^^

Error: Trying to override non-virtual function. Did you forget to add "virtual"?
  --> contract.sol:56:3:
   |
56 |   function totalSupply() public view returns (uint256);
   |   ^^^^^^^^^^^^^^^^^^^^^^^^^^^^^^^^^^^^^^^^^^^^^^^^^^^^^
Note: Overriding function is here:
   --> contract.sol:171:3:
    |
171 |   function totalSupply() public view returns (uint256) {
    |   ^ (Relevant source part starts here and spans across multiple lines).

Error: Overriding function is missing "override" specifier.
   --> contract.sol:180:3:
    |
180 |   function transfer(address _to, uint256 _value) public returns (bool) {
    |   ^ (Relevant source part starts here and spans across multiple lines).
Note: Overridden function is here:
  --> contract.sol:58:3:
   |
58 |   function transfer(address to, uint256 value) public returns (bool);
   |   ^^^^^^^^^^^^^^^^^^^^^^^^^^^^^^^^^^^^^^^^^^^^^^^^^^^^^^^^^^^^^^^^^^^

Error: Trying to override non-virtual function. Did you forget to add "virtual"?
  --> contract.sol:58:3:
   |
58 |   function transfer(address to, uint256 value) public returns (bool);
   |   ^^^^^^^^^^^^^^^^^^^^^^^^^^^^^^^^^^^^^^^^^^^^^^^^^^^^^^^^^^^^^^^^^^^
Note: Overriding function is here:
   --> contract.sol:180:3:
    |
180 |   function transfer(address _to, uint256 _value) public returns (bool) {
    |   ^ (Relevant source part starts here and spans across multiple lines).

Error: Overriding function is missing "override" specifier.
   --> contract.sol:195:3:
    |
195 |   function balanceOf(address _owner) public view returns (uint256) {
    |   ^ (Relevant source part starts here and spans across multiple lines).
Note: Overridden function is here:
  --> contract.sol:57:3:
   |
57 |   function balanceOf(address who) public view returns (uint256);
   |   ^^^^^^^^^^^^^^^^^^^^^^^^^^^^^^^^^^^^^^^^^^^^^^^^^^^^^^^^^^^^^^

Error: Trying to override non-virtual function. Did you forget to add "virtual"?
  --> contract.sol:57:3:
   |
57 |   function balanceOf(address who) public view returns (uint256);
   |   ^^^^^^^^^^^^^^^^^^^^^^^^^^^^^^^^^^^^^^^^^^^^^^^^^^^^^^^^^^^^^^
Note: Overriding function is here:
   --> contract.sol:195:3:
    |
195 |   function balanceOf(address _owner) public view returns (uint256) {
    |   ^ (Relevant source part starts here and spans across multiple lines).

Error: Overriding function is missing "override" specifier.
   --> contract.sol:218:3:
    |
218 |   function transferFrom(address _from, address _to, uint256 _value) public returns (bool) {
    |   ^ (Relevant source part starts here and spans across multiple lines).
Note: Overridden function is here:
  --> contract.sol:68:3:
   |
68 |   function transferFrom(address from, address to, uint256 value) public returns (bool);
   |   ^^^^^^^^^^^^^^^^^^^^^^^^^^^^^^^^^^^^^^^^^^^^^^^^^^^^^^^^^^^^^^^^^^^^^^^^^^^^^^^^^^^^^

Error: Trying to override non-virtual function. Did you forget to add "virtual"?
  --> contract.sol:68:3:
   |
68 |   function transferFrom(address from, address to, uint256 value) public returns (bool);
   |   ^^^^^^^^^^^^^^^^^^^^^^^^^^^^^^^^^^^^^^^^^^^^^^^^^^^^^^^^^^^^^^^^^^^^^^^^^^^^^^^^^^^^^
Note: Overriding function is here:
   --> contract.sol:218:3:
    |
218 |   function transferFrom(address _from, address _to, uint256 _value) public returns (bool) {
    |   ^ (Relevant source part starts here and spans across multiple lines).

Error: Overriding function is missing "override" specifier.
   --> contract.sol:240:3:
    |
240 |   function approve(address _spender, uint256 _value) public returns (bool) {
    |   ^ (Relevant source part starts here and spans across multiple lines).
Note: Overridden function is here:
  --> contract.sol:69:3:
   |
69 |   function approve(address spender, uint256 value) public returns (bool);
   |   ^^^^^^^^^^^^^^^^^^^^^^^^^^^^^^^^^^^^^^^^^^^^^^^^^^^^^^^^^^^^^^^^^^^^^^^

Error: Trying to override non-virtual function. Did you forget to add "virtual"?
  --> contract.sol:69:3:
   |
69 |   function approve(address spender, uint256 value) public returns (bool);
   |   ^^^^^^^^^^^^^^^^^^^^^^^^^^^^^^^^^^^^^^^^^^^^^^^^^^^^^^^^^^^^^^^^^^^^^^^
Note: Overriding function is here:
   --> contract.sol:240:3:
    |
240 |   function approve(address _spender, uint256 _value) public returns (bool) {
    |   ^ (Relevant source part starts here and spans across multiple lines).

Error: Overriding function is missing "override" specifier.
   --> contract.sol:252:3:
    |
252 |   function allowance(address _owner, address _spender) public view returns (uint256) {
    |   ^ (Relevant source part starts here and spans across multiple lines).
Note: Overridden function is here:
  --> contract.sol:67:3:
   |
67 |   function allowance(address owner, address spender) public view returns (uint256);
   |   ^^^^^^^^^^^^^^^^^^^^^^^^^^^^^^^^^^^^^^^^^^^^^^^^^^^^^^^^^^^^^^^^^^^^^^^^^^^^^^^^^

Error: Trying to override non-virtual function. Did you forget to add "virtual"?
  --> contract.sol:67:3:
   |
67 |   function allowance(address owner, address spender) public view returns (uint256);
   |   ^^^^^^^^^^^^^^^^^^^^^^^^^^^^^^^^^^^^^^^^^^^^^^^^^^^^^^^^^^^^^^^^^^^^^^^^^^^^^^^^^
Note: Overriding function is here:
   --> contract.sol:252:3:
    |
252 |   function allowance(address _owner, address _spender) public view returns (uint256) {
    |   ^ (Relevant source part starts here and spans across multiple lines).

Error: Overriding function is missing "override" specifier.
   --> contract.sol:341:3:
    |
341 |   function transfer(address _to, uint256 _value) public whenNotPaused returns (bool) {
    |   ^ (Relevant source part starts here and spans across multiple lines).
Note: Overridden function is here:
  --> contract.sol:58:3:
   |
58 |   function transfer(address to, uint256 value) public returns (bool);
   |   ^^^^^^^^^^^^^^^^^^^^^^^^^^^^^^^^^^^^^^^^^^^^^^^^^^^^^^^^^^^^^^^^^^^

Error: Trying to override non-virtual function. Did you forget to add "virtual"?
  --> contract.sol:58:3:
   |
58 |   function transfer(address to, uint256 value) public returns (bool);
   |   ^^^^^^^^^^^^^^^^^^^^^^^^^^^^^^^^^^^^^^^^^^^^^^^^^^^^^^^^^^^^^^^^^^^
Note: Overriding function is here:
   --> contract.sol:341:3:
    |
341 |   function transfer(address _to, uint256 _value) public whenNotPaused returns (bool) {
    |   ^ (Relevant source part starts here and spans across multiple lines).

Error: Overriding function is missing "override" specifier.
   --> contract.sol:341:3:
    |
341 |   function transfer(address _to, uint256 _value) public whenNotPaused returns (bool) {
    |   ^ (Relevant source part starts here and spans across multiple lines).
Note: Overridden function is here:
   --> contract.sol:180:3:
    |
180 |   function transfer(address _to, uint256 _value) public returns (bool) {
    |   ^ (Relevant source part starts here and spans across multiple lines).

Error: Trying to override non-virtual function. Did you forget to add "virtual"?
   --> contract.sol:180:3:
    |
180 |   function transfer(address _to, uint256 _value) public returns (bool) {
    |   ^ (Relevant source part starts here and spans across multiple lines).
Note: Overriding function is here:
   --> contract.sol:341:3:
    |
341 |   function transfer(address _to, uint256 _value) public whenNotPaused returns (bool) {
    |   ^ (Relevant source part starts here and spans across multiple lines).

Error: Function needs to specify overridden contracts "BasicToken" and "ERC20Basic".
   --> contract.sol:341:3:
    |
341 |   function transfer(address _to, uint256 _value) public whenNotPaused returns (bool) {
    |   ^ (Relevant source part starts here and spans across multiple lines).
Note: This contract: 
  --> contract.sol:55:1:
   |
55 | contract ERC20Basic {
   | ^ (Relevant source part starts here and spans across multiple lines).
Note: This contract: 
   --> contract.sol:161:1:
    |
161 | contract BasicToken is ERC20Basic {
    | ^ (Relevant source part starts here and spans across multiple lines).

Error: Overriding function is missing "override" specifier.
   --> contract.sol:345:3:
    |
345 |   function transferFrom(address _from, address _to, uint256 _value) public whenNotPaused returns (bool) {
    |   ^ (Relevant source part starts here and spans across multiple lines).
Note: Overridden function is here:
   --> contract.sol:218:3:
    |
218 |   function transferFrom(address _from, address _to, uint256 _value) public returns (bool) {
    |   ^ (Relevant source part starts here and spans across multiple lines).

Error: Trying to override non-virtual function. Did you forget to add "virtual"?
   --> contract.sol:218:3:
    |
218 |   function transferFrom(address _from, address _to, uint256 _value) public returns (bool) {
    |   ^ (Relevant source part starts here and spans across multiple lines).
Note: Overriding function is here:
   --> contract.sol:345:3:
    |
345 |   function transferFrom(address _from, address _to, uint256 _value) public whenNotPaused returns (bool) {
    |   ^ (Relevant source part starts here and spans across multiple lines).

Error: Overriding function is missing "override" specifier.
   --> contract.sol:349:3:
    |
349 |   function approve(address _spender, uint256 _value) public whenNotPaused returns (bool) {
    |   ^ (Relevant source part starts here and spans across multiple lines).
Note: Overridden function is here:
   --> contract.sol:240:3:
    |
240 |   function approve(address _spender, uint256 _value) public returns (bool) {
    |   ^ (Relevant source part starts here and spans across multiple lines).

Error: Trying to override non-virtual function. Did you forget to add "virtual"?
   --> contract.sol:240:3:
    |
240 |   function approve(address _spender, uint256 _value) public returns (bool) {
    |   ^ (Relevant source part starts here and spans across multiple lines).
Note: Overriding function is here:
   --> contract.sol:349:3:
    |
349 |   function approve(address _spender, uint256 _value) public whenNotPaused returns (bool) {
    |   ^ (Relevant source part starts here and spans across multiple lines).

Error: Overriding function is missing "override" specifier.
   --> contract.sol:353:3:
    |
353 |   function increaseApproval(address _spender, uint _addedValue) public whenNotPaused returns (bool success) {
    |   ^ (Relevant source part starts here and spans across multiple lines).
Note: Overridden function is here:
   --> contract.sol:266:3:
    |
266 |   function increaseApproval(address _spender, uint _addedValue) public returns (bool) {
    |   ^ (Relevant source part starts here and spans across multiple lines).

Error: Trying to override non-virtual function. Did you forget to add "virtual"?
   --> contract.sol:266:3:
    |
266 |   function increaseApproval(address _spender, uint _addedValue) public returns (bool) {
    |   ^ (Relevant source part starts here and spans across multiple lines).
Note: Overriding function is here:
   --> contract.sol:353:3:
    |
353 |   function increaseApproval(address _spender, uint _addedValue) public whenNotPaused returns (bool success) {
    |   ^ (Relevant source part starts here and spans across multiple lines).

Error: Overriding function is missing "override" specifier.
   --> contract.sol:357:3:
    |
357 |   function decreaseApproval(address _spender, uint _subtractedValue) public whenNotPaused returns (bool success) {
    |   ^ (Relevant source part starts here and spans across multiple lines).
Note: Overridden function is here:
   --> contract.sol:282:3:
    |
282 |   function decreaseApproval(address _spender, uint _subtractedValue) public returns (bool) {
    |   ^ (Relevant source part starts here and spans across multiple lines).

Error: Trying to override non-virtual function. Did you forget to add "virtual"?
   --> contract.sol:282:3:
    |
282 |   function decreaseApproval(address _spender, uint _subtractedValue) public returns (bool) {
    |   ^ (Relevant source part starts here and spans across multiple lines).
Note: Overriding function is here:
   --> contract.sol:357:3:
    |
357 |   function decreaseApproval(address _spender, uint _subtractedValue) public whenNotPaused returns (bool success) {
    |   ^ (Relevant source part starts here and spans across multiple lines).

Error: Derived contract must override function "approve". Two or more base classes define function with same name and parameter types.
   --> contract.sol:362:1:
    |
362 | contract MedXToken is PausableToken, MintableToken {
    | ^ (Relevant source part starts here and spans across multiple lines).
Note: Definition in "StandardToken": 
   --> contract.sol:240:3:
    |
240 |   function approve(address _spender, uint256 _value) public returns (bool) {
    |   ^ (Relevant source part starts here and spans across multiple lines).
Note: Definition in "PausableToken": 
   --> contract.sol:349:3:
    |
349 |   function approve(address _spender, uint256 _value) public whenNotPaused returns (bool) {
    |   ^ (Relevant source part starts here and spans across multiple lines).

Error: Derived contract must override function "decreaseApproval". Two or more base classes define function with same name and parameter types.
   --> contract.sol:362:1:
    |
362 | contract MedXToken is PausableToken, MintableToken {
    | ^ (Relevant source part starts here and spans across multiple lines).
Note: Definition in "StandardToken": 
   --> contract.sol:282:3:
    |
282 |   function decreaseApproval(address _spender, uint _subtractedValue) public returns (bool) {
    |   ^ (Relevant source part starts here and spans across multiple lines).
Note: Definition in "PausableToken": 
   --> contract.sol:357:3:
    |
357 |   function decreaseApproval(address _spender, uint _subtractedValue) public whenNotPaused returns (bool success) {
    |   ^ (Relevant source part starts here and spans across multiple lines).

Error: Derived contract must override function "increaseApproval". Two or more base classes define function with same name and parameter types.
   --> contract.sol:362:1:
    |
362 | contract MedXToken is PausableToken, MintableToken {
    | ^ (Relevant source part starts here and spans across multiple lines).
Note: Definition in "StandardToken": 
   --> contract.sol:266:3:
    |
266 |   function increaseApproval(address _spender, uint _addedValue) public returns (bool) {
    |   ^ (Relevant source part starts here and spans across multiple lines).
Note: Definition in "PausableToken": 
   --> contract.sol:353:3:
    |
353 |   function increaseApproval(address _spender, uint _addedValue) public whenNotPaused returns (bool success) {
    |   ^ (Relevant source part starts here and spans across multiple lines).

Error: Derived contract must override function "transfer". Two or more base classes define function with same name and parameter types.
   --> contract.sol:362:1:
    |
362 | contract MedXToken is PausableToken, MintableToken {
    | ^ (Relevant source part starts here and spans across multiple lines).
Note: Definition in "BasicToken": 
   --> contract.sol:180:3:
    |
180 |   function transfer(address _to, uint256 _value) public returns (bool) {
    |   ^ (Relevant source part starts here and spans across multiple lines).
Note: Definition in "PausableToken": 
   --> contract.sol:341:3:
    |
341 |   function transfer(address _to, uint256 _value) public whenNotPaused returns (bool) {
    |   ^ (Relevant source part starts here and spans across multiple lines).

Error: Derived contract must override function "transferFrom". Two or more base classes define function with same name and parameter types.
   --> contract.sol:362:1:
    |
362 | contract MedXToken is PausableToken, MintableToken {
    | ^ (Relevant source part starts here and spans across multiple lines).
Note: Definition in "StandardToken": 
   --> contract.sol:218:3:
    |
218 |   function transferFrom(address _from, address _to, uint256 _value) public returns (bool) {
    |   ^ (Relevant source part starts here and spans across multiple lines).
Note: Definition in "PausableToken": 
   --> contract.sol:345:3:
    |
345 |   function transferFrom(address _from, address _to, uint256 _value) public whenNotPaused returns (bool) {
    |   ^ (Relevant source part starts here and spans across multiple lines).

Error: Functions without implementation must be marked virtual.
  --> contract.sol:56:3:
   |
56 |   function totalSupply() public view returns (uint256);
   |   ^^^^^^^^^^^^^^^^^^^^^^^^^^^^^^^^^^^^^^^^^^^^^^^^^^^^^

Error: Functions without implementation must be marked virtual.
  --> contract.sol:57:3:
   |
57 |   function balanceOf(address who) public view returns (uint256);
   |   ^^^^^^^^^^^^^^^^^^^^^^^^^^^^^^^^^^^^^^^^^^^^^^^^^^^^^^^^^^^^^^

Error: Functions without implementation must be marked virtual.
  --> contract.sol:58:3:
   |
58 |   function transfer(address to, uint256 value) public returns (bool);
   |   ^^^^^^^^^^^^^^^^^^^^^^^^^^^^^^^^^^^^^^^^^^^^^^^^^^^^^^^^^^^^^^^^^^^

Error: Functions without implementation must be marked virtual.
  --> contract.sol:67:3:
   |
67 |   function allowance(address owner, address spender) public view returns (uint256);
   |   ^^^^^^^^^^^^^^^^^^^^^^^^^^^^^^^^^^^^^^^^^^^^^^^^^^^^^^^^^^^^^^^^^^^^^^^^^^^^^^^^^

Error: Functions without implementation must be marked virtual.
  --> contract.sol:68:3:
   |
68 |   function transferFrom(address from, address to, uint256 value) public returns (bool);
   |   ^^^^^^^^^^^^^^^^^^^^^^^^^^^^^^^^^^^^^^^^^^^^^^^^^^^^^^^^^^^^^^^^^^^^^^^^^^^^^^^^^^^^^

Error: Functions without implementation must be marked virtual.
  --> contract.sol:69:3:
   |
69 |   function approve(address spender, uint256 value) public returns (bool);
   |   ^^^^^^^^^^^^^^^^^^^^^^^^^^^^^^^^^^^^^^^^^^^^^^^^^^^^^^^^^^^^^^^^^^^^^^^

Error: Member "sub" not found or not visible after argument-dependent lookup in uint256.
   --> contract.sol:223:23:
    |
223 |     balances[_from] = balances[_from].sub(_value);
    |                       ^^^^^^^^^^^^^^^^^^^


=== applied patch_using_safemath ===
=== iter 2 rc=0 ===
Warning: SPDX license identifier not provided in source file. Before publishing, consider adding a comment containing "SPDX-License-Identifier: <SPDX-License>" to each source file. Use "SPDX-License-Identifier: UNLICENSED" for non-open-source code. Please see https://spdx.org for more information.
--> contract.sol


=== full compile rc=1 ===
Warning: SPDX license identifier not provided in source file. Before publishing, consider adding a comment containing "SPDX-License-Identifier: <SPDX-License>" to each source file. Use "SPDX-License-Identifier: UNLICENSED" for non-open-source code. Please see https://spdx.org for more information.
--> contract.sol

Error: Contract "ERC20Basic" should be marked as abstract.
  --> contract.sol:55:1:
   |
55 | contract ERC20Basic {
   | ^ (Relevant source part starts here and spans across multiple lines).
Note: Missing implementation: 
  --> contract.sol:57:3:
   |
57 |   function balanceOf(address who) public view returns (uint256);
   |   ^^^^^^^^^^^^^^^^^^^^^^^^^^^^^^^^^^^^^^^^^^^^^^^^^^^^^^^^^^^^^^
Note: Missing implementation: 
  --> contract.sol:56:3:
   |
56 |   function totalSupply() public view returns (uint256);
   |   ^^^^^^^^^^^^^^^^^^^^^^^^^^^^^^^^^^^^^^^^^^^^^^^^^^^^^
Note: Missing implementation: 
  --> contract.sol:58:3:
   |
58 |   function transfer(address to, uint256 value) public returns (bool);
   |   ^^^^^^^^^^^^^^^^^^^^^^^^^^^^^^^^^^^^^^^^^^^^^^^^^^^^^^^^^^^^^^^^^^^

Error: Contract "ERC20" should be marked as abstract.
  --> contract.sol:66:1:
   |
66 | contract ERC20 is ERC20Basic {
   | ^ (Relevant source part starts here and spans across multiple lines).
Note: Missing implementation: 
  --> contract.sol:67:3:
   |
67 |   function allowance(address owner, address spender) public view returns (uint256);
   |   ^^^^^^^^^^^^^^^^^^^^^^^^^^^^^^^^^^^^^^^^^^^^^^^^^^^^^^^^^^^^^^^^^^^^^^^^^^^^^^^^^
Note: Missing implementation: 
  --> contract.sol:69:3:
   |
69 |   function approve(address spender, uint256 value) public returns (bool);
   |   ^^^^^^^^^^^^^^^^^^^^^^^^^^^^^^^^^^^^^^^^^^^^^^^^^^^^^^^^^^^^^^^^^^^^^^^
Note: Missing implementation: 
  --> contract.sol:57:3:
   |
57 |   function balanceOf(address who) public view returns (uint256);
   |   ^^^^^^^^^^^^^^^^^^^^^^^^^^^^^^^^^^^^^^^^^^^^^^^^^^^^^^^^^^^^^^
Note: Missing implementation: 
  --> contract.sol:56:3:
   |
56 |   function totalSupply() public view returns (uint256);
   |   ^^^^^^^^^^^^^^^^^^^^^^^^^^^^^^^^^^^^^^^^^^^^^^^^^^^^^
Note: Missing implementation: 
  --> contract.sol:58:3:
   |
58 |   function transfer(address to, uint256 value) public returns (bool);
   |   ^^^^^^^^^^^^^^^^^^^^^^^^^^^^^^^^^^^^^^^^^^^^^^^^^^^^^^^^^^^^^^^^^^^
Note: Missing implementation: 
  --> contract.sol:68:3:
   |
68 |   function transferFrom(address from, address to, uint256 value) public returns (bool);
   |   ^^^^^^^^^^^^^^^^^^^^^^^^^^^^^^^^^^^^^^^^^^^^^^^^^^^^^^^^^^^^^^^^^^^^^^^^^^^^^^^^^^^^^

Error: Overriding function is missing "override" specifier.
   --> contract.sol:171:3:
    |
171 |   function totalSupply() public view returns (uint256) {
    |   ^ (Relevant source part starts here and spans across multiple lines).
Note: Overridden function is here:
  --> contract.sol:56:3:
   |
56 |   function totalSupply() public view returns (uint256);
   |   ^^^^^^^^^^^^^^^^^^^^^^^^^^^^^^^^^^^^^^^^^^^^^^^^^^^^^

Error: Trying to override non-virtual function. Did you forget to add "virtual"?
  --> contract.sol:56:3:
   |
56 |   function totalSupply() public view returns (uint256);
   |   ^^^^^^^^^^^^^^^^^^^^^^^^^^^^^^^^^^^^^^^^^^^^^^^^^^^^^
Note: Overriding function is here:
   --> contract.sol:171:3:
    |
171 |   function totalSupply() public view returns (uint256) {
    |   ^ (Relevant source part starts here and spans across multiple lines).

Error: Overriding function is missing "override" specifier.
   --> contract.sol:180:3:
    |
180 |   function transfer(address _to, uint256 _value) public returns (bool) {
    |   ^ (Relevant source part starts here and spans across multiple lines).
Note: Overridden function is here:
  --> contract.sol:58:3:
   |
58 |   function transfer(address to, uint256 value) public returns (bool);
   |   ^^^^^^^^^^^^^^^^^^^^^^^^^^^^^^^^^^^^^^^^^^^^^^^^^^^^^^^^^^^^^^^^^^^

Error: Trying to override non-virtual function. Did you forget to add "virtual"?
  --> contract.sol:58:3:
   |
58 |   function transfer(address to, uint256 value) public returns (bool);
   |   ^^^^^^^^^^^^^^^^^^^^^^^^^^^^^^^^^^^^^^^^^^^^^^^^^^^^^^^^^^^^^^^^^^^
Note: Overriding function is here:
   --> contract.sol:180:3:
    |
180 |   function transfer(address _to, uint256 _value) public returns (bool) {
    |   ^ (Relevant source part starts here and spans across multiple lines).

Error: Overriding function is missing "override" specifier.
   --> contract.sol:195:3:
    |
195 |   function balanceOf(address _owner) public view returns (uint256) {
    |   ^ (Relevant source part starts here and spans across multiple lines).
Note: Overridden function is here:
  --> contract.sol:57:3:
   |
57 |   function balanceOf(address who) public view returns (uint256);
   |   ^^^^^^^^^^^^^^^^^^^^^^^^^^^^^^^^^^^^^^^^^^^^^^^^^^^^^^^^^^^^^^

Error: Trying to override non-virtual function. Did you forget to add "virtual"?
  --> contract.sol:57:3:
   |
57 |   function balanceOf(address who) public view returns (uint256);
   |   ^^^^^^^^^^^^^^^^^^^^^^^^^^^^^^^^^^^^^^^^^^^^^^^^^^^^^^^^^^^^^^
Note: Overriding function is here:
   --> contract.sol:195:3:
    |
195 |   function balanceOf(address _owner) public view returns (uint256) {
    |   ^ (Relevant source part starts here and spans across multiple lines).

Error: Overriding function is missing "override" specifier.
   --> contract.sol:218:3:
    |
218 |   function transferFrom(address _from, address _to, uint256 _value) public returns (bool) {
    |   ^ (Relevant source part starts here and spans across multiple lines).
Note: Overridden function is here:
  --> contract.sol:68:3:
   |
68 |   function transferFrom(address from, address to, uint256 value) public returns (bool);
   |   ^^^^^^^^^^^^^^^^^^^^^^^^^^^^^^^^^^^^^^^^^^^^^^^^^^^^^^^^^^^^^^^^^^^^^^^^^^^^^^^^^^^^^

Error: Trying to override non-virtual function. Did you forget to add "virtual"?
  --> contract.sol:68:3:
   |
68 |   function transferFrom(address from, address to, uint256 value) public returns (bool);
   |   ^^^^^^^^^^^^^^^^^^^^^^^^^^^^^^^^^^^^^^^^^^^^^^^^^^^^^^^^^^^^^^^^^^^^^^^^^^^^^^^^^^^^^
Note: Overriding function is here:
   --> contract.sol:218:3:
    |
218 |   function transferFrom(address _from, address _to, uint256 _value) public returns (bool) {
    |   ^ (Relevant source part starts here and spans across multiple lines).

Error: Overriding function is missing "override" specifier.
   --> contract.sol:240:3:
    |
240 |   function approve(address _spender, uint256 _value) public returns (bool) {
    |   ^ (Relevant source part starts here and spans across multiple lines).
Note: Overridden function is here:
  --> contract.sol:69:3:
   |
69 |   function approve(address spender, uint256 value) public returns (bool);
   |   ^^^^^^^^^^^^^^^^^^^^^^^^^^^^^^^^^^^^^^^^^^^^^^^^^^^^^^^^^^^^^^^^^^^^^^^

Error: Trying to override non-virtual function. Did you forget to add "virtual"?
  --> contract.sol:69:3:
   |
69 |   function approve(address spender, uint256 value) public returns (bool);
   |   ^^^^^^^^^^^^^^^^^^^^^^^^^^^^^^^^^^^^^^^^^^^^^^^^^^^^^^^^^^^^^^^^^^^^^^^
Note: Overriding function is here:
   --> contract.sol:240:3:
    |
240 |   function approve(address _spender, uint256 _value) public returns (bool) {
    |   ^ (Relevant source part starts here and spans across multiple lines).

Error: Overriding function is missing "override" specifier.
   --> contract.sol:252:3:
    |
252 |   function allowance(address _owner, address _spender) public view returns (uint256) {
    |   ^ (Relevant source part starts here and spans across multiple lines).
Note: Overridden function is here:
  --> contract.sol:67:3:
   |
67 |   function allowance(address owner, address spender) public view returns (uint256);
   |   ^^^^^^^^^^^^^^^^^^^^^^^^^^^^^^^^^^^^^^^^^^^^^^^^^^^^^^^^^^^^^^^^^^^^^^^^^^^^^^^^^

Error: Trying to override non-virtual function. Did you forget to add "virtual"?
  --> contract.sol:67:3:
   |
67 |   function allowance(address owner, address spender) public view returns (uint256);
   |   ^^^^^^^^^^^^^^^^^^^^^^^^^^^^^^^^^^^^^^^^^^^^^^^^^^^^^^^^^^^^^^^^^^^^^^^^^^^^^^^^^
Note: Overriding function is here:
   --> contract.sol:252:3:
    |
252 |   function allowance(address _owner, address _spender) public view returns (uint256) {
    |   ^ (Relevant source part starts here and spans across multiple lines).

Error: Overriding function is missing "override" specifier.
   --> contract.sol:341:3:
    |
341 |   function transfer(address _to, uint256 _value) public whenNotPaused returns (bool) {
    |   ^ (Relevant source part starts here and spans across multiple lines).
Note: Overridden function is here:
  --> contract.sol:58:3:
   |
58 |   function transfer(address to, uint256 value) public returns (bool);
   |   ^^^^^^^^^^^^^^^^^^^^^^^^^^^^^^^^^^^^^^^^^^^^^^^^^^^^^^^^^^^^^^^^^^^

Error: Trying to override non-virtual function. Did you forget to add "virtual"?
  --> contract.sol:58:3:
   |
58 |   function transfer(address to, uint256 value) public returns (bool);
   |   ^^^^^^^^^^^^^^^^^^^^^^^^^^^^^^^^^^^^^^^^^^^^^^^^^^^^^^^^^^^^^^^^^^^
Note: Overriding function is here:
   --> contract.sol:341:3:
    |
341 |   function transfer(address _to, uint256 _value) public whenNotPaused returns (bool) {
    |   ^ (Relevant source part starts here and spans across multiple lines).

Error: Overriding function is missing "override" specifier.
   --> contract.sol:341:3:
    |
341 |   function transfer(address _to, uint256 _value) public whenNotPaused returns (bool) {
    |   ^ (Relevant source part starts here and spans across multiple lines).
Note: Overridden function is here:
   --> contract.sol:180:3:
    |
180 |   function transfer(address _to, uint256 _value) public returns (bool) {
    |   ^ (Relevant source part starts here and spans across multiple lines).

Error: Trying to override non-virtual function. Did you forget to add "virtual"?
   --> contract.sol:180:3:
    |
180 |   function transfer(address _to, uint256 _value) public returns (bool) {
    |   ^ (Relevant source part starts here and spans across multiple lines).
Note: Overriding function is here:
   --> contract.sol:341:3:
    |
341 |   function transfer(address _to, uint256 _value) public whenNotPaused returns (bool) {
    |   ^ (Relevant source part starts here and spans across multiple lines).

Error: Function needs to specify overridden contracts "BasicToken" and "ERC20Basic".
   --> contract.sol:341:3:
    |
341 |   function transfer(address _to, uint256 _value) public whenNotPaused returns (bool) {
    |   ^ (Relevant source part starts here and spans across multiple lines).
Note: This contract: 
  --> contract.sol:55:1:
   |
55 | contract ERC20Basic {
   | ^ (Relevant source part starts here and spans across multiple lines).
Note: This contract: 
   --> contract.sol:161:1:
    |
161 | contract BasicToken is ERC20Basic {
    | ^ (Relevant source part starts here and spans across multiple lines).

Error: Overriding function is missing "override" specifier.
   --> contract.sol:345:3:
    |
345 |   function transferFrom(address _from, address _to, uint256 _value) public whenNotPaused returns (bool) {
    |   ^ (Relevant source part starts here and spans across multiple lines).
Note: Overridden function is here:
   --> contract.sol:218:3:
    |
218 |   function transferFrom(address _from, address _to, uint256 _value) public returns (bool) {
    |   ^ (Relevant source part starts here and spans across multiple lines).

Error: Trying to override non-virtual function. Did you forget to add "virtual"?
   --> contract.sol:218:3:
    |
218 |   function transferFrom(address _from, address _to, uint256 _value) public returns (bool) {
    |   ^ (Relevant source part starts here and spans across multiple lines).
Note: Overriding function is here:
   --> contract.sol:345:3:
    |
345 |   function transferFrom(address _from, address _to, uint256 _value) public whenNotPaused returns (bool) {
    |   ^ (Relevant source part starts here and spans across multiple lines).

Error: Overriding function is missing "override" specifier.
   --> contract.sol:349:3:
    |
349 |   function approve(address _spender, uint256 _value) public whenNotPaused returns (bool) {
    |   ^ (Relevant source part starts here and spans across multiple lines).
Note: Overridden function is here:
   --> contract.sol:240:3:
    |
240 |   function approve(address _spender, uint256 _value) public returns (bool) {
    |   ^ (Relevant source part starts here and spans across multiple lines).

Error: Trying to override non-virtual function. Did you forget to add "virtual"?
   --> contract.sol:240:3:
    |
240 |   function approve(address _spender, uint256 _value) public returns (bool) {
    |   ^ (Relevant source part starts here and spans across multiple lines).
Note: Overriding function is here:
   --> contract.sol:349:3:
    |
349 |   function approve(address _spender, uint256 _value) public whenNotPaused returns (bool) {
    |   ^ (Relevant source part starts here and spans across multiple lines).

Error: Overriding function is missing "override" specifier.
   --> contract.sol:353:3:
    |
353 |   function increaseApproval(address _spender, uint _addedValue) public whenNotPaused returns (bool success) {
    |   ^ (Relevant source part starts here and spans across multiple lines).
Note: Overridden function is here:
   --> contract.sol:266:3:
    |
266 |   function increaseApproval(address _spender, uint _addedValue) public returns (bool) {
    |   ^ (Relevant source part starts here and spans across multiple lines).

Error: Trying to override non-virtual function. Did you forget to add "virtual"?
   --> contract.sol:266:3:
    |
266 |   function increaseApproval(address _spender, uint _addedValue) public returns (bool) {
    |   ^ (Relevant source part starts here and spans across multiple lines).
Note: Overriding function is here:
   --> contract.sol:353:3:
    |
353 |   function increaseApproval(address _spender, uint _addedValue) public whenNotPaused returns (bool success) {
    |   ^ (Relevant source part starts here and spans across multiple lines).

Error: Overriding function is missing "override" specifier.
   --> contract.sol:357:3:
    |
357 |   function decreaseApproval(address _spender, uint _subtractedValue) public whenNotPaused returns (bool success) {
    |   ^ (Relevant source part starts here and spans across multiple lines).
Note: Overridden function is here:
   --> contract.sol:282:3:
    |
282 |   function decreaseApproval(address _spender, uint _subtractedValue) public returns (bool) {
    |   ^ (Relevant source part starts here and spans across multiple lines).

Error: Trying to override non-virtual function. Did you forget to add "virtual"?
   --> contract.sol:282:3:
    |
282 |   function decreaseApproval(address _spender, uint _subtractedValue) public returns (bool) {
    |   ^ (Relevant source part starts here and spans across multiple lines).
Note: Overriding function is here:
   --> contract.sol:357:3:
    |
357 |   function decreaseApproval(address _spender, uint _subtractedValue) public whenNotPaused returns (bool success) {
    |   ^ (Relevant source part starts here and spans across multiple lines).

Error: Derived contract must override function "approve". Two or more base classes define function with same name and parameter types.
   --> contract.sol:362:1:
    |
362 | contract MedXToken is PausableToken, MintableToken {
    | ^ (Relevant source part starts here and spans across multiple lines).
Note: Definition in "StandardToken": 
   --> contract.sol:240:3:
    |
240 |   function approve(address _spender, uint256 _value) public returns (bool) {
    |   ^ (Relevant source part starts here and spans across multiple lines).
Note: Definition in "PausableToken": 
   --> contract.sol:349:3:
    |
349 |   function approve(address _spender, uint256 _value) public whenNotPaused returns (bool) {
    |   ^ (Relevant source part starts here and spans across multiple lines).

Error: Derived contract must override function "decreaseApproval". Two or more base classes define function with same name and parameter types.
   --> contract.sol:362:1:
    |
362 | contract MedXToken is PausableToken, MintableToken {
    | ^ (Relevant source part starts here and spans across multiple lines).
Note: Definition in "StandardToken": 
   --> contract.sol:282:3:
    |
282 |   function decreaseApproval(address _spender, uint _subtractedValue) public returns (bool) {
    |   ^ (Relevant source part starts here and spans across multiple lines).
Note: Definition in "PausableToken": 
   --> contract.sol:357:3:
    |
357 |   function decreaseApproval(address _spender, uint _subtractedValue) public whenNotPaused returns (bool success) {
    |   ^ (Relevant source part starts here and spans across multiple lines).

Error: Derived contract must override function "increaseApproval". Two or more base classes define function with same name and parameter types.
   --> contract.sol:362:1:
    |
362 | contract MedXToken is PausableToken, MintableToken {
    | ^ (Relevant source part starts here and spans across multiple lines).
Note: Definition in "StandardToken": 
   --> contract.sol:266:3:
    |
266 |   function increaseApproval(address _spender, uint _addedValue) public returns (bool) {
    |   ^ (Relevant source part starts here and spans across multiple lines).
Note: Definition in "PausableToken": 
   --> contract.sol:353:3:
    |
353 |   function increaseApproval(address _spender, uint _addedValue) public whenNotPaused returns (bool success) {
    |   ^ (Relevant source part starts here and spans across multiple lines).

Error: Derived contract must override function "transfer". Two or more base classes define function with same name and parameter types.
   --> contract.sol:362:1:
    |
362 | contract MedXToken is PausableToken, MintableToken {
    | ^ (Relevant source part starts here and spans across multiple lines).
Note: Definition in "BasicToken": 
   --> contract.sol:180:3:
    |
180 |   function transfer(address _to, uint256 _value) public returns (bool) {
    |   ^ (Relevant source part starts here and spans across multiple lines).
Note: Definition in "PausableToken": 
   --> contract.sol:341:3:
    |
341 |   function transfer(address _to, uint256 _value) public whenNotPaused returns (bool) {
    |   ^ (Relevant source part starts here and spans across multiple lines).

Error: Derived contract must override function "transferFrom". Two or more base classes define function with same name and parameter types.
   --> contract.sol:362:1:
    |
362 | contract MedXToken is PausableToken, MintableToken {
    | ^ (Relevant source part starts here and spans across multiple lines).
Note: Definition in "StandardToken": 
   --> contract.sol:218:3:
    |
218 |   function transferFrom(address _from, address _to, uint256 _value) public returns (bool) {
    |   ^ (Relevant source part starts here and spans across multiple lines).
Note: Definition in "PausableToken": 
   --> contract.sol:345:3:
    |
345 |   function transferFrom(address _from, address _to, uint256 _value) public whenNotPaused returns (bool) {
    |   ^ (Relevant source part starts here and spans across multiple lines).

Error: Functions without implementation must be marked virtual.
  --> contract.sol:56:3:
   |
56 |   function totalSupply() public view returns (uint256);
   |   ^^^^^^^^^^^^^^^^^^^^^^^^^^^^^^^^^^^^^^^^^^^^^^^^^^^^^

Error: Functions without implementation must be marked virtual.
  --> contract.sol:57:3:
   |
57 |   function balanceOf(address who) public view returns (uint256);
   |   ^^^^^^^^^^^^^^^^^^^^^^^^^^^^^^^^^^^^^^^^^^^^^^^^^^^^^^^^^^^^^^

Error: Functions without implementation must be marked virtual.
  --> contract.sol:58:3:
   |
58 |   function transfer(address to, uint256 value) public returns (bool);
   |   ^^^^^^^^^^^^^^^^^^^^^^^^^^^^^^^^^^^^^^^^^^^^^^^^^^^^^^^^^^^^^^^^^^^

Error: Functions without implementation must be marked virtual.
  --> contract.sol:67:3:
   |
67 |   function allowance(address owner, address spender) public view returns (uint256);
   |   ^^^^^^^^^^^^^^^^^^^^^^^^^^^^^^^^^^^^^^^^^^^^^^^^^^^^^^^^^^^^^^^^^^^^^^^^^^^^^^^^^

Error: Functions without implementation must be marked virtual.
  --> contract.sol:68:3:
   |
68 |   function transferFrom(address from, address to, uint256 value) public returns (bool);
   |   ^^^^^^^^^^^^^^^^^^^^^^^^^^^^^^^^^^^^^^^^^^^^^^^^^^^^^^^^^^^^^^^^^^^^^^^^^^^^^^^^^^^^^

Error: Functions without implementation must be marked virtual.
  --> contract.sol:69:3:
   |
69 |   function approve(address spender, uint256 value) public returns (bool);
   |   ^^^^^^^^^^^^^^^^^^^^^^^^^^^^^^^^^^^^^^^^^^^^^^^^^^^^^^^^^^^^^^^^^^^^^^^


=== applied patch_virtual_unimpl ===
=== iter 3 rc=0 ===
Warning: SPDX license identifier not provided in source file. Before publishing, consider adding a comment containing "SPDX-License-Identifier: <SPDX-License>" to each source file. Use "SPDX-License-Identifier: UNLICENSED" for non-open-source code. Please see https://spdx.org for more information.
--> contract.sol


=== full compile rc=1 ===
Warning: SPDX license identifier not provided in source file. Before publishing, consider adding a comment containing "SPDX-License-Identifier: <SPDX-License>" to each source file. Use "SPDX-License-Identifier: UNLICENSED" for non-open-source code. Please see https://spdx.org for more information.
--> contract.sol

Error: Contract "ERC20Basic" should be marked as abstract.
  --> contract.sol:55:1:
   |
55 | contract ERC20Basic {
   | ^ (Relevant source part starts here and spans across multiple lines).
Note: Missing implementation: 
  --> contract.sol:57:3:
   |
57 |   function balanceOf(address who) public view virtual returns (uint256);
   |   ^^^^^^^^^^^^^^^^^^^^^^^^^^^^^^^^^^^^^^^^^^^^^^^^^^^^^^^^^^^^^^^^^^^^^^
Note: Missing implementation: 
  --> contract.sol:56:3:
   |
56 |   function totalSupply() public view virtual returns (uint256);
   |   ^^^^^^^^^^^^^^^^^^^^^^^^^^^^^^^^^^^^^^^^^^^^^^^^^^^^^^^^^^^^^
Note: Missing implementation: 
  --> contract.sol:58:3:
   |
58 |   function transfer(address to, uint256 value) public virtual returns (bool);
   |   ^^^^^^^^^^^^^^^^^^^^^^^^^^^^^^^^^^^^^^^^^^^^^^^^^^^^^^^^^^^^^^^^^^^^^^^^^^^

Error: Contract "ERC20" should be marked as abstract.
  --> contract.sol:66:1:
   |
66 | contract ERC20 is ERC20Basic {
   | ^ (Relevant source part starts here and spans across multiple lines).
Note: Missing implementation: 
  --> contract.sol:67:3:
   |
67 |   function allowance(address owner, address spender) public view virtual returns (uint256);
   |   ^^^^^^^^^^^^^^^^^^^^^^^^^^^^^^^^^^^^^^^^^^^^^^^^^^^^^^^^^^^^^^^^^^^^^^^^^^^^^^^^^^^^^^^^^
Note: Missing implementation: 
  --> contract.sol:69:3:
   |
69 |   function approve(address spender, uint256 value) public virtual returns (bool);
   |   ^^^^^^^^^^^^^^^^^^^^^^^^^^^^^^^^^^^^^^^^^^^^^^^^^^^^^^^^^^^^^^^^^^^^^^^^^^^^^^^
Note: Missing implementation: 
  --> contract.sol:57:3:
   |
57 |   function balanceOf(address who) public view virtual returns (uint256);
   |   ^^^^^^^^^^^^^^^^^^^^^^^^^^^^^^^^^^^^^^^^^^^^^^^^^^^^^^^^^^^^^^^^^^^^^^
Note: Missing implementation: 
  --> contract.sol:56:3:
   |
56 |   function totalSupply() public view virtual returns (uint256);
   |   ^^^^^^^^^^^^^^^^^^^^^^^^^^^^^^^^^^^^^^^^^^^^^^^^^^^^^^^^^^^^^
Note: Missing implementation: 
  --> contract.sol:58:3:
   |
58 |   function transfer(address to, uint256 value) public virtual returns (bool);
   |   ^^^^^^^^^^^^^^^^^^^^^^^^^^^^^^^^^^^^^^^^^^^^^^^^^^^^^^^^^^^^^^^^^^^^^^^^^^^
Note: Missing implementation: 
  --> contract.sol:68:3:
   |
68 |   function transferFrom(address from, address to, uint256 value) public virtual returns (bool);
   |   ^^^^^^^^^^^^^^^^^^^^^^^^^^^^^^^^^^^^^^^^^^^^^^^^^^^^^^^^^^^^^^^^^^^^^^^^^^^^^^^^^^^^^^^^^^^^^

Error: Overriding function is missing "override" specifier.
   --> contract.sol:171:3:
    |
171 |   function totalSupply() public view returns (uint256) {
    |   ^ (Relevant source part starts here and spans across multiple lines).
Note: Overridden function is here:
  --> contract.sol:56:3:
   |
56 |   function totalSupply() public view virtual returns (uint256);
   |   ^^^^^^^^^^^^^^^^^^^^^^^^^^^^^^^^^^^^^^^^^^^^^^^^^^^^^^^^^^^^^

Error: Overriding function is missing "override" specifier.
   --> contract.sol:180:3:
    |
180 |   function transfer(address _to, uint256 _value) public returns (bool) {
    |   ^ (Relevant source part starts here and spans across multiple lines).
Note: Overridden function is here:
  --> contract.sol:58:3:
   |
58 |   function transfer(address to, uint256 value) public virtual returns (bool);
   |   ^^^^^^^^^^^^^^^^^^^^^^^^^^^^^^^^^^^^^^^^^^^^^^^^^^^^^^^^^^^^^^^^^^^^^^^^^^^

Error: Overriding function is missing "override" specifier.
   --> contract.sol:195:3:
    |
195 |   function balanceOf(address _owner) public view returns (uint256) {
    |   ^ (Relevant source part starts here and spans across multiple lines).
Note: Overridden function is here:
  --> contract.sol:57:3:
   |
57 |   function balanceOf(address who) public view virtual returns (uint256);
   |   ^^^^^^^^^^^^^^^^^^^^^^^^^^^^^^^^^^^^^^^^^^^^^^^^^^^^^^^^^^^^^^^^^^^^^^

Error: Overriding function is missing "override" specifier.
   --> contract.sol:218:3:
    |
218 |   function transferFrom(address _from, address _to, uint256 _value) public returns (bool) {
    |   ^ (Relevant source part starts here and spans across multiple lines).
Note: Overridden function is here:
  --> contract.sol:68:3:
   |
68 |   function transferFrom(address from, address to, uint256 value) public virtual returns (bool);
   |   ^^^^^^^^^^^^^^^^^^^^^^^^^^^^^^^^^^^^^^^^^^^^^^^^^^^^^^^^^^^^^^^^^^^^^^^^^^^^^^^^^^^^^^^^^^^^^

Error: Overriding function is missing "override" specifier.
   --> contract.sol:240:3:
    |
240 |   function approve(address _spender, uint256 _value) public returns (bool) {
    |   ^ (Relevant source part starts here and spans across multiple lines).
Note: Overridden function is here:
  --> contract.sol:69:3:
   |
69 |   function approve(address spender, uint256 value) public virtual returns (bool);
   |   ^^^^^^^^^^^^^^^^^^^^^^^^^^^^^^^^^^^^^^^^^^^^^^^^^^^^^^^^^^^^^^^^^^^^^^^^^^^^^^^

Error: Overriding function is missing "override" specifier.
   --> contract.sol:252:3:
    |
252 |   function allowance(address _owner, address _spender) public view returns (uint256) {
    |   ^ (Relevant source part starts here and spans across multiple lines).
Note: Overridden function is here:
  --> contract.sol:67:3:
   |
67 |   function allowance(address owner, address spender) public view virtual returns (uint256);
   |   ^^^^^^^^^^^^^^^^^^^^^^^^^^^^^^^^^^^^^^^^^^^^^^^^^^^^^^^^^^^^^^^^^^^^^^^^^^^^^^^^^^^^^^^^^

Error: Overriding function is missing "override" specifier.
   --> contract.sol:341:3:
    |
341 |   function transfer(address _to, uint256 _value) public whenNotPaused returns (bool) {
    |   ^ (Relevant source part starts here and spans across multiple lines).
Note: Overridden function is here:
  --> contract.sol:58:3:
   |
58 |   function transfer(address to, uint256 value) public virtual returns (bool);
   |   ^^^^^^^^^^^^^^^^^^^^^^^^^^^^^^^^^^^^^^^^^^^^^^^^^^^^^^^^^^^^^^^^^^^^^^^^^^^

Error: Overriding function is missing "override" specifier.
   --> contract.sol:341:3:
    |
341 |   function transfer(address _to, uint256 _value) public whenNotPaused returns (bool) {
    |   ^ (Relevant source part starts here and spans across multiple lines).
Note: Overridden function is here:
   --> contract.sol:180:3:
    |
180 |   function transfer(address _to, uint256 _value) public returns (bool) {
    |   ^ (Relevant source part starts here and spans across multiple lines).

Error: Trying to override non-virtual function. Did you forget to add "virtual"?
   --> contract.sol:180:3:
    |
180 |   function transfer(address _to, uint256 _value) public returns (bool) {
    |   ^ (Relevant source part starts here and spans across multiple lines).
Note: Overriding function is here:
   --> contract.sol:341:3:
    |
341 |   function transfer(address _to, uint256 _value) public whenNotPaused returns (bool) {
    |   ^ (Relevant source part starts here and spans across multiple lines).

Error: Function needs to specify overridden contracts "BasicToken" and "ERC20Basic".
   --> contract.sol:341:3:
    |
341 |   function transfer(address _to, uint256 _value) public whenNotPaused returns (bool) {
    |   ^ (Relevant source part starts here and spans across multiple lines).
Note: This contract: 
  --> contract.sol:55:1:
   |
55 | contract ERC20Basic {
   | ^ (Relevant source part starts here and spans across multiple lines).
Note: This contract: 
   --> contract.sol:161:1:
    |
161 | contract BasicToken is ERC20Basic {
    | ^ (Relevant source part starts here and spans across multiple lines).

Error: Overriding function is missing "override" specifier.
   --> contract.sol:345:3:
    |
345 |   function transferFrom(address _from, address _to, uint256 _value) public whenNotPaused returns (bool) {
    |   ^ (Relevant source part starts here and spans across multiple lines).
Note: Overridden function is here:
   --> contract.sol:218:3:
    |
218 |   function transferFrom(address _from, address _to, uint256 _value) public returns (bool) {
    |   ^ (Relevant source part starts here and spans across multiple lines).

Error: Trying to override non-virtual function. Did you forget to add "virtual"?
   --> contract.sol:218:3:
    |
218 |   function transferFrom(address _from, address _to, uint256 _value) public returns (bool) {
    |   ^ (Relevant source part starts here and spans across multiple lines).
Note: Overriding function is here:
   --> contract.sol:345:3:
    |
345 |   function transferFrom(address _from, address _to, uint256 _value) public whenNotPaused returns (bool) {
    |   ^ (Relevant source part starts here and spans across multiple lines).

Error: Overriding function is missing "override" specifier.
   --> contract.sol:349:3:
    |
349 |   function approve(address _spender, uint256 _value) public whenNotPaused returns (bool) {
    |   ^ (Relevant source part starts here and spans across multiple lines).
Note: Overridden function is here:
   --> contract.sol:240:3:
    |
240 |   function approve(address _spender, uint256 _value) public returns (bool) {
    |   ^ (Relevant source part starts here and spans across multiple lines).

Error: Trying to override non-virtual function. Did you forget to add "virtual"?
   --> contract.sol:240:3:
    |
240 |   function approve(address _spender, uint256 _value) public returns (bool) {
    |   ^ (Relevant source part starts here and spans across multiple lines).
Note: Overriding function is here:
   --> contract.sol:349:3:
    |
349 |   function approve(address _spender, uint256 _value) public whenNotPaused returns (bool) {
    |   ^ (Relevant source part starts here and spans across multiple lines).

Error: Overriding function is missing "override" specifier.
   --> contract.sol:353:3:
    |
353 |   function increaseApproval(address _spender, uint _addedValue) public whenNotPaused returns (bool success) {
    |   ^ (Relevant source part starts here and spans across multiple lines).
Note: Overridden function is here:
   --> contract.sol:266:3:
    |
266 |   function increaseApproval(address _spender, uint _addedValue) public returns (bool) {
    |   ^ (Relevant source part starts here and spans across multiple lines).

Error: Trying to override non-virtual function. Did you forget to add "virtual"?
   --> contract.sol:266:3:
    |
266 |   function increaseApproval(address _spender, uint _addedValue) public returns (bool) {
    |   ^ (Relevant source part starts here and spans across multiple lines).
Note: Overriding function is here:
   --> contract.sol:353:3:
    |
353 |   function increaseApproval(address _spender, uint _addedValue) public whenNotPaused returns (bool success) {
    |   ^ (Relevant source part starts here and spans across multiple lines).

Error: Overriding function is missing "override" specifier.
   --> contract.sol:357:3:
    |
357 |   function decreaseApproval(address _spender, uint _subtractedValue) public whenNotPaused returns (bool success) {
    |   ^ (Relevant source part starts here and spans across multiple lines).
Note: Overridden function is here:
   --> contract.sol:282:3:
    |
282 |   function decreaseApproval(address _spender, uint _subtractedValue) public returns (bool) {
    |   ^ (Relevant source part starts here and spans across multiple lines).

Error: Trying to override non-virtual function. Did you forget to add "virtual"?
   --> contract.sol:282:3:
    |
282 |   function decreaseApproval(address _spender, uint _subtractedValue) public returns (bool) {
    |   ^ (Relevant source part starts here and spans across multiple lines).
Note: Overriding function is here:
   --> contract.sol:357:3:
    |
357 |   function decreaseApproval(address _spender, uint _subtractedValue) public whenNotPaused returns (bool success) {
    |   ^ (Relevant source part starts here and spans across multiple lines).

Error: Derived contract must override function "approve". Two or more base classes define function with same name and parameter types.
   --> contract.sol:362:1:
    |
362 | contract MedXToken is PausableToken, MintableToken {
    | ^ (Relevant source part starts here and spans across multiple lines).
Note: Definition in "StandardToken": 
   --> contract.sol:240:3:
    |
240 |   function approve(address _spender, uint256 _value) public returns (bool) {
    |   ^ (Relevant source part starts here and spans across multiple lines).
Note: Definition in "PausableToken": 
   --> contract.sol:349:3:
    |
349 |   function approve(address _spender, uint256 _value) public whenNotPaused returns (bool) {
    |   ^ (Relevant source part starts here and spans across multiple lines).

Error: Derived contract must override function "decreaseApproval". Two or more base classes define function with same name and parameter types.
   --> contract.sol:362:1:
    |
362 | contract MedXToken is PausableToken, MintableToken {
    | ^ (Relevant source part starts here and spans across multiple lines).
Note: Definition in "StandardToken": 
   --> contract.sol:282:3:
    |
282 |   function decreaseApproval(address _spender, uint _subtractedValue) public returns (bool) {
    |   ^ (Relevant source part starts here and spans across multiple lines).
Note: Definition in "PausableToken": 
   --> contract.sol:357:3:
    |
357 |   function decreaseApproval(address _spender, uint _subtractedValue) public whenNotPaused returns (bool success) {
    |   ^ (Relevant source part starts here and spans across multiple lines).

Error: Derived contract must override function "increaseApproval". Two or more base classes define function with same name and parameter types.
   --> contract.sol:362:1:
    |
362 | contract MedXToken is PausableToken, MintableToken {
    | ^ (Relevant source part starts here and spans across multiple lines).
Note: Definition in "StandardToken": 
   --> contract.sol:266:3:
    |
266 |   function increaseApproval(address _spender, uint _addedValue) public returns (bool) {
    |   ^ (Relevant source part starts here and spans across multiple lines).
Note: Definition in "PausableToken": 
   --> contract.sol:353:3:
    |
353 |   function increaseApproval(address _spender, uint _addedValue) public whenNotPaused returns (bool success) {
    |   ^ (Relevant source part starts here and spans across multiple lines).

Error: Derived contract must override function "transfer". Two or more base classes define function with same name and parameter types.
   --> contract.sol:362:1:
    |
362 | contract MedXToken is PausableToken, MintableToken {
    | ^ (Relevant source part starts here and spans across multiple lines).
Note: Definition in "BasicToken": 
   --> contract.sol:180:3:
    |
180 |   function transfer(address _to, uint256 _value) public returns (bool) {
    |   ^ (Relevant source part starts here and spans across multiple lines).
Note: Definition in "PausableToken": 
   --> contract.sol:341:3:
    |
341 |   function transfer(address _to, uint256 _value) public whenNotPaused returns (bool) {
    |   ^ (Relevant source part starts here and spans across multiple lines).

Error: Derived contract must override function "transferFrom". Two or more base classes define function with same name and parameter types.
   --> contract.sol:362:1:
    |
362 | contract MedXToken is PausableToken, MintableToken {
    | ^ (Relevant source part starts here and spans across multiple lines).
Note: Definition in "StandardToken": 
   --> contract.sol:218:3:
    |
218 |   function transferFrom(address _from, address _to, uint256 _value) public returns (bool) {
    |   ^ (Relevant source part starts here and spans across multiple lines).
Note: Definition in "PausableToken": 
   --> contract.sol:345:3:
    |
345 |   function transferFrom(address _from, address _to, uint256 _value) public whenNotPaused returns (bool) {
    |   ^ (Relevant source part starts here and spans across multiple lines).


=== applied patch_override_needed ===
=== iter 4 rc=0 ===
Warning: SPDX license identifier not provided in source file. Before publishing, consider adding a comment containing "SPDX-License-Identifier: <SPDX-License>" to each source file. Use "SPDX-License-Identifier: UNLICENSED" for non-open-source code. Please see https://spdx.org for more information.
--> contract.sol


=== full compile rc=1 ===
Warning: SPDX license identifier not provided in source file. Before publishing, consider adding a comment containing "SPDX-License-Identifier: <SPDX-License>" to each source file. Use "SPDX-License-Identifier: UNLICENSED" for non-open-source code. Please see https://spdx.org for more information.
--> contract.sol

Error: Contract "ERC20Basic" should be marked as abstract.
  --> contract.sol:55:1:
   |
55 | contract ERC20Basic {
   | ^ (Relevant source part starts here and spans across multiple lines).
Note: Missing implementation: 
  --> contract.sol:57:3:
   |
57 |   function balanceOf(address who) public view virtual returns (uint256);
   |   ^^^^^^^^^^^^^^^^^^^^^^^^^^^^^^^^^^^^^^^^^^^^^^^^^^^^^^^^^^^^^^^^^^^^^^
Note: Missing implementation: 
  --> contract.sol:56:3:
   |
56 |   function totalSupply() public view virtual returns (uint256);
   |   ^^^^^^^^^^^^^^^^^^^^^^^^^^^^^^^^^^^^^^^^^^^^^^^^^^^^^^^^^^^^^
Note: Missing implementation: 
  --> contract.sol:58:3:
   |
58 |   function transfer(address to, uint256 value) public virtual returns (bool);
   |   ^^^^^^^^^^^^^^^^^^^^^^^^^^^^^^^^^^^^^^^^^^^^^^^^^^^^^^^^^^^^^^^^^^^^^^^^^^^

Error: Contract "ERC20" should be marked as abstract.
  --> contract.sol:66:1:
   |
66 | contract ERC20 is ERC20Basic {
   | ^ (Relevant source part starts here and spans across multiple lines).
Note: Missing implementation: 
  --> contract.sol:67:3:
   |
67 |   function allowance(address owner, address spender) public view virtual returns (uint256);
   |   ^^^^^^^^^^^^^^^^^^^^^^^^^^^^^^^^^^^^^^^^^^^^^^^^^^^^^^^^^^^^^^^^^^^^^^^^^^^^^^^^^^^^^^^^^
Note: Missing implementation: 
  --> contract.sol:69:3:
   |
69 |   function approve(address spender, uint256 value) public virtual returns (bool);
   |   ^^^^^^^^^^^^^^^^^^^^^^^^^^^^^^^^^^^^^^^^^^^^^^^^^^^^^^^^^^^^^^^^^^^^^^^^^^^^^^^
Note: Missing implementation: 
  --> contract.sol:57:3:
   |
57 |   function balanceOf(address who) public view virtual returns (uint256);
   |   ^^^^^^^^^^^^^^^^^^^^^^^^^^^^^^^^^^^^^^^^^^^^^^^^^^^^^^^^^^^^^^^^^^^^^^
Note: Missing implementation: 
  --> contract.sol:56:3:
   |
56 |   function totalSupply() public view virtual returns (uint256);
   |   ^^^^^^^^^^^^^^^^^^^^^^^^^^^^^^^^^^^^^^^^^^^^^^^^^^^^^^^^^^^^^
Note: Missing implementation: 
  --> contract.sol:58:3:
   |
58 |   function transfer(address to, uint256 value) public virtual returns (bool);
   |   ^^^^^^^^^^^^^^^^^^^^^^^^^^^^^^^^^^^^^^^^^^^^^^^^^^^^^^^^^^^^^^^^^^^^^^^^^^^
Note: Missing implementation: 
  --> contract.sol:68:3:
   |
68 |   function transferFrom(address from, address to, uint256 value) public virtual returns (bool);
   |   ^^^^^^^^^^^^^^^^^^^^^^^^^^^^^^^^^^^^^^^^^^^^^^^^^^^^^^^^^^^^^^^^^^^^^^^^^^^^^^^^^^^^^^^^^^^^^

Error: Overriding function is missing "override" specifier.
   --> contract.sol:341:3:
    |
341 |   function transfer(address _to, uint256 _value) public whenNotPaused returns (bool) {
    |   ^ (Relevant source part starts here and spans across multiple lines).
Note: Overridden function is here:
  --> contract.sol:58:3:
   |
58 |   function transfer(address to, uint256 value) public virtual returns (bool);
   |   ^^^^^^^^^^^^^^^^^^^^^^^^^^^^^^^^^^^^^^^^^^^^^^^^^^^^^^^^^^^^^^^^^^^^^^^^^^^

Error: Overriding function is missing "override" specifier.
   --> contract.sol:341:3:
    |
341 |   function transfer(address _to, uint256 _value) public whenNotPaused returns (bool) {
    |   ^ (Relevant source part starts here and spans across multiple lines).
Note: Overridden function is here:
   --> contract.sol:180:3:
    |
180 |   function transfer(address _to, uint256 _value) public virtual override returns (bool) {
    |   ^ (Relevant source part starts here and spans across multiple lines).

Error: Function needs to specify overridden contracts "BasicToken" and "ERC20Basic".
   --> contract.sol:341:3:
    |
341 |   function transfer(address _to, uint256 _value) public whenNotPaused returns (bool) {
    |   ^ (Relevant source part starts here and spans across multiple lines).
Note: This contract: 
  --> contract.sol:55:1:
   |
55 | contract ERC20Basic {
   | ^ (Relevant source part starts here and spans across multiple lines).
Note: This contract: 
   --> contract.sol:161:1:
    |
161 | contract BasicToken is ERC20Basic {
    | ^ (Relevant source part starts here and spans across multiple lines).

Error: Overriding function is missing "override" specifier.
   --> contract.sol:345:3:
    |
345 |   function transferFrom(address _from, address _to, uint256 _value) public whenNotPaused returns (bool) {
    |   ^ (Relevant source part starts here and spans across multiple lines).
Note: Overridden function is here:
   --> contract.sol:218:3:
    |
218 |   function transferFrom(address _from, address _to, uint256 _value) public virtual override returns (bool) {
    |   ^ (Relevant source part starts here and spans across multiple lines).

Error: Overriding function is missing "override" specifier.
   --> contract.sol:349:3:
    |
349 |   function approve(address _spender, uint256 _value) public whenNotPaused returns (bool) {
    |   ^ (Relevant source part starts here and spans across multiple lines).
Note: Overridden function is here:
   --> contract.sol:240:3:
    |
240 |   function approve(address _spender, uint256 _value) public virtual override returns (bool) {
    |   ^ (Relevant source part starts here and spans across multiple lines).

Error: Overriding function is missing "override" specifier.
   --> contract.sol:353:3:
    |
353 |   function increaseApproval(address _spender, uint _addedValue) public whenNotPaused returns (bool success) {
    |   ^ (Relevant source part starts here and spans across multiple lines).
Note: Overridden function is here:
   --> contract.sol:266:3:
    |
266 |   function increaseApproval(address _spender, uint _addedValue) public returns (bool) {
    |   ^ (Relevant source part starts here and spans across multiple lines).

Error: Trying to override non-virtual function. Did you forget to add "virtual"?
   --> contract.sol:266:3:
    |
266 |   function increaseApproval(address _spender, uint _addedValue) public returns (bool) {
    |   ^ (Relevant source part starts here and spans across multiple lines).
Note: Overriding function is here:
   --> contract.sol:353:3:
    |
353 |   function increaseApproval(address _spender, uint _addedValue) public whenNotPaused returns (bool success) {
    |   ^ (Relevant source part starts here and spans across multiple lines).

Error: Overriding function is missing "override" specifier.
   --> contract.sol:357:3:
    |
357 |   function decreaseApproval(address _spender, uint _subtractedValue) public whenNotPaused returns (bool success) {
    |   ^ (Relevant source part starts here and spans across multiple lines).
Note: Overridden function is here:
   --> contract.sol:282:3:
    |
282 |   function decreaseApproval(address _spender, uint _subtractedValue) public returns (bool) {
    |   ^ (Relevant source part starts here and spans across multiple lines).

Error: Trying to override non-virtual function. Did you forget to add "virtual"?
   --> contract.sol:282:3:
    |
282 |   function decreaseApproval(address _spender, uint _subtractedValue) public returns (bool) {
    |   ^ (Relevant source part starts here and spans across multiple lines).
Note: Overriding function is here:
   --> contract.sol:357:3:
    |
357 |   function decreaseApproval(address _spender, uint _subtractedValue) public whenNotPaused returns (bool success) {
    |   ^ (Relevant source part starts here and spans across multiple lines).

Error: Derived contract must override function "approve". Two or more base classes define function with same name and parameter types.
   --> contract.sol:362:1:
    |
362 | contract MedXToken is PausableToken, MintableToken {
    | ^ (Relevant source part starts here and spans across multiple lines).
Note: Definition in "StandardToken": 
   --> contract.sol:240:3:
    |
240 |   function approve(address _spender, uint256 _value) public virtual override returns (bool) {
    |   ^ (Relevant source part starts here and spans across multiple lines).
Note: Definition in "PausableToken": 
   --> contract.sol:349:3:
    |
349 |   function approve(address _spender, uint256 _value) public whenNotPaused returns (bool) {
    |   ^ (Relevant source part starts here and spans across multiple lines).

Error: Derived contract must override function "decreaseApproval". Two or more base classes define function with same name and parameter types.
   --> contract.sol:362:1:
    |
362 | contract MedXToken is PausableToken, MintableToken {
    | ^ (Relevant source part starts here and spans across multiple lines).
Note: Definition in "StandardToken": 
   --> contract.sol:282:3:
    |
282 |   function decreaseApproval(address _spender, uint _subtractedValue) public returns (bool) {
    |   ^ (Relevant source part starts here and spans across multiple lines).
Note: Definition in "PausableToken": 
   --> contract.sol:357:3:
    |
357 |   function decreaseApproval(address _spender, uint _subtractedValue) public whenNotPaused returns (bool success) {
    |   ^ (Relevant source part starts here and spans across multiple lines).

Error: Derived contract must override function "increaseApproval". Two or more base classes define function with same name and parameter types.
   --> contract.sol:362:1:
    |
362 | contract MedXToken is PausableToken, MintableToken {
    | ^ (Relevant source part starts here and spans across multiple lines).
Note: Definition in "StandardToken": 
   --> contract.sol:266:3:
    |
266 |   function increaseApproval(address _spender, uint _addedValue) public returns (bool) {
    |   ^ (Relevant source part starts here and spans across multiple lines).
Note: Definition in "PausableToken": 
   --> contract.sol:353:3:
    |
353 |   function increaseApproval(address _spender, uint _addedValue) public whenNotPaused returns (bool success) {
    |   ^ (Relevant source part starts here and spans across multiple lines).

Error: Derived contract must override function "transfer". Two or more base classes define function with same name and parameter types.
   --> contract.sol:362:1:
    |
362 | contract MedXToken is PausableToken, MintableToken {
    | ^ (Relevant source part starts here and spans across multiple lines).
Note: Definition in "BasicToken": 
   --> contract.sol:180:3:
    |
180 |   function transfer(address _to, uint256 _value) public virtual override returns (bool) {
    |   ^ (Relevant source part starts here and spans across multiple lines).
Note: Definition in "PausableToken": 
   --> contract.sol:341:3:
    |
341 |   function transfer(address _to, uint256 _value) public whenNotPaused returns (bool) {
    |   ^ (Relevant source part starts here and spans across multiple lines).

Error: Derived contract must override function "transferFrom". Two or more base classes define function with same name and parameter types.
   --> contract.sol:362:1:
    |
362 | contract MedXToken is PausableToken, MintableToken {
    | ^ (Relevant source part starts here and spans across multiple lines).
Note: Definition in "StandardToken": 
   --> contract.sol:218:3:
    |
218 |   function transferFrom(address _from, address _to, uint256 _value) public virtual override returns (bool) {
    |   ^ (Relevant source part starts here and spans across multiple lines).
Note: Definition in "PausableToken": 
   --> contract.sol:345:3:
    |
345 |   function transferFrom(address _from, address _to, uint256 _value) public whenNotPaused returns (bool) {
    |   ^ (Relevant source part starts here and spans across multiple lines).


=== applied patch_mark_abstract ===
=== iter 5 rc=0 ===
Warning: SPDX license identifier not provided in source file. Before publishing, consider adding a comment containing "SPDX-License-Identifier: <SPDX-License>" to each source file. Use "SPDX-License-Identifier: UNLICENSED" for non-open-source code. Please see https://spdx.org for more information.
--> contract.sol


=== full compile rc=1 ===
Warning: SPDX license identifier not provided in source file. Before publishing, consider adding a comment containing "SPDX-License-Identifier: <SPDX-License>" to each source file. Use "SPDX-License-Identifier: UNLICENSED" for non-open-source code. Please see https://spdx.org for more information.
--> contract.sol

Error: Overriding function is missing "override" specifier.
   --> contract.sol:341:3:
    |
341 |   function transfer(address _to, uint256 _value) public whenNotPaused returns (bool) {
    |   ^ (Relevant source part starts here and spans across multiple lines).
Note: Overridden function is here:
  --> contract.sol:58:3:
   |
58 |   function transfer(address to, uint256 value) public virtual returns (bool);
   |   ^^^^^^^^^^^^^^^^^^^^^^^^^^^^^^^^^^^^^^^^^^^^^^^^^^^^^^^^^^^^^^^^^^^^^^^^^^^

Error: Overriding function is missing "override" specifier.
   --> contract.sol:341:3:
    |
341 |   function transfer(address _to, uint256 _value) public whenNotPaused returns (bool) {
    |   ^ (Relevant source part starts here and spans across multiple lines).
Note: Overridden function is here:
   --> contract.sol:180:3:
    |
180 |   function transfer(address _to, uint256 _value) public virtual override returns (bool) {
    |   ^ (Relevant source part starts here and spans across multiple lines).

Error: Function needs to specify overridden contracts "BasicToken" and "ERC20Basic".
   --> contract.sol:341:3:
    |
341 |   function transfer(address _to, uint256 _value) public whenNotPaused returns (bool) {
    |   ^ (Relevant source part starts here and spans across multiple lines).
Note: This contract: 
  --> contract.sol:55:1:
   |
55 | abstract contract ERC20Basic {
   | ^ (Relevant source part starts here and spans across multiple lines).
Note: This contract: 
   --> contract.sol:161:1:
    |
161 | contract BasicToken is ERC20Basic {
    | ^ (Relevant source part starts here and spans across multiple lines).

Error: Overriding function is missing "override" specifier.
   --> contract.sol:345:3:
    |
345 |   function transferFrom(address _from, address _to, uint256 _value) public whenNotPaused returns (bool) {
    |   ^ (Relevant source part starts here and spans across multiple lines).
Note: Overridden function is here:
   --> contract.sol:218:3:
    |
218 |   function transferFrom(address _from, address _to, uint256 _value) public virtual override returns (bool) {
    |   ^ (Relevant source part starts here and spans across multiple lines).

Error: Overriding function is missing "override" specifier.
   --> contract.sol:349:3:
    |
349 |   function approve(address _spender, uint256 _value) public whenNotPaused returns (bool) {
    |   ^ (Relevant source part starts here and spans across multiple lines).
Note: Overridden function is here:
   --> contract.sol:240:3:
    |
240 |   function approve(address _spender, uint256 _value) public virtual override returns (bool) {
    |   ^ (Relevant source part starts here and spans across multiple lines).

Error: Overriding function is missing "override" specifier.
   --> contract.sol:353:3:
    |
353 |   function increaseApproval(address _spender, uint _addedValue) public whenNotPaused returns (bool success) {
    |   ^ (Relevant source part starts here and spans across multiple lines).
Note: Overridden function is here:
   --> contract.sol:266:3:
    |
266 |   function increaseApproval(address _spender, uint _addedValue) public returns (bool) {
    |   ^ (Relevant source part starts here and spans across multiple lines).

Error: Trying to override non-virtual function. Did you forget to add "virtual"?
   --> contract.sol:266:3:
    |
266 |   function increaseApproval(address _spender, uint _addedValue) public returns (bool) {
    |   ^ (Relevant source part starts here and spans across multiple lines).
Note: Overriding function is here:
   --> contract.sol:353:3:
    |
353 |   function increaseApproval(address _spender, uint _addedValue) public whenNotPaused returns (bool success) {
    |   ^ (Relevant source part starts here and spans across multiple lines).

Error: Overriding function is missing "override" specifier.
   --> contract.sol:357:3:
    |
357 |   function decreaseApproval(address _spender, uint _subtractedValue) public whenNotPaused returns (bool success) {
    |   ^ (Relevant source part starts here and spans across multiple lines).
Note: Overridden function is here:
   --> contract.sol:282:3:
    |
282 |   function decreaseApproval(address _spender, uint _subtractedValue) public returns (bool) {
    |   ^ (Relevant source part starts here and spans across multiple lines).

Error: Trying to override non-virtual function. Did you forget to add "virtual"?
   --> contract.sol:282:3:
    |
282 |   function decreaseApproval(address _spender, uint _subtractedValue) public returns (bool) {
    |   ^ (Relevant source part starts here and spans across multiple lines).
Note: Overriding function is here:
   --> contract.sol:357:3:
    |
357 |   function decreaseApproval(address _spender, uint _subtractedValue) public whenNotPaused returns (bool success) {
    |   ^ (Relevant source part starts here and spans across multiple lines).

Error: Derived contract must override function "approve". Two or more base classes define function with same name and parameter types.
   --> contract.sol:362:1:
    |
362 | contract MedXToken is PausableToken, MintableToken {
    | ^ (Relevant source part starts here and spans across multiple lines).
Note: Definition in "StandardToken": 
   --> contract.sol:240:3:
    |
240 |   function approve(address _spender, uint256 _value) public virtual override returns (bool) {
    |   ^ (Relevant source part starts here and spans across multiple lines).
Note: Definition in "PausableToken": 
   --> contract.sol:349:3:
    |
349 |   function approve(address _spender, uint256 _value) public whenNotPaused returns (bool) {
    |   ^ (Relevant source part starts here and spans across multiple lines).

Error: Derived contract must override function "decreaseApproval". Two or more base classes define function with same name and parameter types.
   --> contract.sol:362:1:
    |
362 | contract MedXToken is PausableToken, MintableToken {
    | ^ (Relevant source part starts here and spans across multiple lines).
Note: Definition in "StandardToken": 
   --> contract.sol:282:3:
    |
282 |   function decreaseApproval(address _spender, uint _subtractedValue) public returns (bool) {
    |   ^ (Relevant source part starts here and spans across multiple lines).
Note: Definition in "PausableToken": 
   --> contract.sol:357:3:
    |
357 |   function decreaseApproval(address _spender, uint _subtractedValue) public whenNotPaused returns (bool success) {
    |   ^ (Relevant source part starts here and spans across multiple lines).

Error: Derived contract must override function "increaseApproval". Two or more base classes define function with same name and parameter types.
   --> contract.sol:362:1:
    |
362 | contract MedXToken is PausableToken, MintableToken {
    | ^ (Relevant source part starts here and spans across multiple lines).
Note: Definition in "StandardToken": 
   --> contract.sol:266:3:
    |
266 |   function increaseApproval(address _spender, uint _addedValue) public returns (bool) {
    |   ^ (Relevant source part starts here and spans across multiple lines).
Note: Definition in "PausableToken": 
   --> contract.sol:353:3:
    |
353 |   function increaseApproval(address _spender, uint _addedValue) public whenNotPaused returns (bool success) {
    |   ^ (Relevant source part starts here and spans across multiple lines).

Error: Derived contract must override function "transfer". Two or more base classes define function with same name and parameter types.
   --> contract.sol:362:1:
    |
362 | contract MedXToken is PausableToken, MintableToken {
    | ^ (Relevant source part starts here and spans across multiple lines).
Note: Definition in "BasicToken": 
   --> contract.sol:180:3:
    |
180 |   function transfer(address _to, uint256 _value) public virtual override returns (bool) {
    |   ^ (Relevant source part starts here and spans across multiple lines).
Note: Definition in "PausableToken": 
   --> contract.sol:341:3:
    |
341 |   function transfer(address _to, uint256 _value) public whenNotPaused returns (bool) {
    |   ^ (Relevant source part starts here and spans across multiple lines).

Error: Derived contract must override function "transferFrom". Two or more base classes define function with same name and parameter types.
   --> contract.sol:362:1:
    |
362 | contract MedXToken is PausableToken, MintableToken {
    | ^ (Relevant source part starts here and spans across multiple lines).
Note: Definition in "StandardToken": 
   --> contract.sol:218:3:
    |
218 |   function transferFrom(address _from, address _to, uint256 _value) public virtual override returns (bool) {
    |   ^ (Relevant source part starts here and spans across multiple lines).
Note: Definition in "PausableToken": 
   --> contract.sol:345:3:
    |
345 |   function transferFrom(address _from, address _to, uint256 _value) public whenNotPaused returns (bool) {
    |   ^ (Relevant source part starts here and spans across multiple lines).


=== no rule matched ===
